✅ Commit on Sat Jul 12 06:15:02 UTC 2025
✅ Commit on Sun Jul 13 02:29:02 UTC 2025
✅ Commit 1 on Sun Jul 13 06:30:57 UTC 2025
✅ Commit 2 on Sun Jul 13 06:30:57 UTC 2025
✅ Commit 3 on Sun Jul 13 06:30:57 UTC 2025
✅ Commit 4 on Sun Jul 13 06:30:57 UTC 2025
✅ Commit 5 on Sun Jul 13 06:30:57 UTC 2025
✅ Commit 6 on Sun Jul 13 06:30:57 UTC 2025
✅ Commit 7 on Sun Jul 13 06:30:57 UTC 2025
✅ Commit 8 on Sun Jul 13 06:30:57 UTC 2025
✅ Commit 9 on Sun Jul 13 06:30:57 UTC 2025
✅ Commit 10 on Sun Jul 13 06:30:57 UTC 2025
✅ Commit 11 on Sun Jul 13 06:30:57 UTC 2025
✅ Commit 12 on Sun Jul 13 06:30:57 UTC 2025
✅ Commit 1 on Sun Jul 13 12:50:03 UTC 2025
✅ Commit 2 on Sun Jul 13 12:50:03 UTC 2025
✅ Commit 3 on Sun Jul 13 12:50:03 UTC 2025
✅ Commit 4 on Sun Jul 13 12:50:03 UTC 2025
✅ Commit 5 on Sun Jul 13 12:50:03 UTC 2025
✅ Commit 6 on Sun Jul 13 12:50:03 UTC 2025
✅ Commit 7 on Sun Jul 13 12:50:03 UTC 2025
✅ Commit 8 on Sun Jul 13 12:50:03 UTC 2025
✅ Commit 9 on Sun Jul 13 12:50:03 UTC 2025
✅ Commit 10 on Sun Jul 13 12:50:03 UTC 2025
✅ Commit 11 on Sun Jul 13 12:50:03 UTC 2025
✅ Commit 12 on Sun Jul 13 12:50:03 UTC 2025
✅ Commit 1 on Sun Jul 13 18:11:55 UTC 2025
✅ Commit 2 on Sun Jul 13 18:11:55 UTC 2025
✅ Commit 3 on Sun Jul 13 18:11:55 UTC 2025
✅ Commit 4 on Sun Jul 13 18:11:55 UTC 2025
✅ Commit 5 on Sun Jul 13 18:11:55 UTC 2025
✅ Commit 6 on Sun Jul 13 18:11:55 UTC 2025
✅ Commit 7 on Sun Jul 13 18:11:55 UTC 2025
✅ Commit 8 on Sun Jul 13 18:11:55 UTC 2025
✅ Commit 9 on Sun Jul 13 18:11:55 UTC 2025
✅ Commit 10 on Sun Jul 13 18:11:55 UTC 2025
✅ Commit 11 on Sun Jul 13 18:11:55 UTC 2025
✅ Commit 12 on Sun Jul 13 18:11:55 UTC 2025
✅ Commit 1 on Mon Jul 14 02:24:22 UTC 2025
✅ Commit 2 on Mon Jul 14 02:24:22 UTC 2025
✅ Commit 3 on Mon Jul 14 02:24:22 UTC 2025
✅ Commit 4 on Mon Jul 14 02:24:22 UTC 2025
✅ Commit 5 on Mon Jul 14 02:24:22 UTC 2025
✅ Commit 6 on Mon Jul 14 02:24:22 UTC 2025
✅ Commit 7 on Mon Jul 14 02:24:22 UTC 2025
✅ Commit 8 on Mon Jul 14 02:24:22 UTC 2025
✅ Commit 9 on Mon Jul 14 02:24:22 UTC 2025
✅ Commit 10 on Mon Jul 14 02:24:22 UTC 2025
✅ Commit 11 on Mon Jul 14 02:24:22 UTC 2025
✅ Commit 12 on Mon Jul 14 02:24:22 UTC 2025
✅ Commit 1 on Mon Jul 14 06:34:57 UTC 2025
✅ Commit 2 on Mon Jul 14 06:34:57 UTC 2025
✅ Commit 3 on Mon Jul 14 06:34:57 UTC 2025
✅ Commit 4 on Mon Jul 14 06:34:57 UTC 2025
✅ Commit 5 on Mon Jul 14 06:34:57 UTC 2025
✅ Commit 6 on Mon Jul 14 06:34:57 UTC 2025
✅ Commit 7 on Mon Jul 14 06:34:57 UTC 2025
✅ Commit 8 on Mon Jul 14 06:34:57 UTC 2025
✅ Commit 9 on Mon Jul 14 06:34:57 UTC 2025
✅ Commit 10 on Mon Jul 14 06:34:57 UTC 2025
✅ Commit 11 on Mon Jul 14 06:34:57 UTC 2025
✅ Commit 12 on Mon Jul 14 06:34:57 UTC 2025
✅ Commit 1 on Mon Jul 14 12:55:12 UTC 2025
✅ Commit 2 on Mon Jul 14 12:55:12 UTC 2025
✅ Commit 3 on Mon Jul 14 12:55:12 UTC 2025
✅ Commit 4 on Mon Jul 14 12:55:12 UTC 2025
✅ Commit 5 on Mon Jul 14 12:55:12 UTC 2025
✅ Commit 6 on Mon Jul 14 12:55:12 UTC 2025
✅ Commit 7 on Mon Jul 14 12:55:12 UTC 2025
✅ Commit 8 on Mon Jul 14 12:55:12 UTC 2025
✅ Commit 9 on Mon Jul 14 12:55:12 UTC 2025
✅ Commit 10 on Mon Jul 14 12:55:12 UTC 2025
✅ Commit 11 on Mon Jul 14 12:55:12 UTC 2025
✅ Commit 12 on Mon Jul 14 12:55:12 UTC 2025
✅ Commit 1 on Mon Jul 14 18:14:47 UTC 2025
✅ Commit 2 on Mon Jul 14 18:14:47 UTC 2025
✅ Commit 3 on Mon Jul 14 18:14:47 UTC 2025
✅ Commit 4 on Mon Jul 14 18:14:47 UTC 2025
✅ Commit 5 on Mon Jul 14 18:14:47 UTC 2025
✅ Commit 6 on Mon Jul 14 18:14:47 UTC 2025
✅ Commit 7 on Mon Jul 14 18:14:47 UTC 2025
✅ Commit 8 on Mon Jul 14 18:14:47 UTC 2025
✅ Commit 9 on Mon Jul 14 18:14:47 UTC 2025
✅ Commit 10 on Mon Jul 14 18:14:47 UTC 2025
✅ Commit 11 on Mon Jul 14 18:14:47 UTC 2025
✅ Commit 12 on Mon Jul 14 18:14:47 UTC 2025
✅ Commit 1 on Tue Jul 15 02:23:51 UTC 2025
✅ Commit 2 on Tue Jul 15 02:23:51 UTC 2025
✅ Commit 3 on Tue Jul 15 02:23:51 UTC 2025
✅ Commit 4 on Tue Jul 15 02:23:51 UTC 2025
✅ Commit 5 on Tue Jul 15 02:23:51 UTC 2025
✅ Commit 6 on Tue Jul 15 02:23:51 UTC 2025
✅ Commit 7 on Tue Jul 15 02:23:51 UTC 2025
✅ Commit 8 on Tue Jul 15 02:23:51 UTC 2025
✅ Commit 9 on Tue Jul 15 02:23:51 UTC 2025
✅ Commit 10 on Tue Jul 15 02:23:51 UTC 2025
✅ Commit 11 on Tue Jul 15 02:23:51 UTC 2025
✅ Commit 12 on Tue Jul 15 02:23:51 UTC 2025
✅ Commit 1 on Tue Jul 15 06:34:22 UTC 2025
✅ Commit 2 on Tue Jul 15 06:34:22 UTC 2025
✅ Commit 3 on Tue Jul 15 06:34:22 UTC 2025
✅ Commit 4 on Tue Jul 15 06:34:22 UTC 2025
✅ Commit 5 on Tue Jul 15 06:34:22 UTC 2025
✅ Commit 6 on Tue Jul 15 06:34:22 UTC 2025
✅ Commit 7 on Tue Jul 15 06:34:22 UTC 2025
✅ Commit 8 on Tue Jul 15 06:34:22 UTC 2025
✅ Commit 9 on Tue Jul 15 06:34:22 UTC 2025
✅ Commit 10 on Tue Jul 15 06:34:22 UTC 2025
✅ Commit 11 on Tue Jul 15 06:34:22 UTC 2025
✅ Commit 12 on Tue Jul 15 06:34:22 UTC 2025
✅ Commit 1 on Tue Jul 15 12:55:43 UTC 2025
✅ Commit 2 on Tue Jul 15 12:55:43 UTC 2025
✅ Commit 3 on Tue Jul 15 12:55:43 UTC 2025
✅ Commit 4 on Tue Jul 15 12:55:43 UTC 2025
✅ Commit 5 on Tue Jul 15 12:55:43 UTC 2025
✅ Commit 6 on Tue Jul 15 12:55:43 UTC 2025
✅ Commit 7 on Tue Jul 15 12:55:43 UTC 2025
✅ Commit 8 on Tue Jul 15 12:55:43 UTC 2025
✅ Commit 9 on Tue Jul 15 12:55:43 UTC 2025
✅ Commit 10 on Tue Jul 15 12:55:43 UTC 2025
✅ Commit 11 on Tue Jul 15 12:55:43 UTC 2025
✅ Commit 12 on Tue Jul 15 12:55:43 UTC 2025
✅ Commit 1 on Tue Jul 15 18:14:36 UTC 2025
✅ Commit 2 on Tue Jul 15 18:14:36 UTC 2025
✅ Commit 3 on Tue Jul 15 18:14:36 UTC 2025
✅ Commit 4 on Tue Jul 15 18:14:36 UTC 2025
✅ Commit 5 on Tue Jul 15 18:14:36 UTC 2025
✅ Commit 6 on Tue Jul 15 18:14:36 UTC 2025
✅ Commit 7 on Tue Jul 15 18:14:36 UTC 2025
✅ Commit 8 on Tue Jul 15 18:14:36 UTC 2025
✅ Commit 9 on Tue Jul 15 18:14:36 UTC 2025
✅ Commit 10 on Tue Jul 15 18:14:36 UTC 2025
✅ Commit 11 on Tue Jul 15 18:14:36 UTC 2025
✅ Commit 12 on Tue Jul 15 18:14:36 UTC 2025
✅ Commit 1 on Wed Jul 16 02:20:47 UTC 2025
✅ Commit 2 on Wed Jul 16 02:20:47 UTC 2025
✅ Commit 3 on Wed Jul 16 02:20:47 UTC 2025
✅ Commit 4 on Wed Jul 16 02:20:47 UTC 2025
✅ Commit 5 on Wed Jul 16 02:20:47 UTC 2025
✅ Commit 6 on Wed Jul 16 02:20:47 UTC 2025
✅ Commit 7 on Wed Jul 16 02:20:47 UTC 2025
✅ Commit 8 on Wed Jul 16 02:20:47 UTC 2025
✅ Commit 9 on Wed Jul 16 02:20:47 UTC 2025
✅ Commit 10 on Wed Jul 16 02:20:47 UTC 2025
✅ Commit 11 on Wed Jul 16 02:20:47 UTC 2025
✅ Commit 12 on Wed Jul 16 02:20:47 UTC 2025
✅ Commit 1 on Wed Jul 16 06:33:49 UTC 2025
✅ Commit 2 on Wed Jul 16 06:33:49 UTC 2025
✅ Commit 3 on Wed Jul 16 06:33:49 UTC 2025
✅ Commit 4 on Wed Jul 16 06:33:49 UTC 2025
✅ Commit 5 on Wed Jul 16 06:33:49 UTC 2025
✅ Commit 6 on Wed Jul 16 06:33:49 UTC 2025
✅ Commit 7 on Wed Jul 16 06:33:49 UTC 2025
✅ Commit 8 on Wed Jul 16 06:33:49 UTC 2025
✅ Commit 9 on Wed Jul 16 06:33:49 UTC 2025
✅ Commit 10 on Wed Jul 16 06:33:49 UTC 2025
✅ Commit 11 on Wed Jul 16 06:33:49 UTC 2025
✅ Commit 12 on Wed Jul 16 06:33:49 UTC 2025
✅ Commit 1 on Wed Jul 16 12:56:23 UTC 2025
✅ Commit 2 on Wed Jul 16 12:56:24 UTC 2025
✅ Commit 3 on Wed Jul 16 12:56:24 UTC 2025
✅ Commit 4 on Wed Jul 16 12:56:24 UTC 2025
✅ Commit 5 on Wed Jul 16 12:56:24 UTC 2025
✅ Commit 6 on Wed Jul 16 12:56:24 UTC 2025
✅ Commit 7 on Wed Jul 16 12:56:24 UTC 2025
✅ Commit 8 on Wed Jul 16 12:56:24 UTC 2025
✅ Commit 9 on Wed Jul 16 12:56:24 UTC 2025
✅ Commit 10 on Wed Jul 16 12:56:24 UTC 2025
✅ Commit 11 on Wed Jul 16 12:56:24 UTC 2025
✅ Commit 12 on Wed Jul 16 12:56:24 UTC 2025
✅ Commit 1 on Wed Jul 16 18:14:09 UTC 2025
✅ Commit 2 on Wed Jul 16 18:14:09 UTC 2025
✅ Commit 3 on Wed Jul 16 18:14:09 UTC 2025
✅ Commit 4 on Wed Jul 16 18:14:09 UTC 2025
✅ Commit 5 on Wed Jul 16 18:14:09 UTC 2025
✅ Commit 6 on Wed Jul 16 18:14:09 UTC 2025
✅ Commit 7 on Wed Jul 16 18:14:09 UTC 2025
✅ Commit 8 on Wed Jul 16 18:14:09 UTC 2025
✅ Commit 9 on Wed Jul 16 18:14:09 UTC 2025
✅ Commit 10 on Wed Jul 16 18:14:09 UTC 2025
✅ Commit 11 on Wed Jul 16 18:14:09 UTC 2025
✅ Commit 12 on Wed Jul 16 18:14:09 UTC 2025
✅ Commit 1 on Thu Jul 17 02:21:18 UTC 2025
✅ Commit 2 on Thu Jul 17 02:21:18 UTC 2025
✅ Commit 3 on Thu Jul 17 02:21:18 UTC 2025
✅ Commit 4 on Thu Jul 17 02:21:18 UTC 2025
✅ Commit 5 on Thu Jul 17 02:21:18 UTC 2025
✅ Commit 6 on Thu Jul 17 02:21:18 UTC 2025
✅ Commit 7 on Thu Jul 17 02:21:18 UTC 2025
✅ Commit 8 on Thu Jul 17 02:21:18 UTC 2025
✅ Commit 9 on Thu Jul 17 02:21:18 UTC 2025
✅ Commit 10 on Thu Jul 17 02:21:18 UTC 2025
✅ Commit 11 on Thu Jul 17 02:21:18 UTC 2025
✅ Commit 12 on Thu Jul 17 02:21:18 UTC 2025
✅ Commit 1 on Thu Jul 17 06:33:30 UTC 2025
✅ Commit 2 on Thu Jul 17 06:33:30 UTC 2025
✅ Commit 3 on Thu Jul 17 06:33:30 UTC 2025
✅ Commit 4 on Thu Jul 17 06:33:30 UTC 2025
✅ Commit 5 on Thu Jul 17 06:33:30 UTC 2025
✅ Commit 6 on Thu Jul 17 06:33:30 UTC 2025
✅ Commit 7 on Thu Jul 17 06:33:30 UTC 2025
✅ Commit 8 on Thu Jul 17 06:33:30 UTC 2025
✅ Commit 9 on Thu Jul 17 06:33:30 UTC 2025
✅ Commit 10 on Thu Jul 17 06:33:30 UTC 2025
✅ Commit 11 on Thu Jul 17 06:33:30 UTC 2025
✅ Commit 12 on Thu Jul 17 06:33:30 UTC 2025
✅ Commit 1 on Thu Jul 17 12:55:27 UTC 2025
✅ Commit 2 on Thu Jul 17 12:55:27 UTC 2025
✅ Commit 3 on Thu Jul 17 12:55:27 UTC 2025
✅ Commit 4 on Thu Jul 17 12:55:27 UTC 2025
✅ Commit 5 on Thu Jul 17 12:55:27 UTC 2025
✅ Commit 6 on Thu Jul 17 12:55:27 UTC 2025
✅ Commit 7 on Thu Jul 17 12:55:27 UTC 2025
✅ Commit 8 on Thu Jul 17 12:55:27 UTC 2025
✅ Commit 9 on Thu Jul 17 12:55:27 UTC 2025
✅ Commit 10 on Thu Jul 17 12:55:27 UTC 2025
✅ Commit 11 on Thu Jul 17 12:55:27 UTC 2025
✅ Commit 12 on Thu Jul 17 12:55:27 UTC 2025
✅ Commit 1 on Thu Jul 17 18:14:26 UTC 2025
✅ Commit 2 on Thu Jul 17 18:14:26 UTC 2025
✅ Commit 3 on Thu Jul 17 18:14:26 UTC 2025
✅ Commit 4 on Thu Jul 17 18:14:26 UTC 2025
✅ Commit 5 on Thu Jul 17 18:14:26 UTC 2025
✅ Commit 6 on Thu Jul 17 18:14:26 UTC 2025
✅ Commit 7 on Thu Jul 17 18:14:26 UTC 2025
✅ Commit 8 on Thu Jul 17 18:14:26 UTC 2025
✅ Commit 9 on Thu Jul 17 18:14:26 UTC 2025
✅ Commit 10 on Thu Jul 17 18:14:26 UTC 2025
✅ Commit 11 on Thu Jul 17 18:14:26 UTC 2025
✅ Commit 12 on Thu Jul 17 18:14:26 UTC 2025
✅ Commit 1 on Fri Jul 18 02:22:47 UTC 2025
✅ Commit 2 on Fri Jul 18 02:22:47 UTC 2025
✅ Commit 3 on Fri Jul 18 02:22:47 UTC 2025
✅ Commit 4 on Fri Jul 18 02:22:47 UTC 2025
✅ Commit 5 on Fri Jul 18 02:22:47 UTC 2025
✅ Commit 6 on Fri Jul 18 02:22:47 UTC 2025
✅ Commit 7 on Fri Jul 18 02:22:47 UTC 2025
✅ Commit 8 on Fri Jul 18 02:22:47 UTC 2025
✅ Commit 9 on Fri Jul 18 02:22:47 UTC 2025
✅ Commit 10 on Fri Jul 18 02:22:47 UTC 2025
✅ Commit 11 on Fri Jul 18 02:22:47 UTC 2025
✅ Commit 12 on Fri Jul 18 02:22:47 UTC 2025
✅ Commit 1 on Fri Jul 18 06:33:29 UTC 2025
✅ Commit 2 on Fri Jul 18 06:33:29 UTC 2025
✅ Commit 3 on Fri Jul 18 06:33:29 UTC 2025
✅ Commit 4 on Fri Jul 18 06:33:29 UTC 2025
✅ Commit 5 on Fri Jul 18 06:33:29 UTC 2025
✅ Commit 6 on Fri Jul 18 06:33:29 UTC 2025
✅ Commit 7 on Fri Jul 18 06:33:29 UTC 2025
✅ Commit 8 on Fri Jul 18 06:33:29 UTC 2025
✅ Commit 9 on Fri Jul 18 06:33:29 UTC 2025
✅ Commit 10 on Fri Jul 18 06:33:29 UTC 2025
✅ Commit 11 on Fri Jul 18 06:33:29 UTC 2025
✅ Commit 12 on Fri Jul 18 06:33:29 UTC 2025
✅ Commit 1 on Fri Jul 18 12:56:33 UTC 2025
✅ Commit 2 on Fri Jul 18 12:56:33 UTC 2025
✅ Commit 3 on Fri Jul 18 12:56:33 UTC 2025
✅ Commit 4 on Fri Jul 18 12:56:33 UTC 2025
✅ Commit 5 on Fri Jul 18 12:56:33 UTC 2025
✅ Commit 6 on Fri Jul 18 12:56:33 UTC 2025
✅ Commit 7 on Fri Jul 18 12:56:33 UTC 2025
✅ Commit 8 on Fri Jul 18 12:56:33 UTC 2025
✅ Commit 9 on Fri Jul 18 12:56:33 UTC 2025
✅ Commit 10 on Fri Jul 18 12:56:33 UTC 2025
✅ Commit 11 on Fri Jul 18 12:56:33 UTC 2025
✅ Commit 12 on Fri Jul 18 12:56:33 UTC 2025
✅ Commit 1 on Fri Jul 18 18:13:49 UTC 2025
✅ Commit 2 on Fri Jul 18 18:13:49 UTC 2025
✅ Commit 3 on Fri Jul 18 18:13:49 UTC 2025
✅ Commit 4 on Fri Jul 18 18:13:49 UTC 2025
✅ Commit 5 on Fri Jul 18 18:13:49 UTC 2025
✅ Commit 6 on Fri Jul 18 18:13:49 UTC 2025
✅ Commit 7 on Fri Jul 18 18:13:49 UTC 2025
✅ Commit 8 on Fri Jul 18 18:13:49 UTC 2025
✅ Commit 9 on Fri Jul 18 18:13:49 UTC 2025
✅ Commit 10 on Fri Jul 18 18:13:49 UTC 2025
✅ Commit 11 on Fri Jul 18 18:13:49 UTC 2025
✅ Commit 12 on Fri Jul 18 18:13:49 UTC 2025
✅ Commit 1 on Sat Jul 19 02:10:47 UTC 2025
✅ Commit 2 on Sat Jul 19 02:10:47 UTC 2025
✅ Commit 3 on Sat Jul 19 02:10:47 UTC 2025
✅ Commit 4 on Sat Jul 19 02:10:47 UTC 2025
✅ Commit 5 on Sat Jul 19 02:10:47 UTC 2025
✅ Commit 6 on Sat Jul 19 02:10:47 UTC 2025
✅ Commit 7 on Sat Jul 19 02:10:47 UTC 2025
✅ Commit 8 on Sat Jul 19 02:10:47 UTC 2025
✅ Commit 9 on Sat Jul 19 02:10:47 UTC 2025
✅ Commit 10 on Sat Jul 19 02:10:47 UTC 2025
✅ Commit 11 on Sat Jul 19 02:10:47 UTC 2025
✅ Commit 12 on Sat Jul 19 02:10:47 UTC 2025
✅ Commit 1 on Sat Jul 19 06:30:59 UTC 2025
✅ Commit 2 on Sat Jul 19 06:30:59 UTC 2025
✅ Commit 3 on Sat Jul 19 06:30:59 UTC 2025
✅ Commit 4 on Sat Jul 19 06:30:59 UTC 2025
✅ Commit 5 on Sat Jul 19 06:30:59 UTC 2025
✅ Commit 6 on Sat Jul 19 06:30:59 UTC 2025
✅ Commit 7 on Sat Jul 19 06:30:59 UTC 2025
✅ Commit 8 on Sat Jul 19 06:30:59 UTC 2025
✅ Commit 9 on Sat Jul 19 06:30:59 UTC 2025
✅ Commit 10 on Sat Jul 19 06:30:59 UTC 2025
✅ Commit 11 on Sat Jul 19 06:30:59 UTC 2025
✅ Commit 12 on Sat Jul 19 06:30:59 UTC 2025
✅ Commit 1 on Sat Jul 19 12:51:03 UTC 2025
✅ Commit 2 on Sat Jul 19 12:51:03 UTC 2025
✅ Commit 3 on Sat Jul 19 12:51:03 UTC 2025
✅ Commit 4 on Sat Jul 19 12:51:03 UTC 2025
✅ Commit 5 on Sat Jul 19 12:51:03 UTC 2025
✅ Commit 6 on Sat Jul 19 12:51:03 UTC 2025
✅ Commit 7 on Sat Jul 19 12:51:03 UTC 2025
✅ Commit 8 on Sat Jul 19 12:51:03 UTC 2025
✅ Commit 9 on Sat Jul 19 12:51:03 UTC 2025
✅ Commit 10 on Sat Jul 19 12:51:03 UTC 2025
✅ Commit 11 on Sat Jul 19 12:51:03 UTC 2025
✅ Commit 12 on Sat Jul 19 12:51:03 UTC 2025
✅ Commit 1 on Sat Jul 19 18:12:44 UTC 2025
✅ Commit 2 on Sat Jul 19 18:12:44 UTC 2025
✅ Commit 3 on Sat Jul 19 18:12:45 UTC 2025
✅ Commit 4 on Sat Jul 19 18:12:45 UTC 2025
✅ Commit 5 on Sat Jul 19 18:12:45 UTC 2025
✅ Commit 6 on Sat Jul 19 18:12:45 UTC 2025
✅ Commit 7 on Sat Jul 19 18:12:45 UTC 2025
✅ Commit 8 on Sat Jul 19 18:12:45 UTC 2025
✅ Commit 9 on Sat Jul 19 18:12:45 UTC 2025
✅ Commit 10 on Sat Jul 19 18:12:45 UTC 2025
✅ Commit 11 on Sat Jul 19 18:12:45 UTC 2025
✅ Commit 12 on Sat Jul 19 18:12:45 UTC 2025
✅ Commit 1 on Sun Jul 20 02:31:35 UTC 2025
✅ Commit 2 on Sun Jul 20 02:31:35 UTC 2025
✅ Commit 3 on Sun Jul 20 02:31:35 UTC 2025
✅ Commit 4 on Sun Jul 20 02:31:35 UTC 2025
✅ Commit 5 on Sun Jul 20 02:31:35 UTC 2025
✅ Commit 6 on Sun Jul 20 02:31:35 UTC 2025
✅ Commit 7 on Sun Jul 20 02:31:35 UTC 2025
✅ Commit 8 on Sun Jul 20 02:31:35 UTC 2025
✅ Commit 9 on Sun Jul 20 02:31:35 UTC 2025
✅ Commit 10 on Sun Jul 20 02:31:35 UTC 2025
✅ Commit 11 on Sun Jul 20 02:31:35 UTC 2025
✅ Commit 12 on Sun Jul 20 02:31:35 UTC 2025
✅ Commit 1 on Sun Jul 20 06:30:50 UTC 2025
✅ Commit 2 on Sun Jul 20 06:30:50 UTC 2025
✅ Commit 3 on Sun Jul 20 06:30:50 UTC 2025
✅ Commit 4 on Sun Jul 20 06:30:50 UTC 2025
✅ Commit 5 on Sun Jul 20 06:30:50 UTC 2025
✅ Commit 6 on Sun Jul 20 06:30:50 UTC 2025
✅ Commit 7 on Sun Jul 20 06:30:50 UTC 2025
✅ Commit 8 on Sun Jul 20 06:30:50 UTC 2025
✅ Commit 9 on Sun Jul 20 06:30:50 UTC 2025
✅ Commit 10 on Sun Jul 20 06:30:50 UTC 2025
✅ Commit 11 on Sun Jul 20 06:30:50 UTC 2025
✅ Commit 12 on Sun Jul 20 06:30:50 UTC 2025
✅ Commit 1 on Sun Jul 20 12:51:34 UTC 2025
✅ Commit 2 on Sun Jul 20 12:51:34 UTC 2025
✅ Commit 3 on Sun Jul 20 12:51:34 UTC 2025
✅ Commit 4 on Sun Jul 20 12:51:34 UTC 2025
✅ Commit 5 on Sun Jul 20 12:51:34 UTC 2025
✅ Commit 6 on Sun Jul 20 12:51:34 UTC 2025
✅ Commit 7 on Sun Jul 20 12:51:34 UTC 2025
✅ Commit 8 on Sun Jul 20 12:51:34 UTC 2025
✅ Commit 9 on Sun Jul 20 12:51:34 UTC 2025
✅ Commit 10 on Sun Jul 20 12:51:34 UTC 2025
✅ Commit 11 on Sun Jul 20 12:51:34 UTC 2025
✅ Commit 12 on Sun Jul 20 12:51:34 UTC 2025
✅ Commit 1 on Sun Jul 20 18:12:42 UTC 2025
✅ Commit 2 on Sun Jul 20 18:12:42 UTC 2025
✅ Commit 3 on Sun Jul 20 18:12:42 UTC 2025
✅ Commit 4 on Sun Jul 20 18:12:42 UTC 2025
✅ Commit 5 on Sun Jul 20 18:12:42 UTC 2025
✅ Commit 6 on Sun Jul 20 18:12:42 UTC 2025
✅ Commit 7 on Sun Jul 20 18:12:42 UTC 2025
✅ Commit 8 on Sun Jul 20 18:12:42 UTC 2025
✅ Commit 9 on Sun Jul 20 18:12:42 UTC 2025
✅ Commit 10 on Sun Jul 20 18:12:42 UTC 2025
✅ Commit 11 on Sun Jul 20 18:12:42 UTC 2025
✅ Commit 12 on Sun Jul 20 18:12:42 UTC 2025
✅ Commit 1 on Mon Jul 21 02:28:05 UTC 2025
✅ Commit 2 on Mon Jul 21 02:28:05 UTC 2025
✅ Commit 3 on Mon Jul 21 02:28:05 UTC 2025
✅ Commit 4 on Mon Jul 21 02:28:05 UTC 2025
✅ Commit 5 on Mon Jul 21 02:28:05 UTC 2025
✅ Commit 6 on Mon Jul 21 02:28:05 UTC 2025
✅ Commit 7 on Mon Jul 21 02:28:05 UTC 2025
✅ Commit 8 on Mon Jul 21 02:28:05 UTC 2025
✅ Commit 9 on Mon Jul 21 02:28:05 UTC 2025
✅ Commit 10 on Mon Jul 21 02:28:05 UTC 2025
✅ Commit 11 on Mon Jul 21 02:28:05 UTC 2025
✅ Commit 12 on Mon Jul 21 02:28:05 UTC 2025
✅ Commit 1 on Mon Jul 21 06:34:23 UTC 2025
✅ Commit 2 on Mon Jul 21 06:34:23 UTC 2025
✅ Commit 3 on Mon Jul 21 06:34:23 UTC 2025
✅ Commit 4 on Mon Jul 21 06:34:23 UTC 2025
✅ Commit 5 on Mon Jul 21 06:34:23 UTC 2025
✅ Commit 6 on Mon Jul 21 06:34:23 UTC 2025
✅ Commit 7 on Mon Jul 21 06:34:23 UTC 2025
✅ Commit 8 on Mon Jul 21 06:34:23 UTC 2025
✅ Commit 9 on Mon Jul 21 06:34:23 UTC 2025
✅ Commit 10 on Mon Jul 21 06:34:23 UTC 2025
✅ Commit 11 on Mon Jul 21 06:34:23 UTC 2025
✅ Commit 12 on Mon Jul 21 06:34:23 UTC 2025
✅ Commit 1 on Mon Jul 21 12:57:02 UTC 2025
✅ Commit 2 on Mon Jul 21 12:57:02 UTC 2025
✅ Commit 3 on Mon Jul 21 12:57:02 UTC 2025
✅ Commit 4 on Mon Jul 21 12:57:02 UTC 2025
✅ Commit 5 on Mon Jul 21 12:57:02 UTC 2025
✅ Commit 6 on Mon Jul 21 12:57:02 UTC 2025
✅ Commit 7 on Mon Jul 21 12:57:02 UTC 2025
✅ Commit 8 on Mon Jul 21 12:57:02 UTC 2025
✅ Commit 9 on Mon Jul 21 12:57:02 UTC 2025
✅ Commit 10 on Mon Jul 21 12:57:02 UTC 2025
✅ Commit 11 on Mon Jul 21 12:57:02 UTC 2025
✅ Commit 12 on Mon Jul 21 12:57:02 UTC 2025
✅ Commit 1 on Mon Jul 21 18:14:37 UTC 2025
✅ Commit 2 on Mon Jul 21 18:14:37 UTC 2025
✅ Commit 3 on Mon Jul 21 18:14:37 UTC 2025
✅ Commit 4 on Mon Jul 21 18:14:37 UTC 2025
✅ Commit 5 on Mon Jul 21 18:14:37 UTC 2025
✅ Commit 6 on Mon Jul 21 18:14:37 UTC 2025
✅ Commit 7 on Mon Jul 21 18:14:37 UTC 2025
✅ Commit 8 on Mon Jul 21 18:14:37 UTC 2025
✅ Commit 9 on Mon Jul 21 18:14:37 UTC 2025
✅ Commit 10 on Mon Jul 21 18:14:37 UTC 2025
✅ Commit 11 on Mon Jul 21 18:14:38 UTC 2025
✅ Commit 12 on Mon Jul 21 18:14:38 UTC 2025
✅ Commit 1 on Tue Jul 22 02:22:05 UTC 2025
✅ Commit 2 on Tue Jul 22 02:22:05 UTC 2025
✅ Commit 3 on Tue Jul 22 02:22:05 UTC 2025
✅ Commit 4 on Tue Jul 22 02:22:05 UTC 2025
✅ Commit 5 on Tue Jul 22 02:22:05 UTC 2025
✅ Commit 6 on Tue Jul 22 02:22:05 UTC 2025
✅ Commit 7 on Tue Jul 22 02:22:05 UTC 2025
✅ Commit 8 on Tue Jul 22 02:22:05 UTC 2025
✅ Commit 9 on Tue Jul 22 02:22:05 UTC 2025
✅ Commit 10 on Tue Jul 22 02:22:05 UTC 2025
✅ Commit 11 on Tue Jul 22 02:22:05 UTC 2025
✅ Commit 12 on Tue Jul 22 02:22:05 UTC 2025
✅ Commit 1 on Tue Jul 22 06:34:04 UTC 2025
✅ Commit 2 on Tue Jul 22 06:34:04 UTC 2025
✅ Commit 3 on Tue Jul 22 06:34:04 UTC 2025
✅ Commit 4 on Tue Jul 22 06:34:04 UTC 2025
✅ Commit 5 on Tue Jul 22 06:34:04 UTC 2025
✅ Commit 6 on Tue Jul 22 06:34:04 UTC 2025
✅ Commit 7 on Tue Jul 22 06:34:04 UTC 2025
✅ Commit 8 on Tue Jul 22 06:34:04 UTC 2025
✅ Commit 9 on Tue Jul 22 06:34:04 UTC 2025
✅ Commit 10 on Tue Jul 22 06:34:04 UTC 2025
✅ Commit 11 on Tue Jul 22 06:34:04 UTC 2025
✅ Commit 12 on Tue Jul 22 06:34:04 UTC 2025
✅ Commit 1 on Tue Jul 22 12:57:07 UTC 2025
✅ Commit 2 on Tue Jul 22 12:57:07 UTC 2025
✅ Commit 3 on Tue Jul 22 12:57:07 UTC 2025
✅ Commit 4 on Tue Jul 22 12:57:07 UTC 2025
✅ Commit 5 on Tue Jul 22 12:57:07 UTC 2025
✅ Commit 6 on Tue Jul 22 12:57:07 UTC 2025
✅ Commit 7 on Tue Jul 22 12:57:07 UTC 2025
✅ Commit 8 on Tue Jul 22 12:57:07 UTC 2025
✅ Commit 9 on Tue Jul 22 12:57:07 UTC 2025
✅ Commit 10 on Tue Jul 22 12:57:07 UTC 2025
✅ Commit 11 on Tue Jul 22 12:57:07 UTC 2025
✅ Commit 12 on Tue Jul 22 12:57:07 UTC 2025
✅ Commit 1 on Tue Jul 22 18:14:26 UTC 2025
✅ Commit 2 on Tue Jul 22 18:14:26 UTC 2025
✅ Commit 3 on Tue Jul 22 18:14:26 UTC 2025
✅ Commit 4 on Tue Jul 22 18:14:26 UTC 2025
✅ Commit 5 on Tue Jul 22 18:14:26 UTC 2025
✅ Commit 6 on Tue Jul 22 18:14:26 UTC 2025
✅ Commit 7 on Tue Jul 22 18:14:26 UTC 2025
✅ Commit 8 on Tue Jul 22 18:14:26 UTC 2025
✅ Commit 9 on Tue Jul 22 18:14:26 UTC 2025
✅ Commit 10 on Tue Jul 22 18:14:26 UTC 2025
✅ Commit 11 on Tue Jul 22 18:14:26 UTC 2025
✅ Commit 12 on Tue Jul 22 18:14:26 UTC 2025
✅ Commit 1 on Wed Jul 23 02:23:19 UTC 2025
✅ Commit 2 on Wed Jul 23 02:23:19 UTC 2025
✅ Commit 3 on Wed Jul 23 02:23:19 UTC 2025
✅ Commit 4 on Wed Jul 23 02:23:19 UTC 2025
✅ Commit 5 on Wed Jul 23 02:23:19 UTC 2025
✅ Commit 6 on Wed Jul 23 02:23:19 UTC 2025
✅ Commit 7 on Wed Jul 23 02:23:19 UTC 2025
✅ Commit 8 on Wed Jul 23 02:23:19 UTC 2025
✅ Commit 9 on Wed Jul 23 02:23:19 UTC 2025
✅ Commit 10 on Wed Jul 23 02:23:19 UTC 2025
✅ Commit 11 on Wed Jul 23 02:23:19 UTC 2025
✅ Commit 12 on Wed Jul 23 02:23:19 UTC 2025
✅ Commit 1 on Wed Jul 23 06:34:39 UTC 2025
✅ Commit 2 on Wed Jul 23 06:34:39 UTC 2025
✅ Commit 3 on Wed Jul 23 06:34:39 UTC 2025
✅ Commit 4 on Wed Jul 23 06:34:39 UTC 2025
✅ Commit 5 on Wed Jul 23 06:34:39 UTC 2025
✅ Commit 6 on Wed Jul 23 06:34:39 UTC 2025
✅ Commit 7 on Wed Jul 23 06:34:39 UTC 2025
✅ Commit 8 on Wed Jul 23 06:34:39 UTC 2025
✅ Commit 9 on Wed Jul 23 06:34:39 UTC 2025
✅ Commit 10 on Wed Jul 23 06:34:39 UTC 2025
✅ Commit 11 on Wed Jul 23 06:34:39 UTC 2025
✅ Commit 12 on Wed Jul 23 06:34:39 UTC 2025
✅ Commit 1 on Wed Jul 23 12:57:09 UTC 2025
✅ Commit 2 on Wed Jul 23 12:57:09 UTC 2025
✅ Commit 3 on Wed Jul 23 12:57:09 UTC 2025
✅ Commit 4 on Wed Jul 23 12:57:09 UTC 2025
✅ Commit 5 on Wed Jul 23 12:57:09 UTC 2025
✅ Commit 6 on Wed Jul 23 12:57:09 UTC 2025
✅ Commit 7 on Wed Jul 23 12:57:09 UTC 2025
✅ Commit 8 on Wed Jul 23 12:57:09 UTC 2025
✅ Commit 9 on Wed Jul 23 12:57:09 UTC 2025
✅ Commit 10 on Wed Jul 23 12:57:09 UTC 2025
✅ Commit 11 on Wed Jul 23 12:57:09 UTC 2025
✅ Commit 12 on Wed Jul 23 12:57:09 UTC 2025
✅ Commit 1 on Wed Jul 23 18:14:22 UTC 2025
✅ Commit 2 on Wed Jul 23 18:14:22 UTC 2025
✅ Commit 3 on Wed Jul 23 18:14:22 UTC 2025
✅ Commit 4 on Wed Jul 23 18:14:22 UTC 2025
✅ Commit 5 on Wed Jul 23 18:14:22 UTC 2025
✅ Commit 6 on Wed Jul 23 18:14:22 UTC 2025
✅ Commit 7 on Wed Jul 23 18:14:22 UTC 2025
✅ Commit 8 on Wed Jul 23 18:14:22 UTC 2025
✅ Commit 9 on Wed Jul 23 18:14:22 UTC 2025
✅ Commit 10 on Wed Jul 23 18:14:22 UTC 2025
✅ Commit 11 on Wed Jul 23 18:14:22 UTC 2025
✅ Commit 12 on Wed Jul 23 18:14:22 UTC 2025
✅ Commit 1 on Thu Jul 24 02:22:23 UTC 2025
✅ Commit 2 on Thu Jul 24 02:22:23 UTC 2025
✅ Commit 3 on Thu Jul 24 02:22:23 UTC 2025
✅ Commit 4 on Thu Jul 24 02:22:23 UTC 2025
✅ Commit 5 on Thu Jul 24 02:22:23 UTC 2025
✅ Commit 6 on Thu Jul 24 02:22:23 UTC 2025
✅ Commit 7 on Thu Jul 24 02:22:23 UTC 2025
✅ Commit 8 on Thu Jul 24 02:22:23 UTC 2025
✅ Commit 9 on Thu Jul 24 02:22:23 UTC 2025
✅ Commit 10 on Thu Jul 24 02:22:23 UTC 2025
✅ Commit 11 on Thu Jul 24 02:22:23 UTC 2025
✅ Commit 12 on Thu Jul 24 02:22:23 UTC 2025
✅ Commit 1 on Thu Jul 24 06:34:42 UTC 2025
✅ Commit 2 on Thu Jul 24 06:34:42 UTC 2025
✅ Commit 3 on Thu Jul 24 06:34:42 UTC 2025
✅ Commit 4 on Thu Jul 24 06:34:43 UTC 2025
✅ Commit 5 on Thu Jul 24 06:34:43 UTC 2025
✅ Commit 6 on Thu Jul 24 06:34:43 UTC 2025
✅ Commit 7 on Thu Jul 24 06:34:43 UTC 2025
✅ Commit 8 on Thu Jul 24 06:34:43 UTC 2025
✅ Commit 9 on Thu Jul 24 06:34:43 UTC 2025
✅ Commit 10 on Thu Jul 24 06:34:43 UTC 2025
✅ Commit 11 on Thu Jul 24 06:34:43 UTC 2025
✅ Commit 12 on Thu Jul 24 06:34:43 UTC 2025
✅ Commit 1 on Thu Jul 24 12:56:41 UTC 2025
✅ Commit 2 on Thu Jul 24 12:56:41 UTC 2025
✅ Commit 3 on Thu Jul 24 12:56:41 UTC 2025
✅ Commit 4 on Thu Jul 24 12:56:41 UTC 2025
✅ Commit 5 on Thu Jul 24 12:56:41 UTC 2025
✅ Commit 6 on Thu Jul 24 12:56:41 UTC 2025
✅ Commit 7 on Thu Jul 24 12:56:41 UTC 2025
✅ Commit 8 on Thu Jul 24 12:56:41 UTC 2025
✅ Commit 9 on Thu Jul 24 12:56:41 UTC 2025
✅ Commit 10 on Thu Jul 24 12:56:41 UTC 2025
✅ Commit 11 on Thu Jul 24 12:56:41 UTC 2025
✅ Commit 12 on Thu Jul 24 12:56:41 UTC 2025
✅ Commit 1 on Thu Jul 24 18:14:17 UTC 2025
✅ Commit 2 on Thu Jul 24 18:14:17 UTC 2025
✅ Commit 3 on Thu Jul 24 18:14:17 UTC 2025
✅ Commit 4 on Thu Jul 24 18:14:17 UTC 2025
✅ Commit 5 on Thu Jul 24 18:14:17 UTC 2025
✅ Commit 6 on Thu Jul 24 18:14:17 UTC 2025
✅ Commit 7 on Thu Jul 24 18:14:17 UTC 2025
✅ Commit 8 on Thu Jul 24 18:14:17 UTC 2025
✅ Commit 9 on Thu Jul 24 18:14:17 UTC 2025
✅ Commit 10 on Thu Jul 24 18:14:17 UTC 2025
✅ Commit 11 on Thu Jul 24 18:14:17 UTC 2025
✅ Commit 12 on Thu Jul 24 18:14:17 UTC 2025
✅ Commit 1 on Fri Jul 25 02:22:05 UTC 2025
✅ Commit 2 on Fri Jul 25 02:22:05 UTC 2025
✅ Commit 3 on Fri Jul 25 02:22:05 UTC 2025
✅ Commit 4 on Fri Jul 25 02:22:05 UTC 2025
✅ Commit 5 on Fri Jul 25 02:22:05 UTC 2025
✅ Commit 6 on Fri Jul 25 02:22:05 UTC 2025
✅ Commit 7 on Fri Jul 25 02:22:05 UTC 2025
✅ Commit 8 on Fri Jul 25 02:22:05 UTC 2025
✅ Commit 9 on Fri Jul 25 02:22:05 UTC 2025
✅ Commit 10 on Fri Jul 25 02:22:05 UTC 2025
✅ Commit 11 on Fri Jul 25 02:22:05 UTC 2025
✅ Commit 12 on Fri Jul 25 02:22:05 UTC 2025
✅ Commit 1 on Fri Jul 25 06:34:28 UTC 2025
✅ Commit 2 on Fri Jul 25 06:34:28 UTC 2025
✅ Commit 3 on Fri Jul 25 06:34:28 UTC 2025
✅ Commit 4 on Fri Jul 25 06:34:28 UTC 2025
✅ Commit 5 on Fri Jul 25 06:34:28 UTC 2025
✅ Commit 6 on Fri Jul 25 06:34:28 UTC 2025
✅ Commit 7 on Fri Jul 25 06:34:28 UTC 2025
✅ Commit 8 on Fri Jul 25 06:34:28 UTC 2025
✅ Commit 9 on Fri Jul 25 06:34:28 UTC 2025
✅ Commit 10 on Fri Jul 25 06:34:28 UTC 2025
✅ Commit 11 on Fri Jul 25 06:34:28 UTC 2025
✅ Commit 12 on Fri Jul 25 06:34:28 UTC 2025
✅ Commit 1 on Fri Jul 25 12:55:40 UTC 2025
✅ Commit 2 on Fri Jul 25 12:55:40 UTC 2025
✅ Commit 3 on Fri Jul 25 12:55:40 UTC 2025
✅ Commit 4 on Fri Jul 25 12:55:40 UTC 2025
✅ Commit 5 on Fri Jul 25 12:55:40 UTC 2025
✅ Commit 6 on Fri Jul 25 12:55:40 UTC 2025
✅ Commit 7 on Fri Jul 25 12:55:40 UTC 2025
✅ Commit 8 on Fri Jul 25 12:55:40 UTC 2025
✅ Commit 9 on Fri Jul 25 12:55:40 UTC 2025
✅ Commit 10 on Fri Jul 25 12:55:40 UTC 2025
✅ Commit 11 on Fri Jul 25 12:55:40 UTC 2025
✅ Commit 12 on Fri Jul 25 12:55:40 UTC 2025
✅ Commit 1 on Fri Jul 25 18:14:06 UTC 2025
✅ Commit 2 on Fri Jul 25 18:14:06 UTC 2025
✅ Commit 3 on Fri Jul 25 18:14:06 UTC 2025
✅ Commit 4 on Fri Jul 25 18:14:06 UTC 2025
✅ Commit 5 on Fri Jul 25 18:14:06 UTC 2025
✅ Commit 6 on Fri Jul 25 18:14:06 UTC 2025
✅ Commit 7 on Fri Jul 25 18:14:06 UTC 2025
✅ Commit 8 on Fri Jul 25 18:14:06 UTC 2025
✅ Commit 9 on Fri Jul 25 18:14:06 UTC 2025
✅ Commit 10 on Fri Jul 25 18:14:06 UTC 2025
✅ Commit 11 on Fri Jul 25 18:14:06 UTC 2025
✅ Commit 12 on Fri Jul 25 18:14:06 UTC 2025
✅ Commit 1 on Sat Jul 26 02:18:26 UTC 2025
✅ Commit 2 on Sat Jul 26 02:18:26 UTC 2025
✅ Commit 3 on Sat Jul 26 02:18:26 UTC 2025
✅ Commit 4 on Sat Jul 26 02:18:26 UTC 2025
✅ Commit 5 on Sat Jul 26 02:18:26 UTC 2025
✅ Commit 6 on Sat Jul 26 02:18:26 UTC 2025
✅ Commit 7 on Sat Jul 26 02:18:26 UTC 2025
✅ Commit 8 on Sat Jul 26 02:18:26 UTC 2025
✅ Commit 9 on Sat Jul 26 02:18:26 UTC 2025
✅ Commit 10 on Sat Jul 26 02:18:26 UTC 2025
✅ Commit 11 on Sat Jul 26 02:18:26 UTC 2025
✅ Commit 12 on Sat Jul 26 02:18:26 UTC 2025
✅ Commit 1 on Sat Jul 26 06:31:35 UTC 2025
✅ Commit 2 on Sat Jul 26 06:31:35 UTC 2025
✅ Commit 3 on Sat Jul 26 06:31:35 UTC 2025
✅ Commit 4 on Sat Jul 26 06:31:35 UTC 2025
✅ Commit 5 on Sat Jul 26 06:31:35 UTC 2025
✅ Commit 6 on Sat Jul 26 06:31:35 UTC 2025
✅ Commit 7 on Sat Jul 26 06:31:35 UTC 2025
✅ Commit 8 on Sat Jul 26 06:31:35 UTC 2025
✅ Commit 9 on Sat Jul 26 06:31:35 UTC 2025
✅ Commit 10 on Sat Jul 26 06:31:35 UTC 2025
✅ Commit 11 on Sat Jul 26 06:31:35 UTC 2025
✅ Commit 12 on Sat Jul 26 06:31:35 UTC 2025
✅ Commit 1 on Sat Jul 26 12:51:30 UTC 2025
✅ Commit 2 on Sat Jul 26 12:51:30 UTC 2025
✅ Commit 3 on Sat Jul 26 12:51:30 UTC 2025
✅ Commit 4 on Sat Jul 26 12:51:30 UTC 2025
✅ Commit 5 on Sat Jul 26 12:51:30 UTC 2025
✅ Commit 6 on Sat Jul 26 12:51:30 UTC 2025
✅ Commit 7 on Sat Jul 26 12:51:30 UTC 2025
✅ Commit 8 on Sat Jul 26 12:51:30 UTC 2025
✅ Commit 9 on Sat Jul 26 12:51:30 UTC 2025
✅ Commit 10 on Sat Jul 26 12:51:30 UTC 2025
✅ Commit 11 on Sat Jul 26 12:51:30 UTC 2025
✅ Commit 12 on Sat Jul 26 12:51:30 UTC 2025
✅ Commit 1 on Sat Jul 26 18:12:50 UTC 2025
✅ Commit 2 on Sat Jul 26 18:12:50 UTC 2025
✅ Commit 3 on Sat Jul 26 18:12:50 UTC 2025
✅ Commit 4 on Sat Jul 26 18:12:50 UTC 2025
✅ Commit 5 on Sat Jul 26 18:12:50 UTC 2025
✅ Commit 6 on Sat Jul 26 18:12:50 UTC 2025
✅ Commit 7 on Sat Jul 26 18:12:50 UTC 2025
✅ Commit 8 on Sat Jul 26 18:12:50 UTC 2025
✅ Commit 9 on Sat Jul 26 18:12:50 UTC 2025
✅ Commit 10 on Sat Jul 26 18:12:50 UTC 2025
✅ Commit 11 on Sat Jul 26 18:12:50 UTC 2025
✅ Commit 12 on Sat Jul 26 18:12:50 UTC 2025
✅ Commit 1 on Sun Jul 27 02:32:33 UTC 2025
✅ Commit 2 on Sun Jul 27 02:32:33 UTC 2025
✅ Commit 3 on Sun Jul 27 02:32:33 UTC 2025
✅ Commit 4 on Sun Jul 27 02:32:33 UTC 2025
✅ Commit 5 on Sun Jul 27 02:32:33 UTC 2025
✅ Commit 6 on Sun Jul 27 02:32:33 UTC 2025
✅ Commit 7 on Sun Jul 27 02:32:33 UTC 2025
✅ Commit 8 on Sun Jul 27 02:32:33 UTC 2025
✅ Commit 9 on Sun Jul 27 02:32:33 UTC 2025
✅ Commit 10 on Sun Jul 27 02:32:33 UTC 2025
✅ Commit 11 on Sun Jul 27 02:32:33 UTC 2025
✅ Commit 12 on Sun Jul 27 02:32:33 UTC 2025
✅ Commit 1 on Sun Jul 27 06:32:14 UTC 2025
✅ Commit 2 on Sun Jul 27 06:32:14 UTC 2025
✅ Commit 3 on Sun Jul 27 06:32:14 UTC 2025
✅ Commit 4 on Sun Jul 27 06:32:14 UTC 2025
✅ Commit 5 on Sun Jul 27 06:32:14 UTC 2025
✅ Commit 6 on Sun Jul 27 06:32:14 UTC 2025
✅ Commit 7 on Sun Jul 27 06:32:14 UTC 2025
✅ Commit 8 on Sun Jul 27 06:32:14 UTC 2025
✅ Commit 9 on Sun Jul 27 06:32:14 UTC 2025
✅ Commit 10 on Sun Jul 27 06:32:14 UTC 2025
✅ Commit 11 on Sun Jul 27 06:32:14 UTC 2025
✅ Commit 12 on Sun Jul 27 06:32:14 UTC 2025
✅ Commit 1 on Sun Jul 27 12:52:49 UTC 2025
✅ Commit 2 on Sun Jul 27 12:52:49 UTC 2025
✅ Commit 3 on Sun Jul 27 12:52:49 UTC 2025
✅ Commit 4 on Sun Jul 27 12:52:49 UTC 2025
✅ Commit 5 on Sun Jul 27 12:52:50 UTC 2025
✅ Commit 6 on Sun Jul 27 12:52:50 UTC 2025
✅ Commit 7 on Sun Jul 27 12:52:50 UTC 2025
✅ Commit 8 on Sun Jul 27 12:52:50 UTC 2025
✅ Commit 9 on Sun Jul 27 12:52:50 UTC 2025
✅ Commit 10 on Sun Jul 27 12:52:50 UTC 2025
✅ Commit 11 on Sun Jul 27 12:52:50 UTC 2025
✅ Commit 12 on Sun Jul 27 12:52:50 UTC 2025
✅ Commit 1 on Sun Jul 27 18:12:50 UTC 2025
✅ Commit 2 on Sun Jul 27 18:12:50 UTC 2025
✅ Commit 3 on Sun Jul 27 18:12:50 UTC 2025
✅ Commit 4 on Sun Jul 27 18:12:50 UTC 2025
✅ Commit 5 on Sun Jul 27 18:12:50 UTC 2025
✅ Commit 6 on Sun Jul 27 18:12:50 UTC 2025
✅ Commit 7 on Sun Jul 27 18:12:50 UTC 2025
✅ Commit 8 on Sun Jul 27 18:12:50 UTC 2025
✅ Commit 9 on Sun Jul 27 18:12:50 UTC 2025
✅ Commit 10 on Sun Jul 27 18:12:50 UTC 2025
✅ Commit 11 on Sun Jul 27 18:12:51 UTC 2025
✅ Commit 12 on Sun Jul 27 18:12:51 UTC 2025
✅ Commit 1 on Mon Jul 28 02:28:55 UTC 2025
✅ Commit 2 on Mon Jul 28 02:28:55 UTC 2025
✅ Commit 3 on Mon Jul 28 02:28:55 UTC 2025
✅ Commit 4 on Mon Jul 28 02:28:55 UTC 2025
✅ Commit 5 on Mon Jul 28 02:28:55 UTC 2025
✅ Commit 6 on Mon Jul 28 02:28:55 UTC 2025
✅ Commit 7 on Mon Jul 28 02:28:55 UTC 2025
✅ Commit 8 on Mon Jul 28 02:28:55 UTC 2025
✅ Commit 9 on Mon Jul 28 02:28:55 UTC 2025
✅ Commit 10 on Mon Jul 28 02:28:55 UTC 2025
✅ Commit 11 on Mon Jul 28 02:28:55 UTC 2025
✅ Commit 12 on Mon Jul 28 02:28:55 UTC 2025
✅ Commit 1 on Mon Jul 28 06:36:18 UTC 2025
✅ Commit 2 on Mon Jul 28 06:36:18 UTC 2025
✅ Commit 3 on Mon Jul 28 06:36:18 UTC 2025
✅ Commit 4 on Mon Jul 28 06:36:18 UTC 2025
✅ Commit 5 on Mon Jul 28 06:36:18 UTC 2025
✅ Commit 6 on Mon Jul 28 06:36:18 UTC 2025
✅ Commit 7 on Mon Jul 28 06:36:18 UTC 2025
✅ Commit 8 on Mon Jul 28 06:36:18 UTC 2025
✅ Commit 9 on Mon Jul 28 06:36:18 UTC 2025
✅ Commit 10 on Mon Jul 28 06:36:18 UTC 2025
✅ Commit 11 on Mon Jul 28 06:36:18 UTC 2025
✅ Commit 12 on Mon Jul 28 06:36:18 UTC 2025
✅ Commit 1 on Mon Jul 28 12:58:11 UTC 2025
✅ Commit 2 on Mon Jul 28 12:58:11 UTC 2025
✅ Commit 3 on Mon Jul 28 12:58:11 UTC 2025
✅ Commit 4 on Mon Jul 28 12:58:11 UTC 2025
✅ Commit 5 on Mon Jul 28 12:58:11 UTC 2025
✅ Commit 6 on Mon Jul 28 12:58:11 UTC 2025
✅ Commit 7 on Mon Jul 28 12:58:11 UTC 2025
✅ Commit 8 on Mon Jul 28 12:58:11 UTC 2025
✅ Commit 9 on Mon Jul 28 12:58:11 UTC 2025
✅ Commit 10 on Mon Jul 28 12:58:11 UTC 2025
✅ Commit 11 on Mon Jul 28 12:58:11 UTC 2025
✅ Commit 12 on Mon Jul 28 12:58:11 UTC 2025
✅ Commit 1 on Mon Jul 28 18:14:36 UTC 2025
✅ Commit 2 on Mon Jul 28 18:14:36 UTC 2025
✅ Commit 3 on Mon Jul 28 18:14:36 UTC 2025
✅ Commit 4 on Mon Jul 28 18:14:36 UTC 2025
✅ Commit 5 on Mon Jul 28 18:14:36 UTC 2025
✅ Commit 6 on Mon Jul 28 18:14:36 UTC 2025
✅ Commit 7 on Mon Jul 28 18:14:36 UTC 2025
✅ Commit 8 on Mon Jul 28 18:14:36 UTC 2025
✅ Commit 9 on Mon Jul 28 18:14:36 UTC 2025
✅ Commit 10 on Mon Jul 28 18:14:36 UTC 2025
✅ Commit 11 on Mon Jul 28 18:14:36 UTC 2025
✅ Commit 12 on Mon Jul 28 18:14:36 UTC 2025
✅ Commit 1 on Tue Jul 29 02:33:55 UTC 2025
✅ Commit 2 on Tue Jul 29 02:33:55 UTC 2025
✅ Commit 3 on Tue Jul 29 02:33:55 UTC 2025
✅ Commit 4 on Tue Jul 29 02:33:55 UTC 2025
✅ Commit 5 on Tue Jul 29 02:33:55 UTC 2025
✅ Commit 6 on Tue Jul 29 02:33:55 UTC 2025
✅ Commit 7 on Tue Jul 29 02:33:55 UTC 2025
✅ Commit 8 on Tue Jul 29 02:33:55 UTC 2025
✅ Commit 9 on Tue Jul 29 02:33:55 UTC 2025
✅ Commit 10 on Tue Jul 29 02:33:55 UTC 2025
✅ Commit 11 on Tue Jul 29 02:33:55 UTC 2025
✅ Commit 12 on Tue Jul 29 02:33:55 UTC 2025
✅ Commit 1 on Tue Jul 29 06:34:59 UTC 2025
✅ Commit 2 on Tue Jul 29 06:34:59 UTC 2025
✅ Commit 3 on Tue Jul 29 06:34:59 UTC 2025
✅ Commit 4 on Tue Jul 29 06:34:59 UTC 2025
✅ Commit 5 on Tue Jul 29 06:34:59 UTC 2025
✅ Commit 6 on Tue Jul 29 06:34:59 UTC 2025
✅ Commit 7 on Tue Jul 29 06:34:59 UTC 2025
✅ Commit 8 on Tue Jul 29 06:34:59 UTC 2025
✅ Commit 9 on Tue Jul 29 06:34:59 UTC 2025
✅ Commit 10 on Tue Jul 29 06:34:59 UTC 2025
✅ Commit 11 on Tue Jul 29 06:34:59 UTC 2025
✅ Commit 12 on Tue Jul 29 06:34:59 UTC 2025
✅ Commit 1 on Tue Jul 29 12:58:57 UTC 2025
✅ Commit 2 on Tue Jul 29 12:58:57 UTC 2025
✅ Commit 3 on Tue Jul 29 12:58:57 UTC 2025
✅ Commit 4 on Tue Jul 29 12:58:57 UTC 2025
✅ Commit 5 on Tue Jul 29 12:58:57 UTC 2025
✅ Commit 6 on Tue Jul 29 12:58:57 UTC 2025
✅ Commit 7 on Tue Jul 29 12:58:57 UTC 2025
✅ Commit 8 on Tue Jul 29 12:58:57 UTC 2025
✅ Commit 9 on Tue Jul 29 12:58:57 UTC 2025
✅ Commit 10 on Tue Jul 29 12:58:57 UTC 2025
✅ Commit 11 on Tue Jul 29 12:58:57 UTC 2025
✅ Commit 12 on Tue Jul 29 12:58:57 UTC 2025
✅ Commit 1 on Tue Jul 29 18:15:06 UTC 2025
✅ Commit 2 on Tue Jul 29 18:15:06 UTC 2025
✅ Commit 3 on Tue Jul 29 18:15:06 UTC 2025
✅ Commit 4 on Tue Jul 29 18:15:06 UTC 2025
✅ Commit 5 on Tue Jul 29 18:15:06 UTC 2025
✅ Commit 6 on Tue Jul 29 18:15:06 UTC 2025
✅ Commit 7 on Tue Jul 29 18:15:06 UTC 2025
✅ Commit 8 on Tue Jul 29 18:15:06 UTC 2025
✅ Commit 9 on Tue Jul 29 18:15:06 UTC 2025
✅ Commit 10 on Tue Jul 29 18:15:06 UTC 2025
✅ Commit 11 on Tue Jul 29 18:15:06 UTC 2025
✅ Commit 12 on Tue Jul 29 18:15:06 UTC 2025
✅ Commit 1 on Wed Jul 30 02:25:28 UTC 2025
✅ Commit 2 on Wed Jul 30 02:25:28 UTC 2025
✅ Commit 3 on Wed Jul 30 02:25:28 UTC 2025
✅ Commit 4 on Wed Jul 30 02:25:28 UTC 2025
✅ Commit 5 on Wed Jul 30 02:25:28 UTC 2025
✅ Commit 6 on Wed Jul 30 02:25:28 UTC 2025
✅ Commit 7 on Wed Jul 30 02:25:28 UTC 2025
✅ Commit 8 on Wed Jul 30 02:25:28 UTC 2025
✅ Commit 9 on Wed Jul 30 02:25:28 UTC 2025
✅ Commit 10 on Wed Jul 30 02:25:28 UTC 2025
✅ Commit 11 on Wed Jul 30 02:25:28 UTC 2025
✅ Commit 12 on Wed Jul 30 02:25:28 UTC 2025
✅ Commit 1 on Wed Jul 30 06:36:18 UTC 2025
✅ Commit 2 on Wed Jul 30 06:36:18 UTC 2025
✅ Commit 3 on Wed Jul 30 06:36:18 UTC 2025
✅ Commit 4 on Wed Jul 30 06:36:18 UTC 2025
✅ Commit 5 on Wed Jul 30 06:36:18 UTC 2025
✅ Commit 6 on Wed Jul 30 06:36:18 UTC 2025
✅ Commit 7 on Wed Jul 30 06:36:18 UTC 2025
✅ Commit 8 on Wed Jul 30 06:36:18 UTC 2025
✅ Commit 9 on Wed Jul 30 06:36:18 UTC 2025
✅ Commit 10 on Wed Jul 30 06:36:18 UTC 2025
✅ Commit 11 on Wed Jul 30 06:36:18 UTC 2025
✅ Commit 12 on Wed Jul 30 06:36:18 UTC 2025
✅ Commit 1 on Wed Jul 30 12:58:32 UTC 2025
✅ Commit 2 on Wed Jul 30 12:58:32 UTC 2025
✅ Commit 3 on Wed Jul 30 12:58:32 UTC 2025
✅ Commit 4 on Wed Jul 30 12:58:32 UTC 2025
✅ Commit 5 on Wed Jul 30 12:58:32 UTC 2025
✅ Commit 6 on Wed Jul 30 12:58:32 UTC 2025
✅ Commit 7 on Wed Jul 30 12:58:32 UTC 2025
✅ Commit 8 on Wed Jul 30 12:58:32 UTC 2025
✅ Commit 9 on Wed Jul 30 12:58:32 UTC 2025
✅ Commit 10 on Wed Jul 30 12:58:32 UTC 2025
✅ Commit 11 on Wed Jul 30 12:58:32 UTC 2025
✅ Commit 12 on Wed Jul 30 12:58:32 UTC 2025
✅ Commit 1 on Wed Jul 30 18:14:18 UTC 2025
✅ Commit 2 on Wed Jul 30 18:14:18 UTC 2025
✅ Commit 3 on Wed Jul 30 18:14:18 UTC 2025
✅ Commit 4 on Wed Jul 30 18:14:18 UTC 2025
✅ Commit 5 on Wed Jul 30 18:14:18 UTC 2025
✅ Commit 6 on Wed Jul 30 18:14:18 UTC 2025
✅ Commit 7 on Wed Jul 30 18:14:18 UTC 2025
✅ Commit 8 on Wed Jul 30 18:14:18 UTC 2025
✅ Commit 9 on Wed Jul 30 18:14:18 UTC 2025
✅ Commit 10 on Wed Jul 30 18:14:18 UTC 2025
✅ Commit 11 on Wed Jul 30 18:14:18 UTC 2025
✅ Commit 12 on Wed Jul 30 18:14:18 UTC 2025
✅ Commit 1 on Thu Jul 31 02:24:40 UTC 2025
✅ Commit 2 on Thu Jul 31 02:24:40 UTC 2025
✅ Commit 3 on Thu Jul 31 02:24:40 UTC 2025
✅ Commit 4 on Thu Jul 31 02:24:40 UTC 2025
✅ Commit 5 on Thu Jul 31 02:24:40 UTC 2025
✅ Commit 6 on Thu Jul 31 02:24:40 UTC 2025
✅ Commit 7 on Thu Jul 31 02:24:40 UTC 2025
✅ Commit 8 on Thu Jul 31 02:24:40 UTC 2025
✅ Commit 9 on Thu Jul 31 02:24:40 UTC 2025
✅ Commit 10 on Thu Jul 31 02:24:40 UTC 2025
✅ Commit 11 on Thu Jul 31 02:24:40 UTC 2025
✅ Commit 12 on Thu Jul 31 02:24:40 UTC 2025
✅ Commit 1 on Thu Jul 31 06:34:47 UTC 2025
✅ Commit 2 on Thu Jul 31 06:34:47 UTC 2025
✅ Commit 3 on Thu Jul 31 06:34:47 UTC 2025
✅ Commit 4 on Thu Jul 31 06:34:47 UTC 2025
✅ Commit 5 on Thu Jul 31 06:34:47 UTC 2025
✅ Commit 6 on Thu Jul 31 06:34:47 UTC 2025
✅ Commit 7 on Thu Jul 31 06:34:47 UTC 2025
✅ Commit 8 on Thu Jul 31 06:34:47 UTC 2025
✅ Commit 9 on Thu Jul 31 06:34:47 UTC 2025
✅ Commit 10 on Thu Jul 31 06:34:47 UTC 2025
✅ Commit 11 on Thu Jul 31 06:34:47 UTC 2025
✅ Commit 12 on Thu Jul 31 06:34:47 UTC 2025
✅ Commit 1 on Thu Jul 31 12:56:53 UTC 2025
✅ Commit 2 on Thu Jul 31 12:56:53 UTC 2025
✅ Commit 3 on Thu Jul 31 12:56:53 UTC 2025
✅ Commit 4 on Thu Jul 31 12:56:53 UTC 2025
✅ Commit 5 on Thu Jul 31 12:56:53 UTC 2025
✅ Commit 6 on Thu Jul 31 12:56:54 UTC 2025
✅ Commit 7 on Thu Jul 31 12:56:54 UTC 2025
✅ Commit 8 on Thu Jul 31 12:56:54 UTC 2025
✅ Commit 9 on Thu Jul 31 12:56:54 UTC 2025
✅ Commit 10 on Thu Jul 31 12:56:54 UTC 2025
✅ Commit 11 on Thu Jul 31 12:56:54 UTC 2025
✅ Commit 12 on Thu Jul 31 12:56:54 UTC 2025
✅ Commit 1 on Thu Jul 31 18:15:01 UTC 2025
✅ Commit 2 on Thu Jul 31 18:15:01 UTC 2025
✅ Commit 3 on Thu Jul 31 18:15:01 UTC 2025
✅ Commit 4 on Thu Jul 31 18:15:01 UTC 2025
✅ Commit 5 on Thu Jul 31 18:15:01 UTC 2025
✅ Commit 6 on Thu Jul 31 18:15:01 UTC 2025
✅ Commit 7 on Thu Jul 31 18:15:01 UTC 2025
✅ Commit 8 on Thu Jul 31 18:15:01 UTC 2025
✅ Commit 9 on Thu Jul 31 18:15:01 UTC 2025
✅ Commit 10 on Thu Jul 31 18:15:01 UTC 2025
✅ Commit 11 on Thu Jul 31 18:15:01 UTC 2025
✅ Commit 12 on Thu Jul 31 18:15:01 UTC 2025
✅ Commit 1 on Fri Aug  1 02:36:27 UTC 2025
✅ Commit 2 on Fri Aug  1 02:36:27 UTC 2025
✅ Commit 3 on Fri Aug  1 02:36:27 UTC 2025
✅ Commit 4 on Fri Aug  1 02:36:27 UTC 2025
✅ Commit 5 on Fri Aug  1 02:36:27 UTC 2025
✅ Commit 6 on Fri Aug  1 02:36:27 UTC 2025
✅ Commit 7 on Fri Aug  1 02:36:27 UTC 2025
✅ Commit 8 on Fri Aug  1 02:36:27 UTC 2025
✅ Commit 9 on Fri Aug  1 02:36:27 UTC 2025
✅ Commit 10 on Fri Aug  1 02:36:27 UTC 2025
✅ Commit 11 on Fri Aug  1 02:36:27 UTC 2025
✅ Commit 12 on Fri Aug  1 02:36:27 UTC 2025
✅ Commit 1 on Fri Aug  1 06:36:11 UTC 2025
✅ Commit 2 on Fri Aug  1 06:36:11 UTC 2025
✅ Commit 3 on Fri Aug  1 06:36:11 UTC 2025
✅ Commit 4 on Fri Aug  1 06:36:11 UTC 2025
✅ Commit 5 on Fri Aug  1 06:36:11 UTC 2025
✅ Commit 6 on Fri Aug  1 06:36:11 UTC 2025
✅ Commit 7 on Fri Aug  1 06:36:11 UTC 2025
✅ Commit 8 on Fri Aug  1 06:36:11 UTC 2025
✅ Commit 9 on Fri Aug  1 06:36:11 UTC 2025
✅ Commit 10 on Fri Aug  1 06:36:11 UTC 2025
✅ Commit 11 on Fri Aug  1 06:36:11 UTC 2025
✅ Commit 12 on Fri Aug  1 06:36:11 UTC 2025
✅ Commit 1 on Fri Aug  1 12:57:23 UTC 2025
✅ Commit 2 on Fri Aug  1 12:57:23 UTC 2025
✅ Commit 3 on Fri Aug  1 12:57:23 UTC 2025
✅ Commit 4 on Fri Aug  1 12:57:23 UTC 2025
✅ Commit 5 on Fri Aug  1 12:57:23 UTC 2025
✅ Commit 6 on Fri Aug  1 12:57:23 UTC 2025
✅ Commit 7 on Fri Aug  1 12:57:23 UTC 2025
✅ Commit 8 on Fri Aug  1 12:57:23 UTC 2025
✅ Commit 9 on Fri Aug  1 12:57:23 UTC 2025
✅ Commit 10 on Fri Aug  1 12:57:23 UTC 2025
✅ Commit 11 on Fri Aug  1 12:57:23 UTC 2025
✅ Commit 12 on Fri Aug  1 12:57:23 UTC 2025
✅ Commit 1 on Fri Aug  1 18:14:38 UTC 2025
✅ Commit 2 on Fri Aug  1 18:14:38 UTC 2025
✅ Commit 3 on Fri Aug  1 18:14:39 UTC 2025
✅ Commit 4 on Fri Aug  1 18:14:39 UTC 2025
✅ Commit 5 on Fri Aug  1 18:14:39 UTC 2025
✅ Commit 6 on Fri Aug  1 18:14:39 UTC 2025
✅ Commit 7 on Fri Aug  1 18:14:39 UTC 2025
✅ Commit 8 on Fri Aug  1 18:14:39 UTC 2025
✅ Commit 9 on Fri Aug  1 18:14:39 UTC 2025
✅ Commit 10 on Fri Aug  1 18:14:39 UTC 2025
✅ Commit 11 on Fri Aug  1 18:14:39 UTC 2025
✅ Commit 12 on Fri Aug  1 18:14:39 UTC 2025
✅ Commit 1 on Sat Aug  2 02:18:57 UTC 2025
✅ Commit 2 on Sat Aug  2 02:18:57 UTC 2025
✅ Commit 3 on Sat Aug  2 02:18:57 UTC 2025
✅ Commit 4 on Sat Aug  2 02:18:57 UTC 2025
✅ Commit 5 on Sat Aug  2 02:18:57 UTC 2025
✅ Commit 6 on Sat Aug  2 02:18:57 UTC 2025
✅ Commit 7 on Sat Aug  2 02:18:57 UTC 2025
✅ Commit 8 on Sat Aug  2 02:18:57 UTC 2025
✅ Commit 9 on Sat Aug  2 02:18:57 UTC 2025
✅ Commit 10 on Sat Aug  2 02:18:57 UTC 2025
✅ Commit 11 on Sat Aug  2 02:18:57 UTC 2025
✅ Commit 12 on Sat Aug  2 02:18:57 UTC 2025
✅ Commit 1 on Sat Aug  2 06:30:54 UTC 2025
✅ Commit 2 on Sat Aug  2 06:30:54 UTC 2025
✅ Commit 3 on Sat Aug  2 06:30:54 UTC 2025
✅ Commit 4 on Sat Aug  2 06:30:54 UTC 2025
✅ Commit 5 on Sat Aug  2 06:30:54 UTC 2025
✅ Commit 6 on Sat Aug  2 06:30:54 UTC 2025
✅ Commit 7 on Sat Aug  2 06:30:54 UTC 2025
✅ Commit 8 on Sat Aug  2 06:30:54 UTC 2025
✅ Commit 9 on Sat Aug  2 06:30:54 UTC 2025
✅ Commit 10 on Sat Aug  2 06:30:54 UTC 2025
✅ Commit 11 on Sat Aug  2 06:30:54 UTC 2025
✅ Commit 12 on Sat Aug  2 06:30:54 UTC 2025
✅ Commit 1 on Sat Aug  2 12:52:22 UTC 2025
✅ Commit 2 on Sat Aug  2 12:52:22 UTC 2025
✅ Commit 3 on Sat Aug  2 12:52:22 UTC 2025
✅ Commit 4 on Sat Aug  2 12:52:22 UTC 2025
✅ Commit 5 on Sat Aug  2 12:52:22 UTC 2025
✅ Commit 6 on Sat Aug  2 12:52:22 UTC 2025
✅ Commit 7 on Sat Aug  2 12:52:22 UTC 2025
✅ Commit 8 on Sat Aug  2 12:52:22 UTC 2025
✅ Commit 9 on Sat Aug  2 12:52:23 UTC 2025
✅ Commit 10 on Sat Aug  2 12:52:23 UTC 2025
✅ Commit 11 on Sat Aug  2 12:52:23 UTC 2025
✅ Commit 12 on Sat Aug  2 12:52:23 UTC 2025
✅ Commit 1 on Sat Aug  2 18:13:09 UTC 2025
✅ Commit 2 on Sat Aug  2 18:13:09 UTC 2025
✅ Commit 3 on Sat Aug  2 18:13:09 UTC 2025
✅ Commit 4 on Sat Aug  2 18:13:09 UTC 2025
✅ Commit 5 on Sat Aug  2 18:13:09 UTC 2025
✅ Commit 6 on Sat Aug  2 18:13:09 UTC 2025
✅ Commit 7 on Sat Aug  2 18:13:09 UTC 2025
✅ Commit 8 on Sat Aug  2 18:13:09 UTC 2025
✅ Commit 9 on Sat Aug  2 18:13:09 UTC 2025
✅ Commit 10 on Sat Aug  2 18:13:09 UTC 2025
✅ Commit 11 on Sat Aug  2 18:13:09 UTC 2025
✅ Commit 12 on Sat Aug  2 18:13:09 UTC 2025
✅ Commit 1 on Sun Aug  3 02:34:54 UTC 2025
✅ Commit 2 on Sun Aug  3 02:34:54 UTC 2025
✅ Commit 3 on Sun Aug  3 02:34:54 UTC 2025
✅ Commit 4 on Sun Aug  3 02:34:54 UTC 2025
✅ Commit 5 on Sun Aug  3 02:34:54 UTC 2025
✅ Commit 6 on Sun Aug  3 02:34:54 UTC 2025
✅ Commit 7 on Sun Aug  3 02:34:54 UTC 2025
✅ Commit 8 on Sun Aug  3 02:34:54 UTC 2025
✅ Commit 9 on Sun Aug  3 02:34:54 UTC 2025
✅ Commit 10 on Sun Aug  3 02:34:54 UTC 2025
✅ Commit 11 on Sun Aug  3 02:34:54 UTC 2025
✅ Commit 12 on Sun Aug  3 02:34:54 UTC 2025
✅ Commit 1 on Sun Aug  3 06:31:30 UTC 2025
✅ Commit 2 on Sun Aug  3 06:31:30 UTC 2025
✅ Commit 3 on Sun Aug  3 06:31:30 UTC 2025
✅ Commit 4 on Sun Aug  3 06:31:30 UTC 2025
✅ Commit 5 on Sun Aug  3 06:31:30 UTC 2025
✅ Commit 6 on Sun Aug  3 06:31:30 UTC 2025
✅ Commit 7 on Sun Aug  3 06:31:30 UTC 2025
✅ Commit 8 on Sun Aug  3 06:31:30 UTC 2025
✅ Commit 9 on Sun Aug  3 06:31:30 UTC 2025
✅ Commit 10 on Sun Aug  3 06:31:30 UTC 2025
✅ Commit 11 on Sun Aug  3 06:31:30 UTC 2025
✅ Commit 12 on Sun Aug  3 06:31:30 UTC 2025
✅ Commit 1 on Sun Aug  3 12:55:10 UTC 2025
✅ Commit 2 on Sun Aug  3 12:55:10 UTC 2025
✅ Commit 3 on Sun Aug  3 12:55:10 UTC 2025
✅ Commit 4 on Sun Aug  3 12:55:10 UTC 2025
✅ Commit 5 on Sun Aug  3 12:55:10 UTC 2025
✅ Commit 6 on Sun Aug  3 12:55:10 UTC 2025
✅ Commit 7 on Sun Aug  3 12:55:10 UTC 2025
✅ Commit 8 on Sun Aug  3 12:55:10 UTC 2025
✅ Commit 9 on Sun Aug  3 12:55:10 UTC 2025
✅ Commit 10 on Sun Aug  3 12:55:10 UTC 2025
✅ Commit 11 on Sun Aug  3 12:55:10 UTC 2025
✅ Commit 12 on Sun Aug  3 12:55:10 UTC 2025
✅ Commit 1 on Sun Aug  3 18:13:26 UTC 2025
✅ Commit 2 on Sun Aug  3 18:13:26 UTC 2025
✅ Commit 3 on Sun Aug  3 18:13:26 UTC 2025
✅ Commit 4 on Sun Aug  3 18:13:26 UTC 2025
✅ Commit 5 on Sun Aug  3 18:13:27 UTC 2025
✅ Commit 6 on Sun Aug  3 18:13:27 UTC 2025
✅ Commit 7 on Sun Aug  3 18:13:27 UTC 2025
✅ Commit 8 on Sun Aug  3 18:13:27 UTC 2025
✅ Commit 9 on Sun Aug  3 18:13:27 UTC 2025
✅ Commit 10 on Sun Aug  3 18:13:27 UTC 2025
✅ Commit 11 on Sun Aug  3 18:13:27 UTC 2025
✅ Commit 12 on Sun Aug  3 18:13:27 UTC 2025
✅ Commit 1 on Mon Aug  4 02:34:23 UTC 2025
✅ Commit 2 on Mon Aug  4 02:34:23 UTC 2025
✅ Commit 3 on Mon Aug  4 02:34:23 UTC 2025
✅ Commit 4 on Mon Aug  4 02:34:23 UTC 2025
✅ Commit 5 on Mon Aug  4 02:34:23 UTC 2025
✅ Commit 6 on Mon Aug  4 02:34:23 UTC 2025
✅ Commit 7 on Mon Aug  4 02:34:23 UTC 2025
✅ Commit 8 on Mon Aug  4 02:34:23 UTC 2025
✅ Commit 9 on Mon Aug  4 02:34:23 UTC 2025
✅ Commit 10 on Mon Aug  4 02:34:23 UTC 2025
✅ Commit 11 on Mon Aug  4 02:34:23 UTC 2025
✅ Commit 12 on Mon Aug  4 02:34:23 UTC 2025
✅ Commit 1 on Mon Aug  4 06:40:40 UTC 2025
✅ Commit 2 on Mon Aug  4 06:40:40 UTC 2025
✅ Commit 3 on Mon Aug  4 06:40:40 UTC 2025
✅ Commit 4 on Mon Aug  4 06:40:40 UTC 2025
✅ Commit 5 on Mon Aug  4 06:40:40 UTC 2025
✅ Commit 6 on Mon Aug  4 06:40:40 UTC 2025
✅ Commit 7 on Mon Aug  4 06:40:40 UTC 2025
✅ Commit 8 on Mon Aug  4 06:40:40 UTC 2025
✅ Commit 9 on Mon Aug  4 06:40:40 UTC 2025
✅ Commit 10 on Mon Aug  4 06:40:40 UTC 2025
✅ Commit 11 on Mon Aug  4 06:40:40 UTC 2025
✅ Commit 12 on Mon Aug  4 06:40:40 UTC 2025
✅ Commit 1 on Mon Aug  4 12:59:40 UTC 2025
✅ Commit 2 on Mon Aug  4 12:59:40 UTC 2025
✅ Commit 3 on Mon Aug  4 12:59:40 UTC 2025
✅ Commit 4 on Mon Aug  4 12:59:40 UTC 2025
✅ Commit 5 on Mon Aug  4 12:59:40 UTC 2025
✅ Commit 6 on Mon Aug  4 12:59:40 UTC 2025
✅ Commit 7 on Mon Aug  4 12:59:40 UTC 2025
✅ Commit 8 on Mon Aug  4 12:59:40 UTC 2025
✅ Commit 9 on Mon Aug  4 12:59:40 UTC 2025
✅ Commit 10 on Mon Aug  4 12:59:40 UTC 2025
✅ Commit 11 on Mon Aug  4 12:59:40 UTC 2025
✅ Commit 12 on Mon Aug  4 12:59:40 UTC 2025
✅ Commit 1 on Mon Aug  4 18:15:02 UTC 2025
✅ Commit 2 on Mon Aug  4 18:15:02 UTC 2025
✅ Commit 3 on Mon Aug  4 18:15:02 UTC 2025
✅ Commit 4 on Mon Aug  4 18:15:02 UTC 2025
✅ Commit 5 on Mon Aug  4 18:15:02 UTC 2025
✅ Commit 6 on Mon Aug  4 18:15:02 UTC 2025
✅ Commit 7 on Mon Aug  4 18:15:02 UTC 2025
✅ Commit 8 on Mon Aug  4 18:15:02 UTC 2025
✅ Commit 9 on Mon Aug  4 18:15:02 UTC 2025
✅ Commit 10 on Mon Aug  4 18:15:02 UTC 2025
✅ Commit 11 on Mon Aug  4 18:15:02 UTC 2025
✅ Commit 12 on Mon Aug  4 18:15:02 UTC 2025
✅ Commit 1 on Tue Aug  5 02:27:58 UTC 2025
✅ Commit 2 on Tue Aug  5 02:27:58 UTC 2025
✅ Commit 3 on Tue Aug  5 02:27:58 UTC 2025
✅ Commit 4 on Tue Aug  5 02:27:58 UTC 2025
✅ Commit 5 on Tue Aug  5 02:27:58 UTC 2025
✅ Commit 6 on Tue Aug  5 02:27:58 UTC 2025
✅ Commit 7 on Tue Aug  5 02:27:58 UTC 2025
✅ Commit 8 on Tue Aug  5 02:27:58 UTC 2025
✅ Commit 9 on Tue Aug  5 02:27:58 UTC 2025
✅ Commit 10 on Tue Aug  5 02:27:58 UTC 2025
✅ Commit 11 on Tue Aug  5 02:27:58 UTC 2025
✅ Commit 12 on Tue Aug  5 02:27:58 UTC 2025
✅ Commit 1 on Tue Aug  5 06:36:28 UTC 2025
✅ Commit 2 on Tue Aug  5 06:36:28 UTC 2025
✅ Commit 3 on Tue Aug  5 06:36:28 UTC 2025
✅ Commit 4 on Tue Aug  5 06:36:28 UTC 2025
✅ Commit 5 on Tue Aug  5 06:36:28 UTC 2025
✅ Commit 6 on Tue Aug  5 06:36:28 UTC 2025
✅ Commit 7 on Tue Aug  5 06:36:28 UTC 2025
✅ Commit 8 on Tue Aug  5 06:36:28 UTC 2025
✅ Commit 9 on Tue Aug  5 06:36:28 UTC 2025
✅ Commit 10 on Tue Aug  5 06:36:28 UTC 2025
✅ Commit 11 on Tue Aug  5 06:36:28 UTC 2025
✅ Commit 12 on Tue Aug  5 06:36:28 UTC 2025
✅ Commit 1 on Tue Aug  5 12:59:39 UTC 2025
✅ Commit 2 on Tue Aug  5 12:59:39 UTC 2025
✅ Commit 3 on Tue Aug  5 12:59:39 UTC 2025
✅ Commit 4 on Tue Aug  5 12:59:39 UTC 2025
✅ Commit 5 on Tue Aug  5 12:59:39 UTC 2025
✅ Commit 6 on Tue Aug  5 12:59:39 UTC 2025
✅ Commit 7 on Tue Aug  5 12:59:39 UTC 2025
✅ Commit 8 on Tue Aug  5 12:59:39 UTC 2025
✅ Commit 9 on Tue Aug  5 12:59:39 UTC 2025
✅ Commit 10 on Tue Aug  5 12:59:39 UTC 2025
✅ Commit 11 on Tue Aug  5 12:59:39 UTC 2025
✅ Commit 12 on Tue Aug  5 12:59:39 UTC 2025
✅ Commit 1 on Tue Aug  5 18:15:56 UTC 2025
✅ Commit 2 on Tue Aug  5 18:15:56 UTC 2025
✅ Commit 3 on Tue Aug  5 18:15:56 UTC 2025
✅ Commit 4 on Tue Aug  5 18:15:56 UTC 2025
✅ Commit 5 on Tue Aug  5 18:15:56 UTC 2025
✅ Commit 6 on Tue Aug  5 18:15:56 UTC 2025
✅ Commit 7 on Tue Aug  5 18:15:56 UTC 2025
✅ Commit 8 on Tue Aug  5 18:15:56 UTC 2025
✅ Commit 9 on Tue Aug  5 18:15:56 UTC 2025
✅ Commit 10 on Tue Aug  5 18:15:56 UTC 2025
✅ Commit 11 on Tue Aug  5 18:15:56 UTC 2025
✅ Commit 12 on Tue Aug  5 18:15:56 UTC 2025
✅ Commit 1 on Wed Aug  6 02:26:02 UTC 2025
✅ Commit 2 on Wed Aug  6 02:26:02 UTC 2025
✅ Commit 3 on Wed Aug  6 02:26:02 UTC 2025
✅ Commit 4 on Wed Aug  6 02:26:02 UTC 2025
✅ Commit 5 on Wed Aug  6 02:26:02 UTC 2025
✅ Commit 6 on Wed Aug  6 02:26:02 UTC 2025
✅ Commit 7 on Wed Aug  6 02:26:02 UTC 2025
✅ Commit 8 on Wed Aug  6 02:26:02 UTC 2025
✅ Commit 9 on Wed Aug  6 02:26:02 UTC 2025
✅ Commit 10 on Wed Aug  6 02:26:02 UTC 2025
✅ Commit 11 on Wed Aug  6 02:26:02 UTC 2025
✅ Commit 12 on Wed Aug  6 02:26:02 UTC 2025
✅ Commit 1 on Wed Aug  6 06:36:35 UTC 2025
✅ Commit 2 on Wed Aug  6 06:36:35 UTC 2025
✅ Commit 3 on Wed Aug  6 06:36:35 UTC 2025
✅ Commit 4 on Wed Aug  6 06:36:35 UTC 2025
✅ Commit 5 on Wed Aug  6 06:36:35 UTC 2025
✅ Commit 6 on Wed Aug  6 06:36:35 UTC 2025
✅ Commit 7 on Wed Aug  6 06:36:35 UTC 2025
✅ Commit 8 on Wed Aug  6 06:36:35 UTC 2025
✅ Commit 9 on Wed Aug  6 06:36:36 UTC 2025
✅ Commit 10 on Wed Aug  6 06:36:36 UTC 2025
✅ Commit 11 on Wed Aug  6 06:36:36 UTC 2025
✅ Commit 12 on Wed Aug  6 06:36:36 UTC 2025
✅ Commit 1 on Wed Aug  6 12:59:31 UTC 2025
✅ Commit 2 on Wed Aug  6 12:59:31 UTC 2025
✅ Commit 3 on Wed Aug  6 12:59:31 UTC 2025
✅ Commit 4 on Wed Aug  6 12:59:31 UTC 2025
✅ Commit 5 on Wed Aug  6 12:59:31 UTC 2025
✅ Commit 6 on Wed Aug  6 12:59:31 UTC 2025
✅ Commit 7 on Wed Aug  6 12:59:31 UTC 2025
✅ Commit 8 on Wed Aug  6 12:59:31 UTC 2025
✅ Commit 9 on Wed Aug  6 12:59:31 UTC 2025
✅ Commit 10 on Wed Aug  6 12:59:31 UTC 2025
✅ Commit 11 on Wed Aug  6 12:59:31 UTC 2025
✅ Commit 12 on Wed Aug  6 12:59:31 UTC 2025
✅ Commit 1 on Wed Aug  6 18:15:04 UTC 2025
✅ Commit 2 on Wed Aug  6 18:15:04 UTC 2025
✅ Commit 3 on Wed Aug  6 18:15:04 UTC 2025
✅ Commit 4 on Wed Aug  6 18:15:04 UTC 2025
✅ Commit 5 on Wed Aug  6 18:15:04 UTC 2025
✅ Commit 6 on Wed Aug  6 18:15:04 UTC 2025
✅ Commit 7 on Wed Aug  6 18:15:04 UTC 2025
✅ Commit 8 on Wed Aug  6 18:15:04 UTC 2025
✅ Commit 9 on Wed Aug  6 18:15:05 UTC 2025
✅ Commit 10 on Wed Aug  6 18:15:05 UTC 2025
✅ Commit 11 on Wed Aug  6 18:15:05 UTC 2025
✅ Commit 12 on Wed Aug  6 18:15:05 UTC 2025
✅ Commit 1 on Thu Aug  7 02:26:21 UTC 2025
✅ Commit 2 on Thu Aug  7 02:26:21 UTC 2025
✅ Commit 3 on Thu Aug  7 02:26:21 UTC 2025
✅ Commit 4 on Thu Aug  7 02:26:21 UTC 2025
✅ Commit 5 on Thu Aug  7 02:26:21 UTC 2025
✅ Commit 6 on Thu Aug  7 02:26:21 UTC 2025
✅ Commit 7 on Thu Aug  7 02:26:21 UTC 2025
✅ Commit 8 on Thu Aug  7 02:26:21 UTC 2025
✅ Commit 9 on Thu Aug  7 02:26:21 UTC 2025
✅ Commit 10 on Thu Aug  7 02:26:21 UTC 2025
✅ Commit 11 on Thu Aug  7 02:26:21 UTC 2025
✅ Commit 12 on Thu Aug  7 02:26:21 UTC 2025
✅ Commit 1 on Thu Aug  7 06:36:08 UTC 2025
✅ Commit 2 on Thu Aug  7 06:36:08 UTC 2025
✅ Commit 3 on Thu Aug  7 06:36:08 UTC 2025
✅ Commit 4 on Thu Aug  7 06:36:08 UTC 2025
✅ Commit 5 on Thu Aug  7 06:36:08 UTC 2025
✅ Commit 6 on Thu Aug  7 06:36:08 UTC 2025
✅ Commit 7 on Thu Aug  7 06:36:08 UTC 2025
✅ Commit 8 on Thu Aug  7 06:36:08 UTC 2025
✅ Commit 9 on Thu Aug  7 06:36:08 UTC 2025
✅ Commit 10 on Thu Aug  7 06:36:08 UTC 2025
✅ Commit 11 on Thu Aug  7 06:36:08 UTC 2025
✅ Commit 12 on Thu Aug  7 06:36:08 UTC 2025
✅ Commit 1 on Thu Aug  7 12:59:01 UTC 2025
✅ Commit 2 on Thu Aug  7 12:59:01 UTC 2025
✅ Commit 3 on Thu Aug  7 12:59:01 UTC 2025
✅ Commit 4 on Thu Aug  7 12:59:01 UTC 2025
✅ Commit 5 on Thu Aug  7 12:59:01 UTC 2025
✅ Commit 6 on Thu Aug  7 12:59:01 UTC 2025
✅ Commit 7 on Thu Aug  7 12:59:01 UTC 2025
✅ Commit 8 on Thu Aug  7 12:59:01 UTC 2025
✅ Commit 9 on Thu Aug  7 12:59:01 UTC 2025
✅ Commit 10 on Thu Aug  7 12:59:01 UTC 2025
✅ Commit 11 on Thu Aug  7 12:59:01 UTC 2025
✅ Commit 12 on Thu Aug  7 12:59:01 UTC 2025
✅ Commit 1 on Thu Aug  7 18:15:16 UTC 2025
✅ Commit 2 on Thu Aug  7 18:15:16 UTC 2025
✅ Commit 3 on Thu Aug  7 18:15:16 UTC 2025
✅ Commit 4 on Thu Aug  7 18:15:16 UTC 2025
✅ Commit 5 on Thu Aug  7 18:15:16 UTC 2025
✅ Commit 6 on Thu Aug  7 18:15:16 UTC 2025
✅ Commit 7 on Thu Aug  7 18:15:16 UTC 2025
✅ Commit 8 on Thu Aug  7 18:15:16 UTC 2025
✅ Commit 9 on Thu Aug  7 18:15:16 UTC 2025
✅ Commit 10 on Thu Aug  7 18:15:16 UTC 2025
✅ Commit 11 on Thu Aug  7 18:15:16 UTC 2025
✅ Commit 12 on Thu Aug  7 18:15:16 UTC 2025
✅ Commit 1 on Fri Aug  8 02:26:09 UTC 2025
✅ Commit 2 on Fri Aug  8 02:26:09 UTC 2025
✅ Commit 3 on Fri Aug  8 02:26:09 UTC 2025
✅ Commit 4 on Fri Aug  8 02:26:09 UTC 2025
✅ Commit 5 on Fri Aug  8 02:26:09 UTC 2025
✅ Commit 6 on Fri Aug  8 02:26:09 UTC 2025
✅ Commit 7 on Fri Aug  8 02:26:09 UTC 2025
✅ Commit 8 on Fri Aug  8 02:26:09 UTC 2025
✅ Commit 9 on Fri Aug  8 02:26:09 UTC 2025
✅ Commit 10 on Fri Aug  8 02:26:09 UTC 2025
✅ Commit 11 on Fri Aug  8 02:26:09 UTC 2025
✅ Commit 12 on Fri Aug  8 02:26:09 UTC 2025
✅ Commit 1 on Fri Aug  8 06:36:13 UTC 2025
✅ Commit 2 on Fri Aug  8 06:36:13 UTC 2025
✅ Commit 3 on Fri Aug  8 06:36:13 UTC 2025
✅ Commit 4 on Fri Aug  8 06:36:13 UTC 2025
✅ Commit 5 on Fri Aug  8 06:36:13 UTC 2025
✅ Commit 6 on Fri Aug  8 06:36:13 UTC 2025
✅ Commit 7 on Fri Aug  8 06:36:13 UTC 2025
✅ Commit 8 on Fri Aug  8 06:36:13 UTC 2025
✅ Commit 9 on Fri Aug  8 06:36:13 UTC 2025
✅ Commit 10 on Fri Aug  8 06:36:13 UTC 2025
✅ Commit 11 on Fri Aug  8 06:36:13 UTC 2025
✅ Commit 12 on Fri Aug  8 06:36:13 UTC 2025
✅ Commit 1 on Fri Aug  8 12:57:46 UTC 2025
✅ Commit 2 on Fri Aug  8 12:57:46 UTC 2025
✅ Commit 3 on Fri Aug  8 12:57:46 UTC 2025
✅ Commit 4 on Fri Aug  8 12:57:46 UTC 2025
✅ Commit 5 on Fri Aug  8 12:57:46 UTC 2025
✅ Commit 6 on Fri Aug  8 12:57:46 UTC 2025
✅ Commit 7 on Fri Aug  8 12:57:46 UTC 2025
✅ Commit 8 on Fri Aug  8 12:57:46 UTC 2025
✅ Commit 9 on Fri Aug  8 12:57:46 UTC 2025
✅ Commit 10 on Fri Aug  8 12:57:46 UTC 2025
✅ Commit 11 on Fri Aug  8 12:57:46 UTC 2025
✅ Commit 12 on Fri Aug  8 12:57:46 UTC 2025
✅ Commit 1 on Fri Aug  8 18:12:42 UTC 2025
✅ Commit 2 on Fri Aug  8 18:12:42 UTC 2025
✅ Commit 3 on Fri Aug  8 18:12:42 UTC 2025
✅ Commit 4 on Fri Aug  8 18:12:42 UTC 2025
✅ Commit 5 on Fri Aug  8 18:12:42 UTC 2025
✅ Commit 6 on Fri Aug  8 18:12:42 UTC 2025
✅ Commit 7 on Fri Aug  8 18:12:42 UTC 2025
✅ Commit 8 on Fri Aug  8 18:12:42 UTC 2025
✅ Commit 9 on Fri Aug  8 18:12:42 UTC 2025
✅ Commit 10 on Fri Aug  8 18:12:42 UTC 2025
✅ Commit 11 on Fri Aug  8 18:12:42 UTC 2025
✅ Commit 12 on Fri Aug  8 18:12:42 UTC 2025
✅ Commit 1 on Sat Aug  9 02:08:21 UTC 2025
✅ Commit 2 on Sat Aug  9 02:08:21 UTC 2025
✅ Commit 3 on Sat Aug  9 02:08:21 UTC 2025
✅ Commit 4 on Sat Aug  9 02:08:22 UTC 2025
✅ Commit 5 on Sat Aug  9 02:08:22 UTC 2025
✅ Commit 6 on Sat Aug  9 02:08:22 UTC 2025
✅ Commit 7 on Sat Aug  9 02:08:22 UTC 2025
✅ Commit 8 on Sat Aug  9 02:08:22 UTC 2025
✅ Commit 9 on Sat Aug  9 02:08:22 UTC 2025
✅ Commit 10 on Sat Aug  9 02:08:22 UTC 2025
✅ Commit 11 on Sat Aug  9 02:08:22 UTC 2025
✅ Commit 12 on Sat Aug  9 02:08:22 UTC 2025
✅ Commit 1 on Sat Aug  9 06:31:25 UTC 2025
✅ Commit 2 on Sat Aug  9 06:31:25 UTC 2025
✅ Commit 3 on Sat Aug  9 06:31:25 UTC 2025
✅ Commit 4 on Sat Aug  9 06:31:25 UTC 2025
✅ Commit 5 on Sat Aug  9 06:31:25 UTC 2025
✅ Commit 6 on Sat Aug  9 06:31:25 UTC 2025
✅ Commit 7 on Sat Aug  9 06:31:25 UTC 2025
✅ Commit 8 on Sat Aug  9 06:31:25 UTC 2025
✅ Commit 9 on Sat Aug  9 06:31:25 UTC 2025
✅ Commit 10 on Sat Aug  9 06:31:25 UTC 2025
✅ Commit 11 on Sat Aug  9 06:31:25 UTC 2025
✅ Commit 12 on Sat Aug  9 06:31:25 UTC 2025
✅ Commit 1 on Sat Aug  9 12:51:27 UTC 2025
✅ Commit 2 on Sat Aug  9 12:51:27 UTC 2025
✅ Commit 3 on Sat Aug  9 12:51:27 UTC 2025
✅ Commit 4 on Sat Aug  9 12:51:27 UTC 2025
✅ Commit 5 on Sat Aug  9 12:51:27 UTC 2025
✅ Commit 6 on Sat Aug  9 12:51:27 UTC 2025
✅ Commit 7 on Sat Aug  9 12:51:27 UTC 2025
✅ Commit 8 on Sat Aug  9 12:51:27 UTC 2025
✅ Commit 9 on Sat Aug  9 12:51:27 UTC 2025
✅ Commit 10 on Sat Aug  9 12:51:27 UTC 2025
✅ Commit 11 on Sat Aug  9 12:51:27 UTC 2025
✅ Commit 12 on Sat Aug  9 12:51:27 UTC 2025
✅ Commit 1 on Sat Aug  9 18:12:49 UTC 2025
✅ Commit 2 on Sat Aug  9 18:12:49 UTC 2025
✅ Commit 3 on Sat Aug  9 18:12:49 UTC 2025
✅ Commit 4 on Sat Aug  9 18:12:49 UTC 2025
✅ Commit 5 on Sat Aug  9 18:12:49 UTC 2025
✅ Commit 6 on Sat Aug  9 18:12:49 UTC 2025
✅ Commit 7 on Sat Aug  9 18:12:49 UTC 2025
✅ Commit 8 on Sat Aug  9 18:12:49 UTC 2025
✅ Commit 9 on Sat Aug  9 18:12:49 UTC 2025
✅ Commit 10 on Sat Aug  9 18:12:49 UTC 2025
✅ Commit 11 on Sat Aug  9 18:12:49 UTC 2025
✅ Commit 12 on Sat Aug  9 18:12:49 UTC 2025
✅ Commit 1 on Sun Aug 10 02:30:07 UTC 2025
✅ Commit 2 on Sun Aug 10 02:30:07 UTC 2025
✅ Commit 3 on Sun Aug 10 02:30:07 UTC 2025
✅ Commit 4 on Sun Aug 10 02:30:07 UTC 2025
✅ Commit 5 on Sun Aug 10 02:30:07 UTC 2025
✅ Commit 6 on Sun Aug 10 02:30:07 UTC 2025
✅ Commit 7 on Sun Aug 10 02:30:07 UTC 2025
✅ Commit 8 on Sun Aug 10 02:30:07 UTC 2025
✅ Commit 9 on Sun Aug 10 02:30:07 UTC 2025
✅ Commit 10 on Sun Aug 10 02:30:07 UTC 2025
✅ Commit 11 on Sun Aug 10 02:30:07 UTC 2025
✅ Commit 12 on Sun Aug 10 02:30:07 UTC 2025
✅ Commit 1 on Sun Aug 10 06:31:13 UTC 2025
✅ Commit 2 on Sun Aug 10 06:31:13 UTC 2025
✅ Commit 3 on Sun Aug 10 06:31:13 UTC 2025
✅ Commit 4 on Sun Aug 10 06:31:13 UTC 2025
✅ Commit 5 on Sun Aug 10 06:31:13 UTC 2025
✅ Commit 6 on Sun Aug 10 06:31:13 UTC 2025
✅ Commit 7 on Sun Aug 10 06:31:13 UTC 2025
✅ Commit 8 on Sun Aug 10 06:31:13 UTC 2025
✅ Commit 9 on Sun Aug 10 06:31:13 UTC 2025
✅ Commit 10 on Sun Aug 10 06:31:13 UTC 2025
✅ Commit 11 on Sun Aug 10 06:31:13 UTC 2025
✅ Commit 12 on Sun Aug 10 06:31:13 UTC 2025
✅ Commit 1 on Sun Aug 10 12:52:06 UTC 2025
✅ Commit 2 on Sun Aug 10 12:52:06 UTC 2025
✅ Commit 3 on Sun Aug 10 12:52:06 UTC 2025
✅ Commit 4 on Sun Aug 10 12:52:06 UTC 2025
✅ Commit 5 on Sun Aug 10 12:52:06 UTC 2025
✅ Commit 6 on Sun Aug 10 12:52:06 UTC 2025
✅ Commit 7 on Sun Aug 10 12:52:06 UTC 2025
✅ Commit 8 on Sun Aug 10 12:52:06 UTC 2025
✅ Commit 9 on Sun Aug 10 12:52:06 UTC 2025
✅ Commit 10 on Sun Aug 10 12:52:06 UTC 2025
✅ Commit 11 on Sun Aug 10 12:52:06 UTC 2025
✅ Commit 12 on Sun Aug 10 12:52:06 UTC 2025
✅ Commit 1 on Sun Aug 10 18:12:07 UTC 2025
✅ Commit 2 on Sun Aug 10 18:12:07 UTC 2025
✅ Commit 3 on Sun Aug 10 18:12:07 UTC 2025
✅ Commit 4 on Sun Aug 10 18:12:07 UTC 2025
✅ Commit 5 on Sun Aug 10 18:12:07 UTC 2025
✅ Commit 6 on Sun Aug 10 18:12:07 UTC 2025
✅ Commit 7 on Sun Aug 10 18:12:07 UTC 2025
✅ Commit 8 on Sun Aug 10 18:12:07 UTC 2025
✅ Commit 9 on Sun Aug 10 18:12:07 UTC 2025
✅ Commit 10 on Sun Aug 10 18:12:07 UTC 2025
✅ Commit 11 on Sun Aug 10 18:12:07 UTC 2025
✅ Commit 12 on Sun Aug 10 18:12:07 UTC 2025
✅ Commit 1 on Mon Aug 11 02:25:49 UTC 2025
✅ Commit 2 on Mon Aug 11 02:25:49 UTC 2025
✅ Commit 3 on Mon Aug 11 02:25:49 UTC 2025
✅ Commit 4 on Mon Aug 11 02:25:49 UTC 2025
✅ Commit 5 on Mon Aug 11 02:25:49 UTC 2025
✅ Commit 6 on Mon Aug 11 02:25:49 UTC 2025
✅ Commit 7 on Mon Aug 11 02:25:49 UTC 2025
✅ Commit 8 on Mon Aug 11 02:25:49 UTC 2025
✅ Commit 9 on Mon Aug 11 02:25:49 UTC 2025
✅ Commit 10 on Mon Aug 11 02:25:49 UTC 2025
✅ Commit 11 on Mon Aug 11 02:25:49 UTC 2025
✅ Commit 12 on Mon Aug 11 02:25:49 UTC 2025
✅ Commit 1 on Mon Aug 11 06:35:48 UTC 2025
✅ Commit 2 on Mon Aug 11 06:35:48 UTC 2025
✅ Commit 3 on Mon Aug 11 06:35:48 UTC 2025
✅ Commit 4 on Mon Aug 11 06:35:48 UTC 2025
✅ Commit 5 on Mon Aug 11 06:35:48 UTC 2025
✅ Commit 6 on Mon Aug 11 06:35:48 UTC 2025
✅ Commit 7 on Mon Aug 11 06:35:48 UTC 2025
✅ Commit 8 on Mon Aug 11 06:35:48 UTC 2025
✅ Commit 9 on Mon Aug 11 06:35:48 UTC 2025
✅ Commit 10 on Mon Aug 11 06:35:48 UTC 2025
✅ Commit 11 on Mon Aug 11 06:35:48 UTC 2025
✅ Commit 12 on Mon Aug 11 06:35:48 UTC 2025
✅ Commit 1 on Mon Aug 11 12:57:03 UTC 2025
✅ Commit 2 on Mon Aug 11 12:57:03 UTC 2025
✅ Commit 3 on Mon Aug 11 12:57:03 UTC 2025
✅ Commit 4 on Mon Aug 11 12:57:03 UTC 2025
✅ Commit 5 on Mon Aug 11 12:57:03 UTC 2025
✅ Commit 6 on Mon Aug 11 12:57:03 UTC 2025
✅ Commit 7 on Mon Aug 11 12:57:03 UTC 2025
✅ Commit 8 on Mon Aug 11 12:57:03 UTC 2025
✅ Commit 9 on Mon Aug 11 12:57:03 UTC 2025
✅ Commit 10 on Mon Aug 11 12:57:03 UTC 2025
✅ Commit 11 on Mon Aug 11 12:57:03 UTC 2025
✅ Commit 12 on Mon Aug 11 12:57:03 UTC 2025
✅ Commit 1 on Mon Aug 11 18:14:36 UTC 2025
✅ Commit 2 on Mon Aug 11 18:14:36 UTC 2025
✅ Commit 3 on Mon Aug 11 18:14:36 UTC 2025
✅ Commit 4 on Mon Aug 11 18:14:36 UTC 2025
✅ Commit 5 on Mon Aug 11 18:14:36 UTC 2025
✅ Commit 6 on Mon Aug 11 18:14:36 UTC 2025
✅ Commit 7 on Mon Aug 11 18:14:36 UTC 2025
✅ Commit 8 on Mon Aug 11 18:14:36 UTC 2025
✅ Commit 9 on Mon Aug 11 18:14:36 UTC 2025
✅ Commit 10 on Mon Aug 11 18:14:36 UTC 2025
✅ Commit 11 on Mon Aug 11 18:14:36 UTC 2025
✅ Commit 12 on Mon Aug 11 18:14:36 UTC 2025
✅ Commit 1 on Tue Aug 12 02:07:50 UTC 2025
✅ Commit 2 on Tue Aug 12 02:07:50 UTC 2025
✅ Commit 3 on Tue Aug 12 02:07:50 UTC 2025
✅ Commit 4 on Tue Aug 12 02:07:50 UTC 2025
✅ Commit 5 on Tue Aug 12 02:07:50 UTC 2025
✅ Commit 6 on Tue Aug 12 02:07:50 UTC 2025
✅ Commit 7 on Tue Aug 12 02:07:50 UTC 2025
✅ Commit 8 on Tue Aug 12 02:07:50 UTC 2025
✅ Commit 9 on Tue Aug 12 02:07:50 UTC 2025
✅ Commit 10 on Tue Aug 12 02:07:50 UTC 2025
✅ Commit 11 on Tue Aug 12 02:07:50 UTC 2025
✅ Commit 12 on Tue Aug 12 02:07:50 UTC 2025
✅ Commit 1 on Tue Aug 12 06:33:21 UTC 2025
✅ Commit 2 on Tue Aug 12 06:33:21 UTC 2025
✅ Commit 3 on Tue Aug 12 06:33:21 UTC 2025
✅ Commit 4 on Tue Aug 12 06:33:21 UTC 2025
✅ Commit 5 on Tue Aug 12 06:33:21 UTC 2025
✅ Commit 6 on Tue Aug 12 06:33:21 UTC 2025
✅ Commit 7 on Tue Aug 12 06:33:21 UTC 2025
✅ Commit 8 on Tue Aug 12 06:33:21 UTC 2025
✅ Commit 9 on Tue Aug 12 06:33:21 UTC 2025
✅ Commit 10 on Tue Aug 12 06:33:21 UTC 2025
✅ Commit 11 on Tue Aug 12 06:33:21 UTC 2025
✅ Commit 12 on Tue Aug 12 06:33:21 UTC 2025
✅ Commit 1 on Tue Aug 12 12:54:27 UTC 2025
✅ Commit 2 on Tue Aug 12 12:54:27 UTC 2025
✅ Commit 3 on Tue Aug 12 12:54:27 UTC 2025
✅ Commit 4 on Tue Aug 12 12:54:27 UTC 2025
✅ Commit 5 on Tue Aug 12 12:54:27 UTC 2025
✅ Commit 6 on Tue Aug 12 12:54:27 UTC 2025
✅ Commit 7 on Tue Aug 12 12:54:27 UTC 2025
✅ Commit 8 on Tue Aug 12 12:54:27 UTC 2025
✅ Commit 9 on Tue Aug 12 12:54:27 UTC 2025
✅ Commit 10 on Tue Aug 12 12:54:27 UTC 2025
✅ Commit 11 on Tue Aug 12 12:54:27 UTC 2025
✅ Commit 12 on Tue Aug 12 12:54:27 UTC 2025
✅ Commit 1 on Tue Aug 12 18:14:20 UTC 2025
✅ Commit 2 on Tue Aug 12 18:14:20 UTC 2025
✅ Commit 3 on Tue Aug 12 18:14:20 UTC 2025
✅ Commit 4 on Tue Aug 12 18:14:20 UTC 2025
✅ Commit 5 on Tue Aug 12 18:14:20 UTC 2025
✅ Commit 6 on Tue Aug 12 18:14:20 UTC 2025
✅ Commit 7 on Tue Aug 12 18:14:20 UTC 2025
✅ Commit 8 on Tue Aug 12 18:14:20 UTC 2025
✅ Commit 9 on Tue Aug 12 18:14:20 UTC 2025
✅ Commit 10 on Tue Aug 12 18:14:20 UTC 2025
✅ Commit 11 on Tue Aug 12 18:14:20 UTC 2025
✅ Commit 12 on Tue Aug 12 18:14:20 UTC 2025
✅ Commit 1 on Wed Aug 13 02:09:19 UTC 2025
✅ Commit 2 on Wed Aug 13 02:09:19 UTC 2025
✅ Commit 3 on Wed Aug 13 02:09:19 UTC 2025
✅ Commit 4 on Wed Aug 13 02:09:19 UTC 2025
✅ Commit 5 on Wed Aug 13 02:09:19 UTC 2025
✅ Commit 6 on Wed Aug 13 02:09:19 UTC 2025
✅ Commit 7 on Wed Aug 13 02:09:19 UTC 2025
✅ Commit 8 on Wed Aug 13 02:09:19 UTC 2025
✅ Commit 9 on Wed Aug 13 02:09:19 UTC 2025
✅ Commit 10 on Wed Aug 13 02:09:19 UTC 2025
✅ Commit 11 on Wed Aug 13 02:09:19 UTC 2025
✅ Commit 12 on Wed Aug 13 02:09:19 UTC 2025
✅ Commit 1 on Wed Aug 13 06:33:14 UTC 2025
✅ Commit 2 on Wed Aug 13 06:33:14 UTC 2025
✅ Commit 3 on Wed Aug 13 06:33:14 UTC 2025
✅ Commit 4 on Wed Aug 13 06:33:14 UTC 2025
✅ Commit 5 on Wed Aug 13 06:33:14 UTC 2025
✅ Commit 6 on Wed Aug 13 06:33:14 UTC 2025
✅ Commit 7 on Wed Aug 13 06:33:14 UTC 2025
✅ Commit 8 on Wed Aug 13 06:33:14 UTC 2025
✅ Commit 9 on Wed Aug 13 06:33:14 UTC 2025
✅ Commit 10 on Wed Aug 13 06:33:14 UTC 2025
✅ Commit 11 on Wed Aug 13 06:33:14 UTC 2025
✅ Commit 12 on Wed Aug 13 06:33:14 UTC 2025
✅ Commit 1 on Wed Aug 13 12:55:14 UTC 2025
✅ Commit 2 on Wed Aug 13 12:55:14 UTC 2025
✅ Commit 3 on Wed Aug 13 12:55:14 UTC 2025
✅ Commit 4 on Wed Aug 13 12:55:14 UTC 2025
✅ Commit 5 on Wed Aug 13 12:55:14 UTC 2025
✅ Commit 6 on Wed Aug 13 12:55:14 UTC 2025
✅ Commit 7 on Wed Aug 13 12:55:14 UTC 2025
✅ Commit 8 on Wed Aug 13 12:55:14 UTC 2025
✅ Commit 9 on Wed Aug 13 12:55:14 UTC 2025
✅ Commit 10 on Wed Aug 13 12:55:14 UTC 2025
✅ Commit 11 on Wed Aug 13 12:55:14 UTC 2025
✅ Commit 12 on Wed Aug 13 12:55:14 UTC 2025
✅ Commit 1 on Wed Aug 13 18:14:18 UTC 2025
✅ Commit 2 on Wed Aug 13 18:14:18 UTC 2025
✅ Commit 3 on Wed Aug 13 18:14:18 UTC 2025
✅ Commit 4 on Wed Aug 13 18:14:18 UTC 2025
✅ Commit 5 on Wed Aug 13 18:14:18 UTC 2025
✅ Commit 6 on Wed Aug 13 18:14:18 UTC 2025
✅ Commit 7 on Wed Aug 13 18:14:18 UTC 2025
✅ Commit 8 on Wed Aug 13 18:14:18 UTC 2025
✅ Commit 9 on Wed Aug 13 18:14:18 UTC 2025
✅ Commit 10 on Wed Aug 13 18:14:18 UTC 2025
✅ Commit 11 on Wed Aug 13 18:14:18 UTC 2025
✅ Commit 12 on Wed Aug 13 18:14:18 UTC 2025
✅ Commit 1 on Thu Aug 14 02:10:12 UTC 2025
✅ Commit 2 on Thu Aug 14 02:10:12 UTC 2025
✅ Commit 3 on Thu Aug 14 02:10:12 UTC 2025
✅ Commit 4 on Thu Aug 14 02:10:12 UTC 2025
✅ Commit 5 on Thu Aug 14 02:10:12 UTC 2025
✅ Commit 6 on Thu Aug 14 02:10:12 UTC 2025
✅ Commit 7 on Thu Aug 14 02:10:12 UTC 2025
✅ Commit 8 on Thu Aug 14 02:10:12 UTC 2025
✅ Commit 9 on Thu Aug 14 02:10:12 UTC 2025
✅ Commit 10 on Thu Aug 14 02:10:12 UTC 2025
✅ Commit 11 on Thu Aug 14 02:10:12 UTC 2025
✅ Commit 12 on Thu Aug 14 02:10:12 UTC 2025
✅ Commit 1 on Thu Aug 14 06:33:44 UTC 2025
✅ Commit 2 on Thu Aug 14 06:33:44 UTC 2025
✅ Commit 3 on Thu Aug 14 06:33:44 UTC 2025
✅ Commit 4 on Thu Aug 14 06:33:44 UTC 2025
✅ Commit 5 on Thu Aug 14 06:33:44 UTC 2025
✅ Commit 6 on Thu Aug 14 06:33:44 UTC 2025
✅ Commit 7 on Thu Aug 14 06:33:44 UTC 2025
✅ Commit 8 on Thu Aug 14 06:33:44 UTC 2025
✅ Commit 9 on Thu Aug 14 06:33:44 UTC 2025
✅ Commit 10 on Thu Aug 14 06:33:44 UTC 2025
✅ Commit 11 on Thu Aug 14 06:33:44 UTC 2025
✅ Commit 12 on Thu Aug 14 06:33:44 UTC 2025
✅ Commit 1 on Thu Aug 14 12:55:50 UTC 2025
✅ Commit 2 on Thu Aug 14 12:55:50 UTC 2025
✅ Commit 3 on Thu Aug 14 12:55:50 UTC 2025
✅ Commit 4 on Thu Aug 14 12:55:50 UTC 2025
✅ Commit 5 on Thu Aug 14 12:55:50 UTC 2025
✅ Commit 6 on Thu Aug 14 12:55:50 UTC 2025
✅ Commit 7 on Thu Aug 14 12:55:50 UTC 2025
✅ Commit 8 on Thu Aug 14 12:55:50 UTC 2025
✅ Commit 9 on Thu Aug 14 12:55:50 UTC 2025
✅ Commit 10 on Thu Aug 14 12:55:50 UTC 2025
✅ Commit 11 on Thu Aug 14 12:55:50 UTC 2025
✅ Commit 12 on Thu Aug 14 12:55:50 UTC 2025
✅ Commit 1 on Thu Aug 14 18:14:07 UTC 2025
✅ Commit 2 on Thu Aug 14 18:14:07 UTC 2025
✅ Commit 3 on Thu Aug 14 18:14:07 UTC 2025
✅ Commit 4 on Thu Aug 14 18:14:07 UTC 2025
✅ Commit 5 on Thu Aug 14 18:14:07 UTC 2025
✅ Commit 6 on Thu Aug 14 18:14:07 UTC 2025
✅ Commit 7 on Thu Aug 14 18:14:07 UTC 2025
✅ Commit 8 on Thu Aug 14 18:14:07 UTC 2025
✅ Commit 9 on Thu Aug 14 18:14:07 UTC 2025
✅ Commit 10 on Thu Aug 14 18:14:07 UTC 2025
✅ Commit 11 on Thu Aug 14 18:14:07 UTC 2025
✅ Commit 12 on Thu Aug 14 18:14:07 UTC 2025
✅ Commit 1 on Fri Aug 15 02:10:44 UTC 2025
✅ Commit 2 on Fri Aug 15 02:10:44 UTC 2025
✅ Commit 3 on Fri Aug 15 02:10:44 UTC 2025
✅ Commit 4 on Fri Aug 15 02:10:44 UTC 2025
✅ Commit 5 on Fri Aug 15 02:10:44 UTC 2025
✅ Commit 6 on Fri Aug 15 02:10:44 UTC 2025
✅ Commit 7 on Fri Aug 15 02:10:44 UTC 2025
✅ Commit 8 on Fri Aug 15 02:10:44 UTC 2025
✅ Commit 9 on Fri Aug 15 02:10:44 UTC 2025
✅ Commit 10 on Fri Aug 15 02:10:44 UTC 2025
✅ Commit 11 on Fri Aug 15 02:10:44 UTC 2025
✅ Commit 12 on Fri Aug 15 02:10:44 UTC 2025
✅ Commit 1 on Fri Aug 15 06:32:51 UTC 2025
✅ Commit 2 on Fri Aug 15 06:32:51 UTC 2025
✅ Commit 3 on Fri Aug 15 06:32:51 UTC 2025
✅ Commit 4 on Fri Aug 15 06:32:51 UTC 2025
✅ Commit 5 on Fri Aug 15 06:32:51 UTC 2025
✅ Commit 6 on Fri Aug 15 06:32:51 UTC 2025
✅ Commit 7 on Fri Aug 15 06:32:51 UTC 2025
✅ Commit 8 on Fri Aug 15 06:32:51 UTC 2025
✅ Commit 9 on Fri Aug 15 06:32:51 UTC 2025
✅ Commit 10 on Fri Aug 15 06:32:51 UTC 2025
✅ Commit 11 on Fri Aug 15 06:32:51 UTC 2025
✅ Commit 12 on Fri Aug 15 06:32:51 UTC 2025
✅ Commit 1 on Fri Aug 15 12:51:54 UTC 2025
✅ Commit 2 on Fri Aug 15 12:51:54 UTC 2025
✅ Commit 3 on Fri Aug 15 12:51:54 UTC 2025
✅ Commit 4 on Fri Aug 15 12:51:54 UTC 2025
✅ Commit 5 on Fri Aug 15 12:51:54 UTC 2025
✅ Commit 6 on Fri Aug 15 12:51:54 UTC 2025
✅ Commit 7 on Fri Aug 15 12:51:54 UTC 2025
✅ Commit 8 on Fri Aug 15 12:51:54 UTC 2025
✅ Commit 9 on Fri Aug 15 12:51:54 UTC 2025
✅ Commit 10 on Fri Aug 15 12:51:54 UTC 2025
✅ Commit 11 on Fri Aug 15 12:51:54 UTC 2025
✅ Commit 12 on Fri Aug 15 12:51:54 UTC 2025
✅ Commit 1 on Fri Aug 15 18:13:59 UTC 2025
✅ Commit 2 on Fri Aug 15 18:13:59 UTC 2025
✅ Commit 3 on Fri Aug 15 18:13:59 UTC 2025
✅ Commit 4 on Fri Aug 15 18:13:59 UTC 2025
✅ Commit 5 on Fri Aug 15 18:13:59 UTC 2025
✅ Commit 6 on Fri Aug 15 18:13:59 UTC 2025
✅ Commit 7 on Fri Aug 15 18:13:59 UTC 2025
✅ Commit 8 on Fri Aug 15 18:13:59 UTC 2025
✅ Commit 9 on Fri Aug 15 18:13:59 UTC 2025
✅ Commit 10 on Fri Aug 15 18:13:59 UTC 2025
✅ Commit 11 on Fri Aug 15 18:13:59 UTC 2025
✅ Commit 12 on Fri Aug 15 18:13:59 UTC 2025
✅ Commit 1 on Sat Aug 16 02:04:41 UTC 2025
✅ Commit 2 on Sat Aug 16 02:04:41 UTC 2025
✅ Commit 3 on Sat Aug 16 02:04:41 UTC 2025
✅ Commit 4 on Sat Aug 16 02:04:41 UTC 2025
✅ Commit 5 on Sat Aug 16 02:04:41 UTC 2025
✅ Commit 6 on Sat Aug 16 02:04:41 UTC 2025
✅ Commit 7 on Sat Aug 16 02:04:41 UTC 2025
✅ Commit 8 on Sat Aug 16 02:04:41 UTC 2025
✅ Commit 9 on Sat Aug 16 02:04:41 UTC 2025
✅ Commit 10 on Sat Aug 16 02:04:41 UTC 2025
✅ Commit 11 on Sat Aug 16 02:04:41 UTC 2025
✅ Commit 12 on Sat Aug 16 02:04:41 UTC 2025
✅ Commit 1 on Sat Aug 16 06:29:54 UTC 2025
✅ Commit 2 on Sat Aug 16 06:29:54 UTC 2025
✅ Commit 3 on Sat Aug 16 06:29:54 UTC 2025
✅ Commit 4 on Sat Aug 16 06:29:54 UTC 2025
✅ Commit 5 on Sat Aug 16 06:29:54 UTC 2025
✅ Commit 6 on Sat Aug 16 06:29:54 UTC 2025
✅ Commit 7 on Sat Aug 16 06:29:54 UTC 2025
✅ Commit 8 on Sat Aug 16 06:29:54 UTC 2025
✅ Commit 9 on Sat Aug 16 06:29:54 UTC 2025
✅ Commit 10 on Sat Aug 16 06:29:54 UTC 2025
✅ Commit 11 on Sat Aug 16 06:29:54 UTC 2025
✅ Commit 12 on Sat Aug 16 06:29:54 UTC 2025
✅ Commit 1 on Sat Aug 16 12:49:38 UTC 2025
✅ Commit 2 on Sat Aug 16 12:49:38 UTC 2025
✅ Commit 3 on Sat Aug 16 12:49:38 UTC 2025
✅ Commit 4 on Sat Aug 16 12:49:38 UTC 2025
✅ Commit 5 on Sat Aug 16 12:49:38 UTC 2025
✅ Commit 6 on Sat Aug 16 12:49:38 UTC 2025
✅ Commit 7 on Sat Aug 16 12:49:38 UTC 2025
✅ Commit 8 on Sat Aug 16 12:49:38 UTC 2025
✅ Commit 9 on Sat Aug 16 12:49:38 UTC 2025
✅ Commit 10 on Sat Aug 16 12:49:38 UTC 2025
✅ Commit 11 on Sat Aug 16 12:49:38 UTC 2025
✅ Commit 12 on Sat Aug 16 12:49:38 UTC 2025
✅ Commit 1 on Sat Aug 16 18:11:47 UTC 2025
✅ Commit 2 on Sat Aug 16 18:11:47 UTC 2025
✅ Commit 3 on Sat Aug 16 18:11:47 UTC 2025
✅ Commit 4 on Sat Aug 16 18:11:48 UTC 2025
✅ Commit 5 on Sat Aug 16 18:11:48 UTC 2025
✅ Commit 6 on Sat Aug 16 18:11:48 UTC 2025
✅ Commit 7 on Sat Aug 16 18:11:48 UTC 2025
✅ Commit 8 on Sat Aug 16 18:11:48 UTC 2025
✅ Commit 9 on Sat Aug 16 18:11:48 UTC 2025
✅ Commit 10 on Sat Aug 16 18:11:48 UTC 2025
✅ Commit 11 on Sat Aug 16 18:11:48 UTC 2025
✅ Commit 12 on Sat Aug 16 18:11:48 UTC 2025
✅ Commit 1 on Sun Aug 17 02:22:33 UTC 2025
✅ Commit 2 on Sun Aug 17 02:22:33 UTC 2025
✅ Commit 3 on Sun Aug 17 02:22:33 UTC 2025
✅ Commit 4 on Sun Aug 17 02:22:33 UTC 2025
✅ Commit 5 on Sun Aug 17 02:22:33 UTC 2025
✅ Commit 6 on Sun Aug 17 02:22:33 UTC 2025
✅ Commit 7 on Sun Aug 17 02:22:33 UTC 2025
✅ Commit 8 on Sun Aug 17 02:22:33 UTC 2025
✅ Commit 9 on Sun Aug 17 02:22:33 UTC 2025
✅ Commit 10 on Sun Aug 17 02:22:33 UTC 2025
✅ Commit 11 on Sun Aug 17 02:22:33 UTC 2025
✅ Commit 12 on Sun Aug 17 02:22:33 UTC 2025
✅ Commit 1 on Sun Aug 17 06:30:53 UTC 2025
✅ Commit 2 on Sun Aug 17 06:30:53 UTC 2025
✅ Commit 3 on Sun Aug 17 06:30:53 UTC 2025
✅ Commit 4 on Sun Aug 17 06:30:53 UTC 2025
✅ Commit 5 on Sun Aug 17 06:30:53 UTC 2025
✅ Commit 6 on Sun Aug 17 06:30:53 UTC 2025
✅ Commit 7 on Sun Aug 17 06:30:53 UTC 2025
✅ Commit 8 on Sun Aug 17 06:30:53 UTC 2025
✅ Commit 9 on Sun Aug 17 06:30:53 UTC 2025
✅ Commit 10 on Sun Aug 17 06:30:53 UTC 2025
✅ Commit 11 on Sun Aug 17 06:30:54 UTC 2025
✅ Commit 12 on Sun Aug 17 06:30:54 UTC 2025
✅ Commit 1 on Sun Aug 17 12:50:22 UTC 2025
✅ Commit 2 on Sun Aug 17 12:50:22 UTC 2025
✅ Commit 3 on Sun Aug 17 12:50:22 UTC 2025
✅ Commit 4 on Sun Aug 17 12:50:22 UTC 2025
✅ Commit 5 on Sun Aug 17 12:50:22 UTC 2025
✅ Commit 6 on Sun Aug 17 12:50:22 UTC 2025
✅ Commit 7 on Sun Aug 17 12:50:22 UTC 2025
✅ Commit 8 on Sun Aug 17 12:50:22 UTC 2025
✅ Commit 9 on Sun Aug 17 12:50:22 UTC 2025
✅ Commit 10 on Sun Aug 17 12:50:22 UTC 2025
✅ Commit 11 on Sun Aug 17 12:50:22 UTC 2025
✅ Commit 12 on Sun Aug 17 12:50:22 UTC 2025
✅ Commit 1 on Sun Aug 17 18:12:29 UTC 2025
✅ Commit 2 on Sun Aug 17 18:12:29 UTC 2025
✅ Commit 3 on Sun Aug 17 18:12:29 UTC 2025
✅ Commit 4 on Sun Aug 17 18:12:29 UTC 2025
✅ Commit 5 on Sun Aug 17 18:12:29 UTC 2025
✅ Commit 6 on Sun Aug 17 18:12:29 UTC 2025
✅ Commit 7 on Sun Aug 17 18:12:29 UTC 2025
✅ Commit 8 on Sun Aug 17 18:12:29 UTC 2025
✅ Commit 9 on Sun Aug 17 18:12:29 UTC 2025
✅ Commit 10 on Sun Aug 17 18:12:29 UTC 2025
✅ Commit 11 on Sun Aug 17 18:12:29 UTC 2025
✅ Commit 12 on Sun Aug 17 18:12:29 UTC 2025
✅ Commit 1 on Mon Aug 18 02:22:50 UTC 2025
✅ Commit 2 on Mon Aug 18 02:22:50 UTC 2025
✅ Commit 3 on Mon Aug 18 02:22:50 UTC 2025
✅ Commit 4 on Mon Aug 18 02:22:50 UTC 2025
✅ Commit 5 on Mon Aug 18 02:22:50 UTC 2025
✅ Commit 6 on Mon Aug 18 02:22:50 UTC 2025
✅ Commit 7 on Mon Aug 18 02:22:50 UTC 2025
✅ Commit 8 on Mon Aug 18 02:22:50 UTC 2025
✅ Commit 9 on Mon Aug 18 02:22:50 UTC 2025
✅ Commit 10 on Mon Aug 18 02:22:50 UTC 2025
✅ Commit 11 on Mon Aug 18 02:22:50 UTC 2025
✅ Commit 12 on Mon Aug 18 02:22:50 UTC 2025
✅ Commit 1 on Mon Aug 18 06:35:33 UTC 2025
✅ Commit 2 on Mon Aug 18 06:35:33 UTC 2025
✅ Commit 3 on Mon Aug 18 06:35:33 UTC 2025
✅ Commit 4 on Mon Aug 18 06:35:33 UTC 2025
✅ Commit 5 on Mon Aug 18 06:35:33 UTC 2025
✅ Commit 6 on Mon Aug 18 06:35:33 UTC 2025
✅ Commit 7 on Mon Aug 18 06:35:33 UTC 2025
✅ Commit 8 on Mon Aug 18 06:35:33 UTC 2025
✅ Commit 9 on Mon Aug 18 06:35:33 UTC 2025
✅ Commit 10 on Mon Aug 18 06:35:33 UTC 2025
✅ Commit 11 on Mon Aug 18 06:35:33 UTC 2025
✅ Commit 12 on Mon Aug 18 06:35:33 UTC 2025
✅ Commit 1 on Mon Aug 18 12:56:19 UTC 2025
✅ Commit 2 on Mon Aug 18 12:56:19 UTC 2025
✅ Commit 3 on Mon Aug 18 12:56:19 UTC 2025
✅ Commit 4 on Mon Aug 18 12:56:19 UTC 2025
✅ Commit 5 on Mon Aug 18 12:56:19 UTC 2025
✅ Commit 6 on Mon Aug 18 12:56:19 UTC 2025
✅ Commit 7 on Mon Aug 18 12:56:19 UTC 2025
✅ Commit 8 on Mon Aug 18 12:56:19 UTC 2025
✅ Commit 9 on Mon Aug 18 12:56:19 UTC 2025
✅ Commit 10 on Mon Aug 18 12:56:19 UTC 2025
✅ Commit 11 on Mon Aug 18 12:56:19 UTC 2025
✅ Commit 12 on Mon Aug 18 12:56:19 UTC 2025
✅ Commit 1 on Mon Aug 18 18:14:18 UTC 2025
✅ Commit 2 on Mon Aug 18 18:14:18 UTC 2025
✅ Commit 3 on Mon Aug 18 18:14:18 UTC 2025
✅ Commit 4 on Mon Aug 18 18:14:18 UTC 2025
✅ Commit 5 on Mon Aug 18 18:14:18 UTC 2025
✅ Commit 6 on Mon Aug 18 18:14:18 UTC 2025
✅ Commit 7 on Mon Aug 18 18:14:18 UTC 2025
✅ Commit 8 on Mon Aug 18 18:14:18 UTC 2025
✅ Commit 9 on Mon Aug 18 18:14:18 UTC 2025
✅ Commit 10 on Mon Aug 18 18:14:18 UTC 2025
✅ Commit 11 on Mon Aug 18 18:14:18 UTC 2025
✅ Commit 12 on Mon Aug 18 18:14:18 UTC 2025
✅ Commit 1 on Tue Aug 19 02:03:28 UTC 2025
✅ Commit 2 on Tue Aug 19 02:03:28 UTC 2025
✅ Commit 3 on Tue Aug 19 02:03:28 UTC 2025
✅ Commit 4 on Tue Aug 19 02:03:28 UTC 2025
✅ Commit 5 on Tue Aug 19 02:03:28 UTC 2025
✅ Commit 6 on Tue Aug 19 02:03:28 UTC 2025
✅ Commit 7 on Tue Aug 19 02:03:28 UTC 2025
✅ Commit 8 on Tue Aug 19 02:03:28 UTC 2025
✅ Commit 9 on Tue Aug 19 02:03:29 UTC 2025
✅ Commit 10 on Tue Aug 19 02:03:29 UTC 2025
✅ Commit 11 on Tue Aug 19 02:03:29 UTC 2025
✅ Commit 12 on Tue Aug 19 02:03:29 UTC 2025
✅ Commit 1 on Tue Aug 19 06:32:05 UTC 2025
✅ Commit 2 on Tue Aug 19 06:32:05 UTC 2025
✅ Commit 3 on Tue Aug 19 06:32:05 UTC 2025
✅ Commit 4 on Tue Aug 19 06:32:05 UTC 2025
✅ Commit 5 on Tue Aug 19 06:32:05 UTC 2025
✅ Commit 6 on Tue Aug 19 06:32:05 UTC 2025
✅ Commit 7 on Tue Aug 19 06:32:05 UTC 2025
✅ Commit 8 on Tue Aug 19 06:32:05 UTC 2025
✅ Commit 9 on Tue Aug 19 06:32:05 UTC 2025
✅ Commit 10 on Tue Aug 19 06:32:05 UTC 2025
✅ Commit 11 on Tue Aug 19 06:32:05 UTC 2025
✅ Commit 12 on Tue Aug 19 06:32:05 UTC 2025
✅ Commit 1 on Tue Aug 19 12:50:05 UTC 2025
✅ Commit 2 on Tue Aug 19 12:50:05 UTC 2025
✅ Commit 3 on Tue Aug 19 12:50:05 UTC 2025
✅ Commit 4 on Tue Aug 19 12:50:05 UTC 2025
✅ Commit 5 on Tue Aug 19 12:50:05 UTC 2025
✅ Commit 6 on Tue Aug 19 12:50:05 UTC 2025
✅ Commit 7 on Tue Aug 19 12:50:05 UTC 2025
✅ Commit 8 on Tue Aug 19 12:50:05 UTC 2025
✅ Commit 9 on Tue Aug 19 12:50:05 UTC 2025
✅ Commit 10 on Tue Aug 19 12:50:05 UTC 2025
✅ Commit 11 on Tue Aug 19 12:50:05 UTC 2025
✅ Commit 12 on Tue Aug 19 12:50:05 UTC 2025
✅ Commit 1 on Tue Aug 19 18:13:14 UTC 2025
✅ Commit 2 on Tue Aug 19 18:13:14 UTC 2025
✅ Commit 3 on Tue Aug 19 18:13:14 UTC 2025
✅ Commit 4 on Tue Aug 19 18:13:14 UTC 2025
✅ Commit 5 on Tue Aug 19 18:13:14 UTC 2025
✅ Commit 6 on Tue Aug 19 18:13:14 UTC 2025
✅ Commit 7 on Tue Aug 19 18:13:14 UTC 2025
✅ Commit 8 on Tue Aug 19 18:13:14 UTC 2025
✅ Commit 9 on Tue Aug 19 18:13:14 UTC 2025
✅ Commit 10 on Tue Aug 19 18:13:14 UTC 2025
✅ Commit 11 on Tue Aug 19 18:13:14 UTC 2025
✅ Commit 12 on Tue Aug 19 18:13:14 UTC 2025
✅ Commit 1 on Wed Aug 20 02:01:28 UTC 2025
✅ Commit 2 on Wed Aug 20 02:01:28 UTC 2025
✅ Commit 3 on Wed Aug 20 02:01:28 UTC 2025
✅ Commit 4 on Wed Aug 20 02:01:28 UTC 2025
✅ Commit 5 on Wed Aug 20 02:01:28 UTC 2025
✅ Commit 6 on Wed Aug 20 02:01:28 UTC 2025
✅ Commit 7 on Wed Aug 20 02:01:28 UTC 2025
✅ Commit 8 on Wed Aug 20 02:01:28 UTC 2025
✅ Commit 9 on Wed Aug 20 02:01:28 UTC 2025
✅ Commit 10 on Wed Aug 20 02:01:28 UTC 2025
✅ Commit 11 on Wed Aug 20 02:01:28 UTC 2025
✅ Commit 12 on Wed Aug 20 02:01:28 UTC 2025
✅ Commit 1 on Wed Aug 20 06:32:02 UTC 2025
✅ Commit 2 on Wed Aug 20 06:32:02 UTC 2025
✅ Commit 3 on Wed Aug 20 06:32:02 UTC 2025
✅ Commit 4 on Wed Aug 20 06:32:02 UTC 2025
✅ Commit 5 on Wed Aug 20 06:32:02 UTC 2025
✅ Commit 6 on Wed Aug 20 06:32:02 UTC 2025
✅ Commit 7 on Wed Aug 20 06:32:02 UTC 2025
✅ Commit 8 on Wed Aug 20 06:32:02 UTC 2025
✅ Commit 9 on Wed Aug 20 06:32:02 UTC 2025
✅ Commit 10 on Wed Aug 20 06:32:02 UTC 2025
✅ Commit 11 on Wed Aug 20 06:32:02 UTC 2025
✅ Commit 12 on Wed Aug 20 06:32:02 UTC 2025
✅ Commit 1 on Wed Aug 20 12:52:10 UTC 2025
✅ Commit 2 on Wed Aug 20 12:52:10 UTC 2025
✅ Commit 3 on Wed Aug 20 12:52:10 UTC 2025
✅ Commit 4 on Wed Aug 20 12:52:10 UTC 2025
✅ Commit 5 on Wed Aug 20 12:52:10 UTC 2025
✅ Commit 6 on Wed Aug 20 12:52:10 UTC 2025
✅ Commit 7 on Wed Aug 20 12:52:10 UTC 2025
✅ Commit 8 on Wed Aug 20 12:52:10 UTC 2025
✅ Commit 9 on Wed Aug 20 12:52:10 UTC 2025
✅ Commit 10 on Wed Aug 20 12:52:10 UTC 2025
✅ Commit 11 on Wed Aug 20 12:52:10 UTC 2025
✅ Commit 12 on Wed Aug 20 12:52:11 UTC 2025
✅ Commit 1 on Wed Aug 20 18:13:46 UTC 2025
✅ Commit 2 on Wed Aug 20 18:13:46 UTC 2025
✅ Commit 3 on Wed Aug 20 18:13:47 UTC 2025
✅ Commit 4 on Wed Aug 20 18:13:47 UTC 2025
✅ Commit 5 on Wed Aug 20 18:13:47 UTC 2025
✅ Commit 6 on Wed Aug 20 18:13:47 UTC 2025
✅ Commit 7 on Wed Aug 20 18:13:47 UTC 2025
✅ Commit 8 on Wed Aug 20 18:13:47 UTC 2025
✅ Commit 9 on Wed Aug 20 18:13:47 UTC 2025
✅ Commit 10 on Wed Aug 20 18:13:47 UTC 2025
✅ Commit 11 on Wed Aug 20 18:13:47 UTC 2025
✅ Commit 12 on Wed Aug 20 18:13:47 UTC 2025
✅ Commit 1 on Thu Aug 21 02:00:06 UTC 2025
✅ Commit 2 on Thu Aug 21 02:00:06 UTC 2025
✅ Commit 3 on Thu Aug 21 02:00:06 UTC 2025
✅ Commit 4 on Thu Aug 21 02:00:06 UTC 2025
✅ Commit 5 on Thu Aug 21 02:00:06 UTC 2025
✅ Commit 6 on Thu Aug 21 02:00:06 UTC 2025
✅ Commit 7 on Thu Aug 21 02:00:06 UTC 2025
✅ Commit 8 on Thu Aug 21 02:00:06 UTC 2025
✅ Commit 9 on Thu Aug 21 02:00:06 UTC 2025
✅ Commit 10 on Thu Aug 21 02:00:06 UTC 2025
✅ Commit 11 on Thu Aug 21 02:00:06 UTC 2025
✅ Commit 12 on Thu Aug 21 02:00:06 UTC 2025
✅ Commit 1 on Thu Aug 21 06:40:19 UTC 2025
✅ Commit 2 on Thu Aug 21 06:40:19 UTC 2025
✅ Commit 3 on Thu Aug 21 06:40:19 UTC 2025
✅ Commit 4 on Thu Aug 21 06:40:19 UTC 2025
✅ Commit 5 on Thu Aug 21 06:40:19 UTC 2025
✅ Commit 6 on Thu Aug 21 06:40:19 UTC 2025
✅ Commit 7 on Thu Aug 21 06:40:19 UTC 2025
✅ Commit 8 on Thu Aug 21 06:40:19 UTC 2025
✅ Commit 9 on Thu Aug 21 06:40:19 UTC 2025
✅ Commit 10 on Thu Aug 21 06:40:19 UTC 2025
✅ Commit 11 on Thu Aug 21 06:40:19 UTC 2025
✅ Commit 12 on Thu Aug 21 06:40:19 UTC 2025
✅ Commit 1 on Thu Aug 21 12:51:40 UTC 2025
✅ Commit 2 on Thu Aug 21 12:51:40 UTC 2025
✅ Commit 3 on Thu Aug 21 12:51:40 UTC 2025
✅ Commit 4 on Thu Aug 21 12:51:40 UTC 2025
✅ Commit 5 on Thu Aug 21 12:51:40 UTC 2025
✅ Commit 6 on Thu Aug 21 12:51:40 UTC 2025
✅ Commit 7 on Thu Aug 21 12:51:40 UTC 2025
✅ Commit 8 on Thu Aug 21 12:51:40 UTC 2025
✅ Commit 9 on Thu Aug 21 12:51:40 UTC 2025
✅ Commit 10 on Thu Aug 21 12:51:40 UTC 2025
✅ Commit 11 on Thu Aug 21 12:51:40 UTC 2025
✅ Commit 12 on Thu Aug 21 12:51:40 UTC 2025
✅ Commit 1 on Thu Aug 21 18:13:27 UTC 2025
✅ Commit 2 on Thu Aug 21 18:13:27 UTC 2025
✅ Commit 3 on Thu Aug 21 18:13:27 UTC 2025
✅ Commit 4 on Thu Aug 21 18:13:27 UTC 2025
✅ Commit 5 on Thu Aug 21 18:13:27 UTC 2025
✅ Commit 6 on Thu Aug 21 18:13:27 UTC 2025
✅ Commit 7 on Thu Aug 21 18:13:27 UTC 2025
✅ Commit 8 on Thu Aug 21 18:13:27 UTC 2025
✅ Commit 9 on Thu Aug 21 18:13:27 UTC 2025
✅ Commit 10 on Thu Aug 21 18:13:27 UTC 2025
✅ Commit 11 on Thu Aug 21 18:13:27 UTC 2025
✅ Commit 12 on Thu Aug 21 18:13:27 UTC 2025
✅ Commit 1 on Fri Aug 22 02:00:54 UTC 2025
✅ Commit 2 on Fri Aug 22 02:00:54 UTC 2025
✅ Commit 3 on Fri Aug 22 02:00:54 UTC 2025
✅ Commit 4 on Fri Aug 22 02:00:54 UTC 2025
✅ Commit 5 on Fri Aug 22 02:00:54 UTC 2025
✅ Commit 6 on Fri Aug 22 02:00:54 UTC 2025
✅ Commit 7 on Fri Aug 22 02:00:54 UTC 2025
✅ Commit 8 on Fri Aug 22 02:00:54 UTC 2025
✅ Commit 9 on Fri Aug 22 02:00:54 UTC 2025
✅ Commit 10 on Fri Aug 22 02:00:55 UTC 2025
✅ Commit 11 on Fri Aug 22 02:00:55 UTC 2025
✅ Commit 12 on Fri Aug 22 02:00:55 UTC 2025
✅ Commit 1 on Fri Aug 22 06:31:25 UTC 2025
✅ Commit 2 on Fri Aug 22 06:31:25 UTC 2025
✅ Commit 3 on Fri Aug 22 06:31:25 UTC 2025
✅ Commit 4 on Fri Aug 22 06:31:25 UTC 2025
✅ Commit 5 on Fri Aug 22 06:31:25 UTC 2025
✅ Commit 6 on Fri Aug 22 06:31:25 UTC 2025
✅ Commit 7 on Fri Aug 22 06:31:25 UTC 2025
✅ Commit 8 on Fri Aug 22 06:31:25 UTC 2025
✅ Commit 9 on Fri Aug 22 06:31:25 UTC 2025
✅ Commit 10 on Fri Aug 22 06:31:25 UTC 2025
✅ Commit 11 on Fri Aug 22 06:31:25 UTC 2025
✅ Commit 12 on Fri Aug 22 06:31:25 UTC 2025
✅ Commit 1 on Fri Aug 22 12:50:24 UTC 2025
✅ Commit 2 on Fri Aug 22 12:50:24 UTC 2025
✅ Commit 3 on Fri Aug 22 12:50:24 UTC 2025
✅ Commit 4 on Fri Aug 22 12:50:24 UTC 2025
✅ Commit 5 on Fri Aug 22 12:50:24 UTC 2025
✅ Commit 6 on Fri Aug 22 12:50:24 UTC 2025
✅ Commit 7 on Fri Aug 22 12:50:25 UTC 2025
✅ Commit 8 on Fri Aug 22 12:50:25 UTC 2025
✅ Commit 9 on Fri Aug 22 12:50:25 UTC 2025
✅ Commit 10 on Fri Aug 22 12:50:25 UTC 2025
✅ Commit 11 on Fri Aug 22 12:50:25 UTC 2025
✅ Commit 12 on Fri Aug 22 12:50:25 UTC 2025
✅ Commit 1 on Fri Aug 22 18:12:55 UTC 2025
✅ Commit 2 on Fri Aug 22 18:12:55 UTC 2025
✅ Commit 3 on Fri Aug 22 18:12:55 UTC 2025
✅ Commit 4 on Fri Aug 22 18:12:55 UTC 2025
✅ Commit 5 on Fri Aug 22 18:12:55 UTC 2025
✅ Commit 6 on Fri Aug 22 18:12:55 UTC 2025
✅ Commit 7 on Fri Aug 22 18:12:56 UTC 2025
✅ Commit 8 on Fri Aug 22 18:12:56 UTC 2025
✅ Commit 9 on Fri Aug 22 18:12:56 UTC 2025
✅ Commit 10 on Fri Aug 22 18:12:56 UTC 2025
✅ Commit 11 on Fri Aug 22 18:12:56 UTC 2025
✅ Commit 12 on Fri Aug 22 18:12:56 UTC 2025
✅ Commit 1 on Sat Aug 23 01:56:32 UTC 2025
✅ Commit 2 on Sat Aug 23 01:56:32 UTC 2025
✅ Commit 3 on Sat Aug 23 01:56:32 UTC 2025
✅ Commit 4 on Sat Aug 23 01:56:32 UTC 2025
✅ Commit 5 on Sat Aug 23 01:56:32 UTC 2025
✅ Commit 6 on Sat Aug 23 01:56:32 UTC 2025
✅ Commit 7 on Sat Aug 23 01:56:32 UTC 2025
✅ Commit 8 on Sat Aug 23 01:56:32 UTC 2025
✅ Commit 9 on Sat Aug 23 01:56:32 UTC 2025
✅ Commit 10 on Sat Aug 23 01:56:32 UTC 2025
✅ Commit 11 on Sat Aug 23 01:56:32 UTC 2025
✅ Commit 12 on Sat Aug 23 01:56:32 UTC 2025
✅ Commit 1 on Sat Aug 23 06:28:11 UTC 2025
✅ Commit 2 on Sat Aug 23 06:28:11 UTC 2025
✅ Commit 3 on Sat Aug 23 06:28:11 UTC 2025
✅ Commit 4 on Sat Aug 23 06:28:11 UTC 2025
✅ Commit 5 on Sat Aug 23 06:28:11 UTC 2025
✅ Commit 6 on Sat Aug 23 06:28:11 UTC 2025
✅ Commit 7 on Sat Aug 23 06:28:11 UTC 2025
✅ Commit 8 on Sat Aug 23 06:28:11 UTC 2025
✅ Commit 9 on Sat Aug 23 06:28:11 UTC 2025
✅ Commit 10 on Sat Aug 23 06:28:11 UTC 2025
✅ Commit 11 on Sat Aug 23 06:28:11 UTC 2025
✅ Commit 12 on Sat Aug 23 06:28:11 UTC 2025
✅ Commit 1 on Sat Aug 23 12:46:40 UTC 2025
✅ Commit 2 on Sat Aug 23 12:46:40 UTC 2025
✅ Commit 3 on Sat Aug 23 12:46:40 UTC 2025
✅ Commit 4 on Sat Aug 23 12:46:40 UTC 2025
✅ Commit 5 on Sat Aug 23 12:46:40 UTC 2025
✅ Commit 6 on Sat Aug 23 12:46:40 UTC 2025
✅ Commit 7 on Sat Aug 23 12:46:40 UTC 2025
✅ Commit 8 on Sat Aug 23 12:46:40 UTC 2025
✅ Commit 9 on Sat Aug 23 12:46:40 UTC 2025
✅ Commit 10 on Sat Aug 23 12:46:40 UTC 2025
✅ Commit 11 on Sat Aug 23 12:46:40 UTC 2025
✅ Commit 12 on Sat Aug 23 12:46:40 UTC 2025
✅ Commit 1 on Sat Aug 23 18:11:13 UTC 2025
✅ Commit 2 on Sat Aug 23 18:11:13 UTC 2025
✅ Commit 3 on Sat Aug 23 18:11:13 UTC 2025
✅ Commit 4 on Sat Aug 23 18:11:13 UTC 2025
✅ Commit 5 on Sat Aug 23 18:11:13 UTC 2025
✅ Commit 6 on Sat Aug 23 18:11:13 UTC 2025
✅ Commit 7 on Sat Aug 23 18:11:13 UTC 2025
✅ Commit 8 on Sat Aug 23 18:11:13 UTC 2025
✅ Commit 9 on Sat Aug 23 18:11:13 UTC 2025
✅ Commit 10 on Sat Aug 23 18:11:13 UTC 2025
✅ Commit 11 on Sat Aug 23 18:11:13 UTC 2025
✅ Commit 12 on Sat Aug 23 18:11:13 UTC 2025
✅ Commit 1 on Sun Aug 24 02:14:13 UTC 2025
✅ Commit 2 on Sun Aug 24 02:14:13 UTC 2025
✅ Commit 3 on Sun Aug 24 02:14:13 UTC 2025
✅ Commit 4 on Sun Aug 24 02:14:13 UTC 2025
✅ Commit 5 on Sun Aug 24 02:14:13 UTC 2025
✅ Commit 6 on Sun Aug 24 02:14:13 UTC 2025
✅ Commit 7 on Sun Aug 24 02:14:13 UTC 2025
✅ Commit 8 on Sun Aug 24 02:14:13 UTC 2025
✅ Commit 9 on Sun Aug 24 02:14:13 UTC 2025
✅ Commit 10 on Sun Aug 24 02:14:13 UTC 2025
✅ Commit 11 on Sun Aug 24 02:14:13 UTC 2025
✅ Commit 12 on Sun Aug 24 02:14:13 UTC 2025
✅ Commit 1 on Sun Aug 24 06:29:02 UTC 2025
✅ Commit 2 on Sun Aug 24 06:29:02 UTC 2025
✅ Commit 3 on Sun Aug 24 06:29:02 UTC 2025
✅ Commit 4 on Sun Aug 24 06:29:02 UTC 2025
✅ Commit 5 on Sun Aug 24 06:29:02 UTC 2025
✅ Commit 6 on Sun Aug 24 06:29:02 UTC 2025
✅ Commit 7 on Sun Aug 24 06:29:02 UTC 2025
✅ Commit 8 on Sun Aug 24 06:29:02 UTC 2025
✅ Commit 9 on Sun Aug 24 06:29:02 UTC 2025
✅ Commit 10 on Sun Aug 24 06:29:03 UTC 2025
✅ Commit 11 on Sun Aug 24 06:29:03 UTC 2025
✅ Commit 12 on Sun Aug 24 06:29:03 UTC 2025
✅ Commit 1 on Sun Aug 24 12:47:21 UTC 2025
✅ Commit 2 on Sun Aug 24 12:47:21 UTC 2025
✅ Commit 3 on Sun Aug 24 12:47:21 UTC 2025
✅ Commit 4 on Sun Aug 24 12:47:21 UTC 2025
✅ Commit 5 on Sun Aug 24 12:47:21 UTC 2025
✅ Commit 6 on Sun Aug 24 12:47:21 UTC 2025
✅ Commit 7 on Sun Aug 24 12:47:21 UTC 2025
✅ Commit 8 on Sun Aug 24 12:47:21 UTC 2025
✅ Commit 9 on Sun Aug 24 12:47:21 UTC 2025
✅ Commit 10 on Sun Aug 24 12:47:21 UTC 2025
✅ Commit 11 on Sun Aug 24 12:47:21 UTC 2025
✅ Commit 12 on Sun Aug 24 12:47:21 UTC 2025
✅ Commit 1 on Sun Aug 24 18:11:33 UTC 2025
✅ Commit 2 on Sun Aug 24 18:11:33 UTC 2025
✅ Commit 3 on Sun Aug 24 18:11:33 UTC 2025
✅ Commit 4 on Sun Aug 24 18:11:33 UTC 2025
✅ Commit 5 on Sun Aug 24 18:11:33 UTC 2025
✅ Commit 6 on Sun Aug 24 18:11:33 UTC 2025
✅ Commit 7 on Sun Aug 24 18:11:33 UTC 2025
✅ Commit 8 on Sun Aug 24 18:11:33 UTC 2025
✅ Commit 9 on Sun Aug 24 18:11:33 UTC 2025
✅ Commit 10 on Sun Aug 24 18:11:33 UTC 2025
✅ Commit 11 on Sun Aug 24 18:11:33 UTC 2025
✅ Commit 12 on Sun Aug 24 18:11:33 UTC 2025
✅ Commit 1 on Mon Aug 25 02:05:51 UTC 2025
✅ Commit 2 on Mon Aug 25 02:05:51 UTC 2025
✅ Commit 3 on Mon Aug 25 02:05:51 UTC 2025
✅ Commit 4 on Mon Aug 25 02:05:52 UTC 2025
✅ Commit 5 on Mon Aug 25 02:05:52 UTC 2025
✅ Commit 6 on Mon Aug 25 02:05:52 UTC 2025
✅ Commit 7 on Mon Aug 25 02:05:52 UTC 2025
✅ Commit 8 on Mon Aug 25 02:05:52 UTC 2025
✅ Commit 9 on Mon Aug 25 02:05:52 UTC 2025
✅ Commit 10 on Mon Aug 25 02:05:52 UTC 2025
✅ Commit 11 on Mon Aug 25 02:05:52 UTC 2025
✅ Commit 12 on Mon Aug 25 02:05:52 UTC 2025
✅ Commit 1 on Mon Aug 25 06:33:41 UTC 2025
✅ Commit 2 on Mon Aug 25 06:33:41 UTC 2025
✅ Commit 3 on Mon Aug 25 06:33:41 UTC 2025
✅ Commit 4 on Mon Aug 25 06:33:41 UTC 2025
✅ Commit 5 on Mon Aug 25 06:33:41 UTC 2025
✅ Commit 6 on Mon Aug 25 06:33:41 UTC 2025
✅ Commit 7 on Mon Aug 25 06:33:41 UTC 2025
✅ Commit 8 on Mon Aug 25 06:33:41 UTC 2025
✅ Commit 9 on Mon Aug 25 06:33:41 UTC 2025
✅ Commit 10 on Mon Aug 25 06:33:41 UTC 2025
✅ Commit 11 on Mon Aug 25 06:33:41 UTC 2025
✅ Commit 12 on Mon Aug 25 06:33:41 UTC 2025
✅ Commit 1 on Mon Aug 25 12:53:00 UTC 2025
✅ Commit 2 on Mon Aug 25 12:53:00 UTC 2025
✅ Commit 3 on Mon Aug 25 12:53:00 UTC 2025
✅ Commit 4 on Mon Aug 25 12:53:00 UTC 2025
✅ Commit 5 on Mon Aug 25 12:53:00 UTC 2025
✅ Commit 6 on Mon Aug 25 12:53:00 UTC 2025
✅ Commit 7 on Mon Aug 25 12:53:00 UTC 2025
✅ Commit 8 on Mon Aug 25 12:53:00 UTC 2025
✅ Commit 9 on Mon Aug 25 12:53:00 UTC 2025
✅ Commit 10 on Mon Aug 25 12:53:00 UTC 2025
✅ Commit 11 on Mon Aug 25 12:53:00 UTC 2025
✅ Commit 12 on Mon Aug 25 12:53:00 UTC 2025
✅ Commit 1 on Mon Aug 25 18:14:07 UTC 2025
✅ Commit 2 on Mon Aug 25 18:14:07 UTC 2025
✅ Commit 3 on Mon Aug 25 18:14:07 UTC 2025
✅ Commit 4 on Mon Aug 25 18:14:07 UTC 2025
✅ Commit 5 on Mon Aug 25 18:14:07 UTC 2025
✅ Commit 6 on Mon Aug 25 18:14:07 UTC 2025
✅ Commit 7 on Mon Aug 25 18:14:07 UTC 2025
✅ Commit 8 on Mon Aug 25 18:14:07 UTC 2025
✅ Commit 9 on Mon Aug 25 18:14:07 UTC 2025
✅ Commit 10 on Mon Aug 25 18:14:07 UTC 2025
✅ Commit 11 on Mon Aug 25 18:14:07 UTC 2025
✅ Commit 12 on Mon Aug 25 18:14:07 UTC 2025
✅ Commit 1 on Tue Aug 26 02:02:00 UTC 2025
✅ Commit 2 on Tue Aug 26 02:02:00 UTC 2025
✅ Commit 3 on Tue Aug 26 02:02:00 UTC 2025
✅ Commit 4 on Tue Aug 26 02:02:00 UTC 2025
✅ Commit 5 on Tue Aug 26 02:02:00 UTC 2025
✅ Commit 6 on Tue Aug 26 02:02:00 UTC 2025
✅ Commit 7 on Tue Aug 26 02:02:00 UTC 2025
✅ Commit 8 on Tue Aug 26 02:02:00 UTC 2025
✅ Commit 9 on Tue Aug 26 02:02:00 UTC 2025
✅ Commit 10 on Tue Aug 26 02:02:00 UTC 2025
✅ Commit 11 on Tue Aug 26 02:02:00 UTC 2025
✅ Commit 12 on Tue Aug 26 02:02:00 UTC 2025
✅ Commit 1 on Tue Aug 26 06:32:11 UTC 2025
✅ Commit 2 on Tue Aug 26 06:32:11 UTC 2025
✅ Commit 3 on Tue Aug 26 06:32:11 UTC 2025
✅ Commit 4 on Tue Aug 26 06:32:11 UTC 2025
✅ Commit 5 on Tue Aug 26 06:32:11 UTC 2025
✅ Commit 6 on Tue Aug 26 06:32:11 UTC 2025
✅ Commit 7 on Tue Aug 26 06:32:11 UTC 2025
✅ Commit 8 on Tue Aug 26 06:32:11 UTC 2025
✅ Commit 9 on Tue Aug 26 06:32:11 UTC 2025
✅ Commit 10 on Tue Aug 26 06:32:11 UTC 2025
✅ Commit 11 on Tue Aug 26 06:32:11 UTC 2025
✅ Commit 12 on Tue Aug 26 06:32:11 UTC 2025
✅ Commit 1 on Tue Aug 26 12:54:06 UTC 2025
✅ Commit 2 on Tue Aug 26 12:54:06 UTC 2025
✅ Commit 3 on Tue Aug 26 12:54:06 UTC 2025
✅ Commit 4 on Tue Aug 26 12:54:06 UTC 2025
✅ Commit 5 on Tue Aug 26 12:54:06 UTC 2025
✅ Commit 6 on Tue Aug 26 12:54:06 UTC 2025
✅ Commit 7 on Tue Aug 26 12:54:06 UTC 2025
✅ Commit 8 on Tue Aug 26 12:54:06 UTC 2025
✅ Commit 9 on Tue Aug 26 12:54:06 UTC 2025
✅ Commit 10 on Tue Aug 26 12:54:06 UTC 2025
✅ Commit 11 on Tue Aug 26 12:54:06 UTC 2025
✅ Commit 12 on Tue Aug 26 12:54:06 UTC 2025
✅ Commit 1 on Tue Aug 26 18:13:06 UTC 2025
✅ Commit 2 on Tue Aug 26 18:13:06 UTC 2025
✅ Commit 3 on Tue Aug 26 18:13:06 UTC 2025
✅ Commit 4 on Tue Aug 26 18:13:06 UTC 2025
✅ Commit 5 on Tue Aug 26 18:13:06 UTC 2025
✅ Commit 6 on Tue Aug 26 18:13:07 UTC 2025
✅ Commit 7 on Tue Aug 26 18:13:07 UTC 2025
✅ Commit 8 on Tue Aug 26 18:13:07 UTC 2025
✅ Commit 9 on Tue Aug 26 18:13:07 UTC 2025
✅ Commit 10 on Tue Aug 26 18:13:07 UTC 2025
✅ Commit 11 on Tue Aug 26 18:13:07 UTC 2025
✅ Commit 12 on Tue Aug 26 18:13:07 UTC 2025
✅ Commit 1 on Wed Aug 27 01:58:18 UTC 2025
✅ Commit 2 on Wed Aug 27 01:58:18 UTC 2025
✅ Commit 3 on Wed Aug 27 01:58:18 UTC 2025
✅ Commit 4 on Wed Aug 27 01:58:18 UTC 2025
✅ Commit 5 on Wed Aug 27 01:58:18 UTC 2025
✅ Commit 6 on Wed Aug 27 01:58:18 UTC 2025
✅ Commit 7 on Wed Aug 27 01:58:18 UTC 2025
✅ Commit 8 on Wed Aug 27 01:58:18 UTC 2025
✅ Commit 9 on Wed Aug 27 01:58:18 UTC 2025
✅ Commit 10 on Wed Aug 27 01:58:18 UTC 2025
✅ Commit 11 on Wed Aug 27 01:58:18 UTC 2025
✅ Commit 12 on Wed Aug 27 01:58:18 UTC 2025
✅ Commit 1 on Wed Aug 27 06:29:48 UTC 2025
✅ Commit 2 on Wed Aug 27 06:29:48 UTC 2025
✅ Commit 3 on Wed Aug 27 06:29:48 UTC 2025
✅ Commit 4 on Wed Aug 27 06:29:48 UTC 2025
✅ Commit 5 on Wed Aug 27 06:29:48 UTC 2025
✅ Commit 6 on Wed Aug 27 06:29:48 UTC 2025
✅ Commit 7 on Wed Aug 27 06:29:48 UTC 2025
✅ Commit 8 on Wed Aug 27 06:29:48 UTC 2025
✅ Commit 9 on Wed Aug 27 06:29:48 UTC 2025
✅ Commit 10 on Wed Aug 27 06:29:48 UTC 2025
✅ Commit 11 on Wed Aug 27 06:29:48 UTC 2025
✅ Commit 12 on Wed Aug 27 06:29:48 UTC 2025
✅ Commit 1 on Wed Aug 27 12:50:33 UTC 2025
✅ Commit 2 on Wed Aug 27 12:50:33 UTC 2025
✅ Commit 3 on Wed Aug 27 12:50:33 UTC 2025
✅ Commit 4 on Wed Aug 27 12:50:33 UTC 2025
✅ Commit 5 on Wed Aug 27 12:50:33 UTC 2025
✅ Commit 6 on Wed Aug 27 12:50:33 UTC 2025
✅ Commit 7 on Wed Aug 27 12:50:33 UTC 2025
✅ Commit 8 on Wed Aug 27 12:50:33 UTC 2025
✅ Commit 9 on Wed Aug 27 12:50:33 UTC 2025
✅ Commit 10 on Wed Aug 27 12:50:33 UTC 2025
✅ Commit 11 on Wed Aug 27 12:50:33 UTC 2025
✅ Commit 12 on Wed Aug 27 12:50:33 UTC 2025
✅ Commit 1 on Wed Aug 27 18:13:00 UTC 2025
✅ Commit 2 on Wed Aug 27 18:13:00 UTC 2025
✅ Commit 3 on Wed Aug 27 18:13:00 UTC 2025
✅ Commit 4 on Wed Aug 27 18:13:00 UTC 2025
✅ Commit 5 on Wed Aug 27 18:13:00 UTC 2025
✅ Commit 6 on Wed Aug 27 18:13:00 UTC 2025
✅ Commit 7 on Wed Aug 27 18:13:00 UTC 2025
✅ Commit 8 on Wed Aug 27 18:13:00 UTC 2025
✅ Commit 9 on Wed Aug 27 18:13:00 UTC 2025
✅ Commit 10 on Wed Aug 27 18:13:00 UTC 2025
✅ Commit 11 on Wed Aug 27 18:13:00 UTC 2025
✅ Commit 12 on Wed Aug 27 18:13:00 UTC 2025
✅ Commit 1 on Thu Aug 28 01:57:17 UTC 2025
✅ Commit 2 on Thu Aug 28 01:57:17 UTC 2025
✅ Commit 3 on Thu Aug 28 01:57:17 UTC 2025
✅ Commit 4 on Thu Aug 28 01:57:17 UTC 2025
✅ Commit 5 on Thu Aug 28 01:57:17 UTC 2025
✅ Commit 6 on Thu Aug 28 01:57:17 UTC 2025
✅ Commit 7 on Thu Aug 28 01:57:17 UTC 2025
✅ Commit 8 on Thu Aug 28 01:57:17 UTC 2025
✅ Commit 9 on Thu Aug 28 01:57:17 UTC 2025
✅ Commit 10 on Thu Aug 28 01:57:17 UTC 2025
✅ Commit 11 on Thu Aug 28 01:57:17 UTC 2025
✅ Commit 12 on Thu Aug 28 01:57:17 UTC 2025
✅ Commit 1 on Thu Aug 28 06:30:49 UTC 2025
✅ Commit 2 on Thu Aug 28 06:30:49 UTC 2025
✅ Commit 3 on Thu Aug 28 06:30:49 UTC 2025
✅ Commit 4 on Thu Aug 28 06:30:49 UTC 2025
✅ Commit 5 on Thu Aug 28 06:30:49 UTC 2025
✅ Commit 6 on Thu Aug 28 06:30:49 UTC 2025
✅ Commit 7 on Thu Aug 28 06:30:49 UTC 2025
✅ Commit 8 on Thu Aug 28 06:30:49 UTC 2025
✅ Commit 9 on Thu Aug 28 06:30:49 UTC 2025
✅ Commit 10 on Thu Aug 28 06:30:49 UTC 2025
✅ Commit 11 on Thu Aug 28 06:30:49 UTC 2025
✅ Commit 12 on Thu Aug 28 06:30:49 UTC 2025
✅ Commit 1 on Thu Aug 28 12:50:25 UTC 2025
✅ Commit 2 on Thu Aug 28 12:50:25 UTC 2025
✅ Commit 3 on Thu Aug 28 12:50:25 UTC 2025
✅ Commit 4 on Thu Aug 28 12:50:25 UTC 2025
✅ Commit 5 on Thu Aug 28 12:50:25 UTC 2025
✅ Commit 6 on Thu Aug 28 12:50:25 UTC 2025
✅ Commit 7 on Thu Aug 28 12:50:25 UTC 2025
✅ Commit 8 on Thu Aug 28 12:50:25 UTC 2025
✅ Commit 9 on Thu Aug 28 12:50:25 UTC 2025
✅ Commit 10 on Thu Aug 28 12:50:25 UTC 2025
✅ Commit 11 on Thu Aug 28 12:50:25 UTC 2025
✅ Commit 12 on Thu Aug 28 12:50:26 UTC 2025
✅ Commit 1 on Thu Aug 28 18:13:09 UTC 2025
✅ Commit 2 on Thu Aug 28 18:13:09 UTC 2025
✅ Commit 3 on Thu Aug 28 18:13:09 UTC 2025
✅ Commit 4 on Thu Aug 28 18:13:09 UTC 2025
✅ Commit 5 on Thu Aug 28 18:13:09 UTC 2025
✅ Commit 6 on Thu Aug 28 18:13:09 UTC 2025
✅ Commit 7 on Thu Aug 28 18:13:09 UTC 2025
✅ Commit 8 on Thu Aug 28 18:13:09 UTC 2025
✅ Commit 9 on Thu Aug 28 18:13:09 UTC 2025
✅ Commit 10 on Thu Aug 28 18:13:09 UTC 2025
✅ Commit 11 on Thu Aug 28 18:13:09 UTC 2025
✅ Commit 12 on Thu Aug 28 18:13:09 UTC 2025
✅ Commit 1 on Fri Aug 29 01:57:17 UTC 2025
✅ Commit 2 on Fri Aug 29 01:57:17 UTC 2025
✅ Commit 3 on Fri Aug 29 01:57:17 UTC 2025
✅ Commit 4 on Fri Aug 29 01:57:17 UTC 2025
✅ Commit 5 on Fri Aug 29 01:57:17 UTC 2025
✅ Commit 6 on Fri Aug 29 01:57:17 UTC 2025
✅ Commit 7 on Fri Aug 29 01:57:17 UTC 2025
✅ Commit 8 on Fri Aug 29 01:57:17 UTC 2025
✅ Commit 9 on Fri Aug 29 01:57:17 UTC 2025
✅ Commit 10 on Fri Aug 29 01:57:17 UTC 2025
✅ Commit 11 on Fri Aug 29 01:57:17 UTC 2025
✅ Commit 12 on Fri Aug 29 01:57:17 UTC 2025
✅ Commit 1 on Fri Aug 29 06:29:54 UTC 2025
✅ Commit 2 on Fri Aug 29 06:29:54 UTC 2025
✅ Commit 3 on Fri Aug 29 06:29:54 UTC 2025
✅ Commit 4 on Fri Aug 29 06:29:54 UTC 2025
✅ Commit 5 on Fri Aug 29 06:29:54 UTC 2025
✅ Commit 6 on Fri Aug 29 06:29:54 UTC 2025
✅ Commit 7 on Fri Aug 29 06:29:54 UTC 2025
✅ Commit 8 on Fri Aug 29 06:29:54 UTC 2025
✅ Commit 9 on Fri Aug 29 06:29:54 UTC 2025
✅ Commit 10 on Fri Aug 29 06:29:54 UTC 2025
✅ Commit 11 on Fri Aug 29 06:29:54 UTC 2025
✅ Commit 12 on Fri Aug 29 06:29:54 UTC 2025
✅ Commit 1 on Fri Aug 29 12:49:28 UTC 2025
✅ Commit 2 on Fri Aug 29 12:49:28 UTC 2025
✅ Commit 3 on Fri Aug 29 12:49:28 UTC 2025
✅ Commit 4 on Fri Aug 29 12:49:28 UTC 2025
✅ Commit 5 on Fri Aug 29 12:49:28 UTC 2025
✅ Commit 6 on Fri Aug 29 12:49:28 UTC 2025
✅ Commit 7 on Fri Aug 29 12:49:28 UTC 2025
✅ Commit 8 on Fri Aug 29 12:49:28 UTC 2025
✅ Commit 9 on Fri Aug 29 12:49:28 UTC 2025
✅ Commit 10 on Fri Aug 29 12:49:28 UTC 2025
✅ Commit 11 on Fri Aug 29 12:49:28 UTC 2025
✅ Commit 12 on Fri Aug 29 12:49:28 UTC 2025
✅ Commit 1 on Fri Aug 29 18:12:48 UTC 2025
✅ Commit 2 on Fri Aug 29 18:12:48 UTC 2025
✅ Commit 3 on Fri Aug 29 18:12:48 UTC 2025
✅ Commit 4 on Fri Aug 29 18:12:48 UTC 2025
✅ Commit 5 on Fri Aug 29 18:12:48 UTC 2025
✅ Commit 6 on Fri Aug 29 18:12:48 UTC 2025
✅ Commit 7 on Fri Aug 29 18:12:48 UTC 2025
✅ Commit 8 on Fri Aug 29 18:12:48 UTC 2025
✅ Commit 9 on Fri Aug 29 18:12:48 UTC 2025
✅ Commit 10 on Fri Aug 29 18:12:48 UTC 2025
✅ Commit 11 on Fri Aug 29 18:12:48 UTC 2025
✅ Commit 12 on Fri Aug 29 18:12:48 UTC 2025
✅ Commit 1 on Sat Aug 30 01:51:45 UTC 2025
✅ Commit 2 on Sat Aug 30 01:51:45 UTC 2025
✅ Commit 3 on Sat Aug 30 01:51:45 UTC 2025
✅ Commit 4 on Sat Aug 30 01:51:45 UTC 2025
✅ Commit 5 on Sat Aug 30 01:51:45 UTC 2025
✅ Commit 6 on Sat Aug 30 01:51:45 UTC 2025
✅ Commit 7 on Sat Aug 30 01:51:45 UTC 2025
✅ Commit 8 on Sat Aug 30 01:51:45 UTC 2025
✅ Commit 9 on Sat Aug 30 01:51:45 UTC 2025
✅ Commit 10 on Sat Aug 30 01:51:45 UTC 2025
✅ Commit 11 on Sat Aug 30 01:51:45 UTC 2025
✅ Commit 12 on Sat Aug 30 01:51:45 UTC 2025
✅ Commit 1 on Sat Aug 30 06:26:36 UTC 2025
✅ Commit 2 on Sat Aug 30 06:26:36 UTC 2025
✅ Commit 3 on Sat Aug 30 06:26:36 UTC 2025
✅ Commit 4 on Sat Aug 30 06:26:36 UTC 2025
✅ Commit 5 on Sat Aug 30 06:26:37 UTC 2025
✅ Commit 6 on Sat Aug 30 06:26:37 UTC 2025
✅ Commit 7 on Sat Aug 30 06:26:37 UTC 2025
✅ Commit 8 on Sat Aug 30 06:26:37 UTC 2025
✅ Commit 9 on Sat Aug 30 06:26:37 UTC 2025
✅ Commit 10 on Sat Aug 30 06:26:37 UTC 2025
✅ Commit 11 on Sat Aug 30 06:26:37 UTC 2025
✅ Commit 12 on Sat Aug 30 06:26:37 UTC 2025
✅ Commit 1 on Sat Aug 30 12:44:04 UTC 2025
✅ Commit 2 on Sat Aug 30 12:44:04 UTC 2025
✅ Commit 3 on Sat Aug 30 12:44:04 UTC 2025
✅ Commit 4 on Sat Aug 30 12:44:04 UTC 2025
✅ Commit 5 on Sat Aug 30 12:44:04 UTC 2025
✅ Commit 6 on Sat Aug 30 12:44:04 UTC 2025
✅ Commit 7 on Sat Aug 30 12:44:04 UTC 2025
✅ Commit 8 on Sat Aug 30 12:44:04 UTC 2025
✅ Commit 9 on Sat Aug 30 12:44:04 UTC 2025
✅ Commit 10 on Sat Aug 30 12:44:04 UTC 2025
✅ Commit 11 on Sat Aug 30 12:44:04 UTC 2025
✅ Commit 12 on Sat Aug 30 12:44:04 UTC 2025
✅ Commit 1 on Sat Aug 30 18:10:58 UTC 2025
✅ Commit 2 on Sat Aug 30 18:10:58 UTC 2025
✅ Commit 3 on Sat Aug 30 18:10:58 UTC 2025
✅ Commit 4 on Sat Aug 30 18:10:58 UTC 2025
✅ Commit 5 on Sat Aug 30 18:10:58 UTC 2025
✅ Commit 6 on Sat Aug 30 18:10:58 UTC 2025
✅ Commit 7 on Sat Aug 30 18:10:58 UTC 2025
✅ Commit 8 on Sat Aug 30 18:10:58 UTC 2025
✅ Commit 9 on Sat Aug 30 18:10:58 UTC 2025
✅ Commit 10 on Sat Aug 30 18:10:58 UTC 2025
✅ Commit 11 on Sat Aug 30 18:10:58 UTC 2025
✅ Commit 12 on Sat Aug 30 18:10:58 UTC 2025
✅ Commit 1 on Sun Aug 31 02:03:21 UTC 2025
✅ Commit 2 on Sun Aug 31 02:03:21 UTC 2025
✅ Commit 3 on Sun Aug 31 02:03:21 UTC 2025
✅ Commit 4 on Sun Aug 31 02:03:21 UTC 2025
✅ Commit 5 on Sun Aug 31 02:03:21 UTC 2025
✅ Commit 6 on Sun Aug 31 02:03:21 UTC 2025
✅ Commit 7 on Sun Aug 31 02:03:21 UTC 2025
✅ Commit 8 on Sun Aug 31 02:03:21 UTC 2025
✅ Commit 9 on Sun Aug 31 02:03:21 UTC 2025
✅ Commit 10 on Sun Aug 31 02:03:21 UTC 2025
✅ Commit 11 on Sun Aug 31 02:03:21 UTC 2025
✅ Commit 12 on Sun Aug 31 02:03:21 UTC 2025
✅ Commit 1 on Sun Aug 31 06:27:51 UTC 2025
✅ Commit 2 on Sun Aug 31 06:27:51 UTC 2025
✅ Commit 3 on Sun Aug 31 06:27:51 UTC 2025
✅ Commit 4 on Sun Aug 31 06:27:51 UTC 2025
✅ Commit 5 on Sun Aug 31 06:27:51 UTC 2025
✅ Commit 6 on Sun Aug 31 06:27:51 UTC 2025
✅ Commit 7 on Sun Aug 31 06:27:51 UTC 2025
✅ Commit 8 on Sun Aug 31 06:27:51 UTC 2025
✅ Commit 9 on Sun Aug 31 06:27:51 UTC 2025
✅ Commit 10 on Sun Aug 31 06:27:51 UTC 2025
✅ Commit 11 on Sun Aug 31 06:27:51 UTC 2025
✅ Commit 12 on Sun Aug 31 06:27:51 UTC 2025
✅ Commit 1 on Sun Aug 31 12:45:20 UTC 2025
✅ Commit 2 on Sun Aug 31 12:45:20 UTC 2025
✅ Commit 3 on Sun Aug 31 12:45:20 UTC 2025
✅ Commit 4 on Sun Aug 31 12:45:20 UTC 2025
✅ Commit 5 on Sun Aug 31 12:45:20 UTC 2025
✅ Commit 6 on Sun Aug 31 12:45:20 UTC 2025
✅ Commit 7 on Sun Aug 31 12:45:20 UTC 2025
✅ Commit 8 on Sun Aug 31 12:45:20 UTC 2025
✅ Commit 9 on Sun Aug 31 12:45:20 UTC 2025
✅ Commit 10 on Sun Aug 31 12:45:20 UTC 2025
✅ Commit 11 on Sun Aug 31 12:45:20 UTC 2025
✅ Commit 12 on Sun Aug 31 12:45:20 UTC 2025
✅ Commit 1 on Sun Aug 31 18:11:22 UTC 2025
✅ Commit 2 on Sun Aug 31 18:11:22 UTC 2025
✅ Commit 3 on Sun Aug 31 18:11:22 UTC 2025
✅ Commit 4 on Sun Aug 31 18:11:22 UTC 2025
✅ Commit 5 on Sun Aug 31 18:11:22 UTC 2025
✅ Commit 6 on Sun Aug 31 18:11:22 UTC 2025
✅ Commit 7 on Sun Aug 31 18:11:22 UTC 2025
✅ Commit 8 on Sun Aug 31 18:11:22 UTC 2025
✅ Commit 9 on Sun Aug 31 18:11:22 UTC 2025
✅ Commit 10 on Sun Aug 31 18:11:22 UTC 2025
✅ Commit 11 on Sun Aug 31 18:11:22 UTC 2025
✅ Commit 12 on Sun Aug 31 18:11:22 UTC 2025
✅ Commit 1 on Mon Sep  1 02:19:38 UTC 2025
✅ Commit 2 on Mon Sep  1 02:19:38 UTC 2025
✅ Commit 3 on Mon Sep  1 02:19:38 UTC 2025
✅ Commit 4 on Mon Sep  1 02:19:38 UTC 2025
✅ Commit 5 on Mon Sep  1 02:19:38 UTC 2025
✅ Commit 6 on Mon Sep  1 02:19:38 UTC 2025
✅ Commit 7 on Mon Sep  1 02:19:38 UTC 2025
✅ Commit 8 on Mon Sep  1 02:19:38 UTC 2025
✅ Commit 9 on Mon Sep  1 02:19:38 UTC 2025
✅ Commit 10 on Mon Sep  1 02:19:38 UTC 2025
✅ Commit 11 on Mon Sep  1 02:19:38 UTC 2025
✅ Commit 12 on Mon Sep  1 02:19:38 UTC 2025
✅ Commit 1 on Mon Sep  1 06:33:25 UTC 2025
✅ Commit 2 on Mon Sep  1 06:33:25 UTC 2025
✅ Commit 3 on Mon Sep  1 06:33:25 UTC 2025
✅ Commit 4 on Mon Sep  1 06:33:25 UTC 2025
✅ Commit 5 on Mon Sep  1 06:33:25 UTC 2025
✅ Commit 6 on Mon Sep  1 06:33:25 UTC 2025
✅ Commit 7 on Mon Sep  1 06:33:25 UTC 2025
✅ Commit 8 on Mon Sep  1 06:33:25 UTC 2025
✅ Commit 9 on Mon Sep  1 06:33:25 UTC 2025
✅ Commit 10 on Mon Sep  1 06:33:25 UTC 2025
✅ Commit 11 on Mon Sep  1 06:33:25 UTC 2025
✅ Commit 12 on Mon Sep  1 06:33:25 UTC 2025
✅ Commit 1 on Mon Sep  1 12:52:00 UTC 2025
✅ Commit 2 on Mon Sep  1 12:52:00 UTC 2025
✅ Commit 3 on Mon Sep  1 12:52:00 UTC 2025
✅ Commit 4 on Mon Sep  1 12:52:00 UTC 2025
✅ Commit 5 on Mon Sep  1 12:52:00 UTC 2025
✅ Commit 6 on Mon Sep  1 12:52:00 UTC 2025
✅ Commit 7 on Mon Sep  1 12:52:00 UTC 2025
✅ Commit 8 on Mon Sep  1 12:52:00 UTC 2025
✅ Commit 9 on Mon Sep  1 12:52:00 UTC 2025
✅ Commit 10 on Mon Sep  1 12:52:00 UTC 2025
✅ Commit 11 on Mon Sep  1 12:52:00 UTC 2025
✅ Commit 12 on Mon Sep  1 12:52:00 UTC 2025
✅ Commit 1 on Mon Sep  1 18:12:31 UTC 2025
✅ Commit 2 on Mon Sep  1 18:12:31 UTC 2025
✅ Commit 3 on Mon Sep  1 18:12:31 UTC 2025
✅ Commit 4 on Mon Sep  1 18:12:31 UTC 2025
✅ Commit 5 on Mon Sep  1 18:12:31 UTC 2025
✅ Commit 6 on Mon Sep  1 18:12:31 UTC 2025
✅ Commit 7 on Mon Sep  1 18:12:31 UTC 2025
✅ Commit 8 on Mon Sep  1 18:12:31 UTC 2025
✅ Commit 9 on Mon Sep  1 18:12:31 UTC 2025
✅ Commit 10 on Mon Sep  1 18:12:31 UTC 2025
✅ Commit 11 on Mon Sep  1 18:12:31 UTC 2025
✅ Commit 12 on Mon Sep  1 18:12:31 UTC 2025
✅ Commit 1 on Tue Sep  2 01:59:24 UTC 2025
✅ Commit 2 on Tue Sep  2 01:59:24 UTC 2025
✅ Commit 3 on Tue Sep  2 01:59:24 UTC 2025
✅ Commit 4 on Tue Sep  2 01:59:24 UTC 2025
✅ Commit 5 on Tue Sep  2 01:59:24 UTC 2025
✅ Commit 6 on Tue Sep  2 01:59:24 UTC 2025
✅ Commit 7 on Tue Sep  2 01:59:24 UTC 2025
✅ Commit 8 on Tue Sep  2 01:59:24 UTC 2025
✅ Commit 9 on Tue Sep  2 01:59:24 UTC 2025
✅ Commit 10 on Tue Sep  2 01:59:24 UTC 2025
✅ Commit 11 on Tue Sep  2 01:59:24 UTC 2025
✅ Commit 12 on Tue Sep  2 01:59:24 UTC 2025
✅ Commit 1 on Tue Sep  2 06:31:25 UTC 2025
✅ Commit 2 on Tue Sep  2 06:31:25 UTC 2025
✅ Commit 3 on Tue Sep  2 06:31:25 UTC 2025
✅ Commit 4 on Tue Sep  2 06:31:25 UTC 2025
✅ Commit 5 on Tue Sep  2 06:31:25 UTC 2025
✅ Commit 6 on Tue Sep  2 06:31:25 UTC 2025
✅ Commit 7 on Tue Sep  2 06:31:25 UTC 2025
✅ Commit 8 on Tue Sep  2 06:31:25 UTC 2025
✅ Commit 9 on Tue Sep  2 06:31:25 UTC 2025
✅ Commit 10 on Tue Sep  2 06:31:25 UTC 2025
✅ Commit 11 on Tue Sep  2 06:31:25 UTC 2025
✅ Commit 12 on Tue Sep  2 06:31:25 UTC 2025
✅ Commit 1 on Tue Sep  2 12:51:43 UTC 2025
✅ Commit 2 on Tue Sep  2 12:51:43 UTC 2025
✅ Commit 3 on Tue Sep  2 12:51:43 UTC 2025
✅ Commit 4 on Tue Sep  2 12:51:43 UTC 2025
✅ Commit 5 on Tue Sep  2 12:51:43 UTC 2025
✅ Commit 6 on Tue Sep  2 12:51:43 UTC 2025
✅ Commit 7 on Tue Sep  2 12:51:43 UTC 2025
✅ Commit 8 on Tue Sep  2 12:51:43 UTC 2025
✅ Commit 9 on Tue Sep  2 12:51:43 UTC 2025
✅ Commit 10 on Tue Sep  2 12:51:43 UTC 2025
✅ Commit 11 on Tue Sep  2 12:51:43 UTC 2025
✅ Commit 12 on Tue Sep  2 12:51:43 UTC 2025
✅ Commit 1 on Tue Sep  2 18:11:49 UTC 2025
✅ Commit 2 on Tue Sep  2 18:11:49 UTC 2025
✅ Commit 3 on Tue Sep  2 18:11:49 UTC 2025
✅ Commit 4 on Tue Sep  2 18:11:49 UTC 2025
✅ Commit 5 on Tue Sep  2 18:11:49 UTC 2025
✅ Commit 6 on Tue Sep  2 18:11:49 UTC 2025
✅ Commit 7 on Tue Sep  2 18:11:49 UTC 2025
✅ Commit 8 on Tue Sep  2 18:11:49 UTC 2025
✅ Commit 9 on Tue Sep  2 18:11:49 UTC 2025
✅ Commit 10 on Tue Sep  2 18:11:49 UTC 2025
✅ Commit 11 on Tue Sep  2 18:11:49 UTC 2025
✅ Commit 12 on Tue Sep  2 18:11:49 UTC 2025
✅ Commit 1 on Wed Sep  3 01:51:12 UTC 2025
✅ Commit 2 on Wed Sep  3 01:51:12 UTC 2025
✅ Commit 3 on Wed Sep  3 01:51:12 UTC 2025
✅ Commit 4 on Wed Sep  3 01:51:12 UTC 2025
✅ Commit 5 on Wed Sep  3 01:51:12 UTC 2025
✅ Commit 6 on Wed Sep  3 01:51:12 UTC 2025
✅ Commit 7 on Wed Sep  3 01:51:13 UTC 2025
✅ Commit 8 on Wed Sep  3 01:51:13 UTC 2025
✅ Commit 9 on Wed Sep  3 01:51:13 UTC 2025
✅ Commit 10 on Wed Sep  3 01:51:13 UTC 2025
✅ Commit 11 on Wed Sep  3 01:51:13 UTC 2025
✅ Commit 12 on Wed Sep  3 01:51:13 UTC 2025
✅ Commit 1 on Wed Sep  3 06:28:47 UTC 2025
✅ Commit 2 on Wed Sep  3 06:28:47 UTC 2025
✅ Commit 3 on Wed Sep  3 06:28:47 UTC 2025
✅ Commit 4 on Wed Sep  3 06:28:47 UTC 2025
✅ Commit 5 on Wed Sep  3 06:28:47 UTC 2025
✅ Commit 6 on Wed Sep  3 06:28:47 UTC 2025
✅ Commit 7 on Wed Sep  3 06:28:47 UTC 2025
✅ Commit 8 on Wed Sep  3 06:28:47 UTC 2025
✅ Commit 9 on Wed Sep  3 06:28:47 UTC 2025
✅ Commit 10 on Wed Sep  3 06:28:47 UTC 2025
✅ Commit 11 on Wed Sep  3 06:28:47 UTC 2025
✅ Commit 12 on Wed Sep  3 06:28:47 UTC 2025
✅ Commit 1 on Wed Sep  3 12:49:16 UTC 2025
✅ Commit 2 on Wed Sep  3 12:49:16 UTC 2025
✅ Commit 3 on Wed Sep  3 12:49:16 UTC 2025
✅ Commit 4 on Wed Sep  3 12:49:16 UTC 2025
✅ Commit 5 on Wed Sep  3 12:49:16 UTC 2025
✅ Commit 6 on Wed Sep  3 12:49:16 UTC 2025
✅ Commit 7 on Wed Sep  3 12:49:16 UTC 2025
✅ Commit 8 on Wed Sep  3 12:49:16 UTC 2025
✅ Commit 9 on Wed Sep  3 12:49:16 UTC 2025
✅ Commit 10 on Wed Sep  3 12:49:16 UTC 2025
✅ Commit 11 on Wed Sep  3 12:49:16 UTC 2025
✅ Commit 12 on Wed Sep  3 12:49:16 UTC 2025
✅ Commit 1 on Wed Sep  3 18:12:30 UTC 2025
✅ Commit 2 on Wed Sep  3 18:12:30 UTC 2025
✅ Commit 3 on Wed Sep  3 18:12:30 UTC 2025
✅ Commit 4 on Wed Sep  3 18:12:30 UTC 2025
✅ Commit 5 on Wed Sep  3 18:12:30 UTC 2025
✅ Commit 6 on Wed Sep  3 18:12:30 UTC 2025
✅ Commit 7 on Wed Sep  3 18:12:30 UTC 2025
✅ Commit 8 on Wed Sep  3 18:12:30 UTC 2025
✅ Commit 9 on Wed Sep  3 18:12:30 UTC 2025
✅ Commit 10 on Wed Sep  3 18:12:30 UTC 2025
✅ Commit 11 on Wed Sep  3 18:12:30 UTC 2025
✅ Commit 12 on Wed Sep  3 18:12:30 UTC 2025
✅ Commit 1 on Thu Sep  4 01:51:58 UTC 2025
✅ Commit 2 on Thu Sep  4 01:51:58 UTC 2025
✅ Commit 3 on Thu Sep  4 01:51:58 UTC 2025
✅ Commit 4 on Thu Sep  4 01:51:58 UTC 2025
✅ Commit 5 on Thu Sep  4 01:51:58 UTC 2025
✅ Commit 6 on Thu Sep  4 01:51:58 UTC 2025
✅ Commit 7 on Thu Sep  4 01:51:58 UTC 2025
✅ Commit 8 on Thu Sep  4 01:51:58 UTC 2025
✅ Commit 9 on Thu Sep  4 01:51:58 UTC 2025
✅ Commit 10 on Thu Sep  4 01:51:58 UTC 2025
✅ Commit 11 on Thu Sep  4 01:51:58 UTC 2025
✅ Commit 12 on Thu Sep  4 01:51:58 UTC 2025
✅ Commit 1 on Thu Sep  4 06:29:19 UTC 2025
✅ Commit 2 on Thu Sep  4 06:29:19 UTC 2025
✅ Commit 3 on Thu Sep  4 06:29:19 UTC 2025
✅ Commit 4 on Thu Sep  4 06:29:19 UTC 2025
✅ Commit 5 on Thu Sep  4 06:29:19 UTC 2025
✅ Commit 6 on Thu Sep  4 06:29:19 UTC 2025
✅ Commit 7 on Thu Sep  4 06:29:19 UTC 2025
✅ Commit 8 on Thu Sep  4 06:29:19 UTC 2025
✅ Commit 9 on Thu Sep  4 06:29:19 UTC 2025
✅ Commit 10 on Thu Sep  4 06:29:19 UTC 2025
✅ Commit 11 on Thu Sep  4 06:29:19 UTC 2025
✅ Commit 12 on Thu Sep  4 06:29:19 UTC 2025
✅ Commit 1 on Thu Sep  4 12:47:30 UTC 2025
✅ Commit 2 on Thu Sep  4 12:47:30 UTC 2025
✅ Commit 3 on Thu Sep  4 12:47:30 UTC 2025
✅ Commit 4 on Thu Sep  4 12:47:30 UTC 2025
✅ Commit 5 on Thu Sep  4 12:47:30 UTC 2025
✅ Commit 6 on Thu Sep  4 12:47:30 UTC 2025
✅ Commit 7 on Thu Sep  4 12:47:30 UTC 2025
✅ Commit 8 on Thu Sep  4 12:47:30 UTC 2025
✅ Commit 9 on Thu Sep  4 12:47:30 UTC 2025
✅ Commit 10 on Thu Sep  4 12:47:30 UTC 2025
✅ Commit 11 on Thu Sep  4 12:47:30 UTC 2025
✅ Commit 12 on Thu Sep  4 12:47:30 UTC 2025
✅ Commit 1 on Thu Sep  4 18:12:29 UTC 2025
✅ Commit 2 on Thu Sep  4 18:12:29 UTC 2025
✅ Commit 3 on Thu Sep  4 18:12:29 UTC 2025
✅ Commit 4 on Thu Sep  4 18:12:29 UTC 2025
✅ Commit 5 on Thu Sep  4 18:12:29 UTC 2025
✅ Commit 6 on Thu Sep  4 18:12:29 UTC 2025
✅ Commit 7 on Thu Sep  4 18:12:29 UTC 2025
✅ Commit 8 on Thu Sep  4 18:12:29 UTC 2025
✅ Commit 9 on Thu Sep  4 18:12:29 UTC 2025
✅ Commit 10 on Thu Sep  4 18:12:29 UTC 2025
✅ Commit 11 on Thu Sep  4 18:12:29 UTC 2025
✅ Commit 12 on Thu Sep  4 18:12:29 UTC 2025
✅ Commit 1 on Fri Sep  5 01:54:38 UTC 2025
✅ Commit 2 on Fri Sep  5 01:54:38 UTC 2025
✅ Commit 3 on Fri Sep  5 01:54:38 UTC 2025
✅ Commit 4 on Fri Sep  5 01:54:38 UTC 2025
✅ Commit 5 on Fri Sep  5 01:54:38 UTC 2025
✅ Commit 6 on Fri Sep  5 01:54:38 UTC 2025
✅ Commit 7 on Fri Sep  5 01:54:38 UTC 2025
✅ Commit 8 on Fri Sep  5 01:54:38 UTC 2025
✅ Commit 9 on Fri Sep  5 01:54:38 UTC 2025
✅ Commit 10 on Fri Sep  5 01:54:38 UTC 2025
✅ Commit 11 on Fri Sep  5 01:54:38 UTC 2025
✅ Commit 12 on Fri Sep  5 01:54:38 UTC 2025
✅ Commit 1 on Fri Sep  5 06:29:33 UTC 2025
✅ Commit 2 on Fri Sep  5 06:29:33 UTC 2025
✅ Commit 3 on Fri Sep  5 06:29:33 UTC 2025
✅ Commit 4 on Fri Sep  5 06:29:33 UTC 2025
✅ Commit 5 on Fri Sep  5 06:29:33 UTC 2025
✅ Commit 6 on Fri Sep  5 06:29:33 UTC 2025
✅ Commit 7 on Fri Sep  5 06:29:33 UTC 2025
✅ Commit 8 on Fri Sep  5 06:29:33 UTC 2025
✅ Commit 9 on Fri Sep  5 06:29:33 UTC 2025
✅ Commit 10 on Fri Sep  5 06:29:33 UTC 2025
✅ Commit 11 on Fri Sep  5 06:29:33 UTC 2025
✅ Commit 12 on Fri Sep  5 06:29:33 UTC 2025
✅ Commit 1 on Fri Sep  5 12:48:29 UTC 2025
✅ Commit 2 on Fri Sep  5 12:48:29 UTC 2025
✅ Commit 3 on Fri Sep  5 12:48:29 UTC 2025
✅ Commit 4 on Fri Sep  5 12:48:29 UTC 2025
✅ Commit 5 on Fri Sep  5 12:48:29 UTC 2025
✅ Commit 6 on Fri Sep  5 12:48:29 UTC 2025
✅ Commit 7 on Fri Sep  5 12:48:29 UTC 2025
✅ Commit 8 on Fri Sep  5 12:48:29 UTC 2025
✅ Commit 9 on Fri Sep  5 12:48:29 UTC 2025
✅ Commit 10 on Fri Sep  5 12:48:29 UTC 2025
✅ Commit 11 on Fri Sep  5 12:48:29 UTC 2025
✅ Commit 12 on Fri Sep  5 12:48:29 UTC 2025
✅ Commit 1 on Fri Sep  5 18:12:46 UTC 2025
✅ Commit 2 on Fri Sep  5 18:12:46 UTC 2025
✅ Commit 3 on Fri Sep  5 18:12:46 UTC 2025
✅ Commit 4 on Fri Sep  5 18:12:46 UTC 2025
✅ Commit 5 on Fri Sep  5 18:12:46 UTC 2025
✅ Commit 6 on Fri Sep  5 18:12:46 UTC 2025
✅ Commit 7 on Fri Sep  5 18:12:46 UTC 2025
✅ Commit 8 on Fri Sep  5 18:12:46 UTC 2025
✅ Commit 9 on Fri Sep  5 18:12:46 UTC 2025
✅ Commit 10 on Fri Sep  5 18:12:46 UTC 2025
✅ Commit 11 on Fri Sep  5 18:12:46 UTC 2025
✅ Commit 12 on Fri Sep  5 18:12:46 UTC 2025
✅ Commit 1 on Sat Sep  6 01:51:41 UTC 2025
✅ Commit 2 on Sat Sep  6 01:51:41 UTC 2025
✅ Commit 3 on Sat Sep  6 01:51:41 UTC 2025
✅ Commit 4 on Sat Sep  6 01:51:41 UTC 2025
✅ Commit 5 on Sat Sep  6 01:51:41 UTC 2025
✅ Commit 6 on Sat Sep  6 01:51:41 UTC 2025
✅ Commit 7 on Sat Sep  6 01:51:41 UTC 2025
✅ Commit 8 on Sat Sep  6 01:51:41 UTC 2025
✅ Commit 9 on Sat Sep  6 01:51:41 UTC 2025
✅ Commit 10 on Sat Sep  6 01:51:41 UTC 2025
✅ Commit 11 on Sat Sep  6 01:51:41 UTC 2025
✅ Commit 12 on Sat Sep  6 01:51:41 UTC 2025
✅ Commit 1 on Sat Sep  6 06:26:36 UTC 2025
✅ Commit 2 on Sat Sep  6 06:26:36 UTC 2025
✅ Commit 3 on Sat Sep  6 06:26:36 UTC 2025
✅ Commit 4 on Sat Sep  6 06:26:36 UTC 2025
✅ Commit 5 on Sat Sep  6 06:26:36 UTC 2025
✅ Commit 6 on Sat Sep  6 06:26:36 UTC 2025
✅ Commit 7 on Sat Sep  6 06:26:36 UTC 2025
✅ Commit 8 on Sat Sep  6 06:26:36 UTC 2025
✅ Commit 9 on Sat Sep  6 06:26:36 UTC 2025
✅ Commit 10 on Sat Sep  6 06:26:36 UTC 2025
✅ Commit 11 on Sat Sep  6 06:26:36 UTC 2025
✅ Commit 12 on Sat Sep  6 06:26:36 UTC 2025
✅ Commit 1 on Sat Sep  6 12:41:40 UTC 2025
✅ Commit 2 on Sat Sep  6 12:41:40 UTC 2025
✅ Commit 3 on Sat Sep  6 12:41:40 UTC 2025
✅ Commit 4 on Sat Sep  6 12:41:40 UTC 2025
✅ Commit 5 on Sat Sep  6 12:41:40 UTC 2025
✅ Commit 6 on Sat Sep  6 12:41:40 UTC 2025
✅ Commit 7 on Sat Sep  6 12:41:40 UTC 2025
✅ Commit 8 on Sat Sep  6 12:41:40 UTC 2025
✅ Commit 9 on Sat Sep  6 12:41:40 UTC 2025
✅ Commit 10 on Sat Sep  6 12:41:40 UTC 2025
✅ Commit 11 on Sat Sep  6 12:41:40 UTC 2025
✅ Commit 12 on Sat Sep  6 12:41:40 UTC 2025
✅ Commit 1 on Sat Sep  6 18:10:16 UTC 2025
✅ Commit 2 on Sat Sep  6 18:10:16 UTC 2025
✅ Commit 3 on Sat Sep  6 18:10:16 UTC 2025
✅ Commit 4 on Sat Sep  6 18:10:16 UTC 2025
✅ Commit 5 on Sat Sep  6 18:10:16 UTC 2025
✅ Commit 6 on Sat Sep  6 18:10:16 UTC 2025
✅ Commit 7 on Sat Sep  6 18:10:16 UTC 2025
✅ Commit 8 on Sat Sep  6 18:10:16 UTC 2025
✅ Commit 9 on Sat Sep  6 18:10:16 UTC 2025
✅ Commit 10 on Sat Sep  6 18:10:16 UTC 2025
✅ Commit 11 on Sat Sep  6 18:10:16 UTC 2025
✅ Commit 12 on Sat Sep  6 18:10:16 UTC 2025
✅ Commit 1 on Sun Sep  7 02:00:38 UTC 2025
✅ Commit 2 on Sun Sep  7 02:00:38 UTC 2025
✅ Commit 3 on Sun Sep  7 02:00:38 UTC 2025
✅ Commit 4 on Sun Sep  7 02:00:38 UTC 2025
✅ Commit 5 on Sun Sep  7 02:00:38 UTC 2025
✅ Commit 6 on Sun Sep  7 02:00:38 UTC 2025
✅ Commit 7 on Sun Sep  7 02:00:38 UTC 2025
✅ Commit 8 on Sun Sep  7 02:00:38 UTC 2025
✅ Commit 9 on Sun Sep  7 02:00:38 UTC 2025
✅ Commit 10 on Sun Sep  7 02:00:38 UTC 2025
✅ Commit 11 on Sun Sep  7 02:00:38 UTC 2025
✅ Commit 12 on Sun Sep  7 02:00:38 UTC 2025
✅ Commit 1 on Sun Sep  7 06:26:48 UTC 2025
✅ Commit 2 on Sun Sep  7 06:26:48 UTC 2025
✅ Commit 3 on Sun Sep  7 06:26:48 UTC 2025
✅ Commit 4 on Sun Sep  7 06:26:48 UTC 2025
✅ Commit 5 on Sun Sep  7 06:26:48 UTC 2025
✅ Commit 6 on Sun Sep  7 06:26:48 UTC 2025
✅ Commit 7 on Sun Sep  7 06:26:48 UTC 2025
✅ Commit 8 on Sun Sep  7 06:26:48 UTC 2025
✅ Commit 9 on Sun Sep  7 06:26:48 UTC 2025
✅ Commit 10 on Sun Sep  7 06:26:48 UTC 2025
✅ Commit 11 on Sun Sep  7 06:26:48 UTC 2025
✅ Commit 12 on Sun Sep  7 06:26:48 UTC 2025
✅ Commit 1 on Sun Sep  7 12:43:12 UTC 2025
✅ Commit 2 on Sun Sep  7 12:43:12 UTC 2025
✅ Commit 3 on Sun Sep  7 12:43:12 UTC 2025
✅ Commit 4 on Sun Sep  7 12:43:12 UTC 2025
✅ Commit 5 on Sun Sep  7 12:43:12 UTC 2025
✅ Commit 6 on Sun Sep  7 12:43:12 UTC 2025
✅ Commit 7 on Sun Sep  7 12:43:12 UTC 2025
✅ Commit 8 on Sun Sep  7 12:43:12 UTC 2025
✅ Commit 9 on Sun Sep  7 12:43:12 UTC 2025
✅ Commit 10 on Sun Sep  7 12:43:12 UTC 2025
✅ Commit 11 on Sun Sep  7 12:43:12 UTC 2025
✅ Commit 12 on Sun Sep  7 12:43:12 UTC 2025
✅ Commit 1 on Sun Sep  7 18:10:29 UTC 2025
✅ Commit 2 on Sun Sep  7 18:10:29 UTC 2025
✅ Commit 3 on Sun Sep  7 18:10:29 UTC 2025
✅ Commit 4 on Sun Sep  7 18:10:29 UTC 2025
✅ Commit 5 on Sun Sep  7 18:10:29 UTC 2025
✅ Commit 6 on Sun Sep  7 18:10:29 UTC 2025
✅ Commit 7 on Sun Sep  7 18:10:29 UTC 2025
✅ Commit 8 on Sun Sep  7 18:10:29 UTC 2025
✅ Commit 9 on Sun Sep  7 18:10:29 UTC 2025
✅ Commit 10 on Sun Sep  7 18:10:29 UTC 2025
✅ Commit 11 on Sun Sep  7 18:10:29 UTC 2025
✅ Commit 12 on Sun Sep  7 18:10:29 UTC 2025
✅ Commit 1 on Mon Sep  8 02:00:27 UTC 2025
✅ Commit 2 on Mon Sep  8 02:00:27 UTC 2025
✅ Commit 3 on Mon Sep  8 02:00:27 UTC 2025
✅ Commit 4 on Mon Sep  8 02:00:27 UTC 2025
✅ Commit 5 on Mon Sep  8 02:00:27 UTC 2025
✅ Commit 6 on Mon Sep  8 02:00:27 UTC 2025
✅ Commit 7 on Mon Sep  8 02:00:27 UTC 2025
✅ Commit 8 on Mon Sep  8 02:00:27 UTC 2025
✅ Commit 9 on Mon Sep  8 02:00:27 UTC 2025
✅ Commit 10 on Mon Sep  8 02:00:27 UTC 2025
✅ Commit 11 on Mon Sep  8 02:00:27 UTC 2025
✅ Commit 12 on Mon Sep  8 02:00:27 UTC 2025
✅ Commit 1 on Mon Sep  8 06:32:00 UTC 2025
✅ Commit 2 on Mon Sep  8 06:32:00 UTC 2025
✅ Commit 3 on Mon Sep  8 06:32:00 UTC 2025
✅ Commit 4 on Mon Sep  8 06:32:00 UTC 2025
✅ Commit 5 on Mon Sep  8 06:32:00 UTC 2025
✅ Commit 6 on Mon Sep  8 06:32:00 UTC 2025
✅ Commit 7 on Mon Sep  8 06:32:00 UTC 2025
✅ Commit 8 on Mon Sep  8 06:32:00 UTC 2025
✅ Commit 9 on Mon Sep  8 06:32:00 UTC 2025
✅ Commit 10 on Mon Sep  8 06:32:00 UTC 2025
✅ Commit 11 on Mon Sep  8 06:32:00 UTC 2025
✅ Commit 12 on Mon Sep  8 06:32:00 UTC 2025
✅ Commit 1 on Mon Sep  8 12:52:10 UTC 2025
✅ Commit 2 on Mon Sep  8 12:52:10 UTC 2025
✅ Commit 3 on Mon Sep  8 12:52:10 UTC 2025
✅ Commit 4 on Mon Sep  8 12:52:10 UTC 2025
✅ Commit 5 on Mon Sep  8 12:52:10 UTC 2025
✅ Commit 6 on Mon Sep  8 12:52:10 UTC 2025
✅ Commit 7 on Mon Sep  8 12:52:10 UTC 2025
✅ Commit 8 on Mon Sep  8 12:52:10 UTC 2025
✅ Commit 9 on Mon Sep  8 12:52:10 UTC 2025
✅ Commit 10 on Mon Sep  8 12:52:10 UTC 2025
✅ Commit 11 on Mon Sep  8 12:52:10 UTC 2025
✅ Commit 12 on Mon Sep  8 12:52:10 UTC 2025
✅ Commit 1 on Mon Sep  8 18:13:42 UTC 2025
✅ Commit 2 on Mon Sep  8 18:13:42 UTC 2025
✅ Commit 3 on Mon Sep  8 18:13:42 UTC 2025
✅ Commit 4 on Mon Sep  8 18:13:42 UTC 2025
✅ Commit 5 on Mon Sep  8 18:13:42 UTC 2025
✅ Commit 6 on Mon Sep  8 18:13:42 UTC 2025
✅ Commit 7 on Mon Sep  8 18:13:42 UTC 2025
✅ Commit 8 on Mon Sep  8 18:13:42 UTC 2025
✅ Commit 9 on Mon Sep  8 18:13:42 UTC 2025
✅ Commit 10 on Mon Sep  8 18:13:42 UTC 2025
✅ Commit 11 on Mon Sep  8 18:13:42 UTC 2025
✅ Commit 12 on Mon Sep  8 18:13:42 UTC 2025
✅ Commit 1 on Tue Sep  9 01:56:16 UTC 2025
✅ Commit 2 on Tue Sep  9 01:56:16 UTC 2025
✅ Commit 3 on Tue Sep  9 01:56:16 UTC 2025
✅ Commit 4 on Tue Sep  9 01:56:16 UTC 2025
✅ Commit 5 on Tue Sep  9 01:56:16 UTC 2025
✅ Commit 6 on Tue Sep  9 01:56:16 UTC 2025
✅ Commit 7 on Tue Sep  9 01:56:16 UTC 2025
✅ Commit 8 on Tue Sep  9 01:56:16 UTC 2025
✅ Commit 9 on Tue Sep  9 01:56:16 UTC 2025
✅ Commit 10 on Tue Sep  9 01:56:16 UTC 2025
✅ Commit 11 on Tue Sep  9 01:56:16 UTC 2025
✅ Commit 12 on Tue Sep  9 01:56:16 UTC 2025
✅ Commit 1 on Tue Sep  9 06:30:53 UTC 2025
✅ Commit 2 on Tue Sep  9 06:30:53 UTC 2025
✅ Commit 3 on Tue Sep  9 06:30:53 UTC 2025
✅ Commit 4 on Tue Sep  9 06:30:53 UTC 2025
✅ Commit 5 on Tue Sep  9 06:30:53 UTC 2025
✅ Commit 6 on Tue Sep  9 06:30:53 UTC 2025
✅ Commit 7 on Tue Sep  9 06:30:53 UTC 2025
✅ Commit 8 on Tue Sep  9 06:30:53 UTC 2025
✅ Commit 9 on Tue Sep  9 06:30:53 UTC 2025
✅ Commit 10 on Tue Sep  9 06:30:53 UTC 2025
✅ Commit 11 on Tue Sep  9 06:30:53 UTC 2025
✅ Commit 12 on Tue Sep  9 06:30:53 UTC 2025
✅ Commit 1 on Tue Sep  9 12:52:47 UTC 2025
✅ Commit 2 on Tue Sep  9 12:52:47 UTC 2025
✅ Commit 3 on Tue Sep  9 12:52:47 UTC 2025
✅ Commit 4 on Tue Sep  9 12:52:47 UTC 2025
✅ Commit 5 on Tue Sep  9 12:52:47 UTC 2025
✅ Commit 6 on Tue Sep  9 12:52:47 UTC 2025
✅ Commit 7 on Tue Sep  9 12:52:47 UTC 2025
✅ Commit 8 on Tue Sep  9 12:52:47 UTC 2025
✅ Commit 9 on Tue Sep  9 12:52:47 UTC 2025
✅ Commit 10 on Tue Sep  9 12:52:47 UTC 2025
✅ Commit 11 on Tue Sep  9 12:52:47 UTC 2025
✅ Commit 12 on Tue Sep  9 12:52:47 UTC 2025
✅ Commit 1 on Tue Sep  9 18:11:30 UTC 2025
✅ Commit 2 on Tue Sep  9 18:11:30 UTC 2025
✅ Commit 3 on Tue Sep  9 18:11:30 UTC 2025
✅ Commit 4 on Tue Sep  9 18:11:30 UTC 2025
✅ Commit 5 on Tue Sep  9 18:11:31 UTC 2025
✅ Commit 6 on Tue Sep  9 18:11:31 UTC 2025
✅ Commit 7 on Tue Sep  9 18:11:31 UTC 2025
✅ Commit 8 on Tue Sep  9 18:11:31 UTC 2025
✅ Commit 9 on Tue Sep  9 18:11:31 UTC 2025
✅ Commit 10 on Tue Sep  9 18:11:31 UTC 2025
✅ Commit 11 on Tue Sep  9 18:11:31 UTC 2025
✅ Commit 12 on Tue Sep  9 18:11:31 UTC 2025
✅ Commit 1 on Wed Sep 10 01:52:29 UTC 2025
✅ Commit 2 on Wed Sep 10 01:52:29 UTC 2025
✅ Commit 3 on Wed Sep 10 01:52:29 UTC 2025
✅ Commit 4 on Wed Sep 10 01:52:29 UTC 2025
✅ Commit 5 on Wed Sep 10 01:52:29 UTC 2025
✅ Commit 6 on Wed Sep 10 01:52:29 UTC 2025
✅ Commit 7 on Wed Sep 10 01:52:29 UTC 2025
✅ Commit 8 on Wed Sep 10 01:52:29 UTC 2025
✅ Commit 9 on Wed Sep 10 01:52:29 UTC 2025
✅ Commit 10 on Wed Sep 10 01:52:29 UTC 2025
✅ Commit 11 on Wed Sep 10 01:52:29 UTC 2025
✅ Commit 12 on Wed Sep 10 01:52:29 UTC 2025
✅ Commit 1 on Wed Sep 10 06:29:47 UTC 2025
✅ Commit 2 on Wed Sep 10 06:29:47 UTC 2025
✅ Commit 3 on Wed Sep 10 06:29:47 UTC 2025
✅ Commit 4 on Wed Sep 10 06:29:47 UTC 2025
✅ Commit 5 on Wed Sep 10 06:29:47 UTC 2025
✅ Commit 6 on Wed Sep 10 06:29:47 UTC 2025
✅ Commit 7 on Wed Sep 10 06:29:47 UTC 2025
✅ Commit 8 on Wed Sep 10 06:29:47 UTC 2025
✅ Commit 9 on Wed Sep 10 06:29:47 UTC 2025
✅ Commit 10 on Wed Sep 10 06:29:47 UTC 2025
✅ Commit 11 on Wed Sep 10 06:29:47 UTC 2025
✅ Commit 12 on Wed Sep 10 06:29:47 UTC 2025
✅ Commit 1 on Wed Sep 10 12:49:23 UTC 2025
✅ Commit 2 on Wed Sep 10 12:49:23 UTC 2025
✅ Commit 3 on Wed Sep 10 12:49:23 UTC 2025
✅ Commit 4 on Wed Sep 10 12:49:23 UTC 2025
✅ Commit 5 on Wed Sep 10 12:49:23 UTC 2025
✅ Commit 6 on Wed Sep 10 12:49:23 UTC 2025
✅ Commit 7 on Wed Sep 10 12:49:23 UTC 2025
✅ Commit 8 on Wed Sep 10 12:49:23 UTC 2025
✅ Commit 9 on Wed Sep 10 12:49:23 UTC 2025
✅ Commit 10 on Wed Sep 10 12:49:23 UTC 2025
✅ Commit 11 on Wed Sep 10 12:49:24 UTC 2025
✅ Commit 12 on Wed Sep 10 12:49:24 UTC 2025
✅ Commit 1 on Wed Sep 10 18:12:56 UTC 2025
✅ Commit 2 on Wed Sep 10 18:12:56 UTC 2025
✅ Commit 3 on Wed Sep 10 18:12:56 UTC 2025
✅ Commit 4 on Wed Sep 10 18:12:56 UTC 2025
✅ Commit 5 on Wed Sep 10 18:12:56 UTC 2025
✅ Commit 6 on Wed Sep 10 18:12:56 UTC 2025
✅ Commit 7 on Wed Sep 10 18:12:56 UTC 2025
✅ Commit 8 on Wed Sep 10 18:12:56 UTC 2025
✅ Commit 9 on Wed Sep 10 18:12:56 UTC 2025
✅ Commit 10 on Wed Sep 10 18:12:56 UTC 2025
✅ Commit 11 on Wed Sep 10 18:12:56 UTC 2025
✅ Commit 12 on Wed Sep 10 18:12:56 UTC 2025
✅ Commit 1 on Thu Sep 11 01:55:43 UTC 2025
✅ Commit 2 on Thu Sep 11 01:55:43 UTC 2025
✅ Commit 3 on Thu Sep 11 01:55:43 UTC 2025
✅ Commit 4 on Thu Sep 11 01:55:43 UTC 2025
✅ Commit 5 on Thu Sep 11 01:55:43 UTC 2025
✅ Commit 6 on Thu Sep 11 01:55:43 UTC 2025
✅ Commit 7 on Thu Sep 11 01:55:43 UTC 2025
✅ Commit 8 on Thu Sep 11 01:55:43 UTC 2025
✅ Commit 9 on Thu Sep 11 01:55:43 UTC 2025
✅ Commit 10 on Thu Sep 11 01:55:43 UTC 2025
✅ Commit 11 on Thu Sep 11 01:55:43 UTC 2025
✅ Commit 12 on Thu Sep 11 01:55:43 UTC 2025
✅ Commit 1 on Thu Sep 11 06:30:21 UTC 2025
✅ Commit 2 on Thu Sep 11 06:30:21 UTC 2025
✅ Commit 3 on Thu Sep 11 06:30:21 UTC 2025
✅ Commit 4 on Thu Sep 11 06:30:21 UTC 2025
✅ Commit 5 on Thu Sep 11 06:30:21 UTC 2025
✅ Commit 6 on Thu Sep 11 06:30:21 UTC 2025
✅ Commit 7 on Thu Sep 11 06:30:21 UTC 2025
✅ Commit 8 on Thu Sep 11 06:30:21 UTC 2025
✅ Commit 9 on Thu Sep 11 06:30:21 UTC 2025
✅ Commit 10 on Thu Sep 11 06:30:21 UTC 2025
✅ Commit 11 on Thu Sep 11 06:30:21 UTC 2025
✅ Commit 12 on Thu Sep 11 06:30:21 UTC 2025
✅ Commit 1 on Thu Sep 11 12:48:28 UTC 2025
✅ Commit 2 on Thu Sep 11 12:48:28 UTC 2025
✅ Commit 3 on Thu Sep 11 12:48:28 UTC 2025
✅ Commit 4 on Thu Sep 11 12:48:28 UTC 2025
✅ Commit 5 on Thu Sep 11 12:48:28 UTC 2025
✅ Commit 6 on Thu Sep 11 12:48:28 UTC 2025
✅ Commit 7 on Thu Sep 11 12:48:28 UTC 2025
✅ Commit 8 on Thu Sep 11 12:48:28 UTC 2025
✅ Commit 9 on Thu Sep 11 12:48:28 UTC 2025
✅ Commit 10 on Thu Sep 11 12:48:28 UTC 2025
✅ Commit 11 on Thu Sep 11 12:48:28 UTC 2025
✅ Commit 12 on Thu Sep 11 12:48:28 UTC 2025
✅ Commit 1 on Thu Sep 11 18:10:51 UTC 2025
✅ Commit 2 on Thu Sep 11 18:10:51 UTC 2025
✅ Commit 3 on Thu Sep 11 18:10:51 UTC 2025
✅ Commit 4 on Thu Sep 11 18:10:51 UTC 2025
✅ Commit 5 on Thu Sep 11 18:10:51 UTC 2025
✅ Commit 6 on Thu Sep 11 18:10:51 UTC 2025
✅ Commit 7 on Thu Sep 11 18:10:51 UTC 2025
✅ Commit 8 on Thu Sep 11 18:10:51 UTC 2025
✅ Commit 9 on Thu Sep 11 18:10:51 UTC 2025
✅ Commit 10 on Thu Sep 11 18:10:51 UTC 2025
✅ Commit 11 on Thu Sep 11 18:10:51 UTC 2025
✅ Commit 12 on Thu Sep 11 18:10:51 UTC 2025
✅ Commit 1 on Fri Sep 12 01:51:10 UTC 2025
✅ Commit 2 on Fri Sep 12 01:51:10 UTC 2025
✅ Commit 3 on Fri Sep 12 01:51:10 UTC 2025
✅ Commit 4 on Fri Sep 12 01:51:10 UTC 2025
✅ Commit 5 on Fri Sep 12 01:51:10 UTC 2025
✅ Commit 6 on Fri Sep 12 01:51:10 UTC 2025
✅ Commit 7 on Fri Sep 12 01:51:10 UTC 2025
✅ Commit 8 on Fri Sep 12 01:51:10 UTC 2025
✅ Commit 9 on Fri Sep 12 01:51:10 UTC 2025
✅ Commit 10 on Fri Sep 12 01:51:10 UTC 2025
✅ Commit 11 on Fri Sep 12 01:51:10 UTC 2025
✅ Commit 12 on Fri Sep 12 01:51:11 UTC 2025
✅ Commit 1 on Fri Sep 12 06:29:48 UTC 2025
✅ Commit 2 on Fri Sep 12 06:29:48 UTC 2025
✅ Commit 3 on Fri Sep 12 06:29:48 UTC 2025
✅ Commit 4 on Fri Sep 12 06:29:48 UTC 2025
✅ Commit 5 on Fri Sep 12 06:29:48 UTC 2025
✅ Commit 6 on Fri Sep 12 06:29:48 UTC 2025
✅ Commit 7 on Fri Sep 12 06:29:48 UTC 2025
✅ Commit 8 on Fri Sep 12 06:29:48 UTC 2025
✅ Commit 9 on Fri Sep 12 06:29:48 UTC 2025
✅ Commit 10 on Fri Sep 12 06:29:48 UTC 2025
✅ Commit 11 on Fri Sep 12 06:29:48 UTC 2025
✅ Commit 12 on Fri Sep 12 06:29:48 UTC 2025
✅ Commit 1 on Fri Sep 12 12:47:32 UTC 2025
✅ Commit 2 on Fri Sep 12 12:47:32 UTC 2025
✅ Commit 3 on Fri Sep 12 12:47:32 UTC 2025
✅ Commit 4 on Fri Sep 12 12:47:32 UTC 2025
✅ Commit 5 on Fri Sep 12 12:47:32 UTC 2025
✅ Commit 6 on Fri Sep 12 12:47:32 UTC 2025
✅ Commit 7 on Fri Sep 12 12:47:32 UTC 2025
✅ Commit 8 on Fri Sep 12 12:47:32 UTC 2025
✅ Commit 9 on Fri Sep 12 12:47:32 UTC 2025
✅ Commit 10 on Fri Sep 12 12:47:32 UTC 2025
✅ Commit 11 on Fri Sep 12 12:47:32 UTC 2025
✅ Commit 12 on Fri Sep 12 12:47:32 UTC 2025
✅ Commit 1 on Fri Sep 12 18:11:47 UTC 2025
✅ Commit 2 on Fri Sep 12 18:11:47 UTC 2025
✅ Commit 3 on Fri Sep 12 18:11:47 UTC 2025
✅ Commit 4 on Fri Sep 12 18:11:47 UTC 2025
✅ Commit 5 on Fri Sep 12 18:11:47 UTC 2025
✅ Commit 6 on Fri Sep 12 18:11:47 UTC 2025
✅ Commit 7 on Fri Sep 12 18:11:47 UTC 2025
✅ Commit 8 on Fri Sep 12 18:11:47 UTC 2025
✅ Commit 9 on Fri Sep 12 18:11:47 UTC 2025
✅ Commit 10 on Fri Sep 12 18:11:47 UTC 2025
✅ Commit 11 on Fri Sep 12 18:11:47 UTC 2025
✅ Commit 12 on Fri Sep 12 18:11:47 UTC 2025
✅ Commit 1 on Sat Sep 13 01:46:26 UTC 2025
✅ Commit 2 on Sat Sep 13 01:46:26 UTC 2025
✅ Commit 3 on Sat Sep 13 01:46:26 UTC 2025
✅ Commit 4 on Sat Sep 13 01:46:26 UTC 2025
✅ Commit 5 on Sat Sep 13 01:46:26 UTC 2025
✅ Commit 6 on Sat Sep 13 01:46:26 UTC 2025
✅ Commit 7 on Sat Sep 13 01:46:26 UTC 2025
✅ Commit 8 on Sat Sep 13 01:46:26 UTC 2025
✅ Commit 9 on Sat Sep 13 01:46:26 UTC 2025
✅ Commit 10 on Sat Sep 13 01:46:26 UTC 2025
✅ Commit 11 on Sat Sep 13 01:46:26 UTC 2025
✅ Commit 12 on Sat Sep 13 01:46:26 UTC 2025
✅ Commit 1 on Sat Sep 13 06:26:19 UTC 2025
✅ Commit 2 on Sat Sep 13 06:26:19 UTC 2025
✅ Commit 3 on Sat Sep 13 06:26:19 UTC 2025
✅ Commit 4 on Sat Sep 13 06:26:19 UTC 2025
✅ Commit 5 on Sat Sep 13 06:26:19 UTC 2025
✅ Commit 6 on Sat Sep 13 06:26:19 UTC 2025
✅ Commit 7 on Sat Sep 13 06:26:19 UTC 2025
✅ Commit 8 on Sat Sep 13 06:26:19 UTC 2025
✅ Commit 9 on Sat Sep 13 06:26:19 UTC 2025
✅ Commit 10 on Sat Sep 13 06:26:20 UTC 2025
✅ Commit 11 on Sat Sep 13 06:26:20 UTC 2025
✅ Commit 12 on Sat Sep 13 06:26:20 UTC 2025
✅ Commit 1 on Sat Sep 13 12:42:13 UTC 2025
✅ Commit 2 on Sat Sep 13 12:42:13 UTC 2025
✅ Commit 3 on Sat Sep 13 12:42:13 UTC 2025
✅ Commit 4 on Sat Sep 13 12:42:13 UTC 2025
✅ Commit 5 on Sat Sep 13 12:42:13 UTC 2025
✅ Commit 6 on Sat Sep 13 12:42:13 UTC 2025
✅ Commit 7 on Sat Sep 13 12:42:13 UTC 2025
✅ Commit 8 on Sat Sep 13 12:42:13 UTC 2025
✅ Commit 9 on Sat Sep 13 12:42:13 UTC 2025
✅ Commit 10 on Sat Sep 13 12:42:13 UTC 2025
✅ Commit 11 on Sat Sep 13 12:42:13 UTC 2025
✅ Commit 12 on Sat Sep 13 12:42:13 UTC 2025
✅ Commit 1 on Sat Sep 13 18:10:14 UTC 2025
✅ Commit 2 on Sat Sep 13 18:10:14 UTC 2025
✅ Commit 3 on Sat Sep 13 18:10:14 UTC 2025
✅ Commit 4 on Sat Sep 13 18:10:14 UTC 2025
✅ Commit 5 on Sat Sep 13 18:10:14 UTC 2025
✅ Commit 6 on Sat Sep 13 18:10:14 UTC 2025
✅ Commit 7 on Sat Sep 13 18:10:14 UTC 2025
✅ Commit 8 on Sat Sep 13 18:10:14 UTC 2025
✅ Commit 9 on Sat Sep 13 18:10:14 UTC 2025
✅ Commit 10 on Sat Sep 13 18:10:14 UTC 2025
✅ Commit 11 on Sat Sep 13 18:10:14 UTC 2025
✅ Commit 12 on Sat Sep 13 18:10:14 UTC 2025
✅ Commit 1 on Sun Sep 14 02:00:00 UTC 2025
✅ Commit 2 on Sun Sep 14 02:00:00 UTC 2025
✅ Commit 3 on Sun Sep 14 02:00:00 UTC 2025
✅ Commit 4 on Sun Sep 14 02:00:00 UTC 2025
✅ Commit 5 on Sun Sep 14 02:00:00 UTC 2025
✅ Commit 6 on Sun Sep 14 02:00:00 UTC 2025
✅ Commit 7 on Sun Sep 14 02:00:00 UTC 2025
✅ Commit 8 on Sun Sep 14 02:00:00 UTC 2025
✅ Commit 9 on Sun Sep 14 02:00:00 UTC 2025
✅ Commit 10 on Sun Sep 14 02:00:00 UTC 2025
✅ Commit 11 on Sun Sep 14 02:00:00 UTC 2025
✅ Commit 12 on Sun Sep 14 02:00:00 UTC 2025
✅ Commit 1 on Sun Sep 14 06:27:00 UTC 2025
✅ Commit 2 on Sun Sep 14 06:27:00 UTC 2025
✅ Commit 3 on Sun Sep 14 06:27:00 UTC 2025
✅ Commit 4 on Sun Sep 14 06:27:00 UTC 2025
✅ Commit 5 on Sun Sep 14 06:27:00 UTC 2025
✅ Commit 6 on Sun Sep 14 06:27:00 UTC 2025
✅ Commit 7 on Sun Sep 14 06:27:00 UTC 2025
✅ Commit 8 on Sun Sep 14 06:27:00 UTC 2025
✅ Commit 9 on Sun Sep 14 06:27:00 UTC 2025
✅ Commit 10 on Sun Sep 14 06:27:00 UTC 2025
✅ Commit 11 on Sun Sep 14 06:27:00 UTC 2025
✅ Commit 12 on Sun Sep 14 06:27:00 UTC 2025
✅ Commit 1 on Sun Sep 14 12:41:43 UTC 2025
✅ Commit 2 on Sun Sep 14 12:41:43 UTC 2025
✅ Commit 3 on Sun Sep 14 12:41:43 UTC 2025
✅ Commit 4 on Sun Sep 14 12:41:43 UTC 2025
✅ Commit 5 on Sun Sep 14 12:41:43 UTC 2025
✅ Commit 6 on Sun Sep 14 12:41:43 UTC 2025
✅ Commit 7 on Sun Sep 14 12:41:43 UTC 2025
✅ Commit 8 on Sun Sep 14 12:41:43 UTC 2025
✅ Commit 9 on Sun Sep 14 12:41:43 UTC 2025
✅ Commit 10 on Sun Sep 14 12:41:43 UTC 2025
✅ Commit 11 on Sun Sep 14 12:41:43 UTC 2025
✅ Commit 12 on Sun Sep 14 12:41:43 UTC 2025
✅ Commit 1 on Sun Sep 14 18:10:33 UTC 2025
✅ Commit 2 on Sun Sep 14 18:10:33 UTC 2025
✅ Commit 3 on Sun Sep 14 18:10:33 UTC 2025
✅ Commit 4 on Sun Sep 14 18:10:33 UTC 2025
✅ Commit 5 on Sun Sep 14 18:10:33 UTC 2025
✅ Commit 6 on Sun Sep 14 18:10:33 UTC 2025
✅ Commit 7 on Sun Sep 14 18:10:33 UTC 2025
✅ Commit 8 on Sun Sep 14 18:10:33 UTC 2025
✅ Commit 9 on Sun Sep 14 18:10:33 UTC 2025
✅ Commit 10 on Sun Sep 14 18:10:33 UTC 2025
✅ Commit 11 on Sun Sep 14 18:10:33 UTC 2025
✅ Commit 12 on Sun Sep 14 18:10:33 UTC 2025
✅ Commit 1 on Mon Sep 15 02:01:39 UTC 2025
✅ Commit 2 on Mon Sep 15 02:01:39 UTC 2025
✅ Commit 3 on Mon Sep 15 02:01:39 UTC 2025
✅ Commit 4 on Mon Sep 15 02:01:39 UTC 2025
✅ Commit 5 on Mon Sep 15 02:01:39 UTC 2025
✅ Commit 6 on Mon Sep 15 02:01:39 UTC 2025
✅ Commit 7 on Mon Sep 15 02:01:39 UTC 2025
✅ Commit 8 on Mon Sep 15 02:01:39 UTC 2025
✅ Commit 9 on Mon Sep 15 02:01:39 UTC 2025
✅ Commit 10 on Mon Sep 15 02:01:39 UTC 2025
✅ Commit 11 on Mon Sep 15 02:01:39 UTC 2025
✅ Commit 12 on Mon Sep 15 02:01:39 UTC 2025
✅ Commit 1 on Mon Sep 15 06:31:59 UTC 2025
✅ Commit 2 on Mon Sep 15 06:31:59 UTC 2025
✅ Commit 3 on Mon Sep 15 06:31:59 UTC 2025
✅ Commit 4 on Mon Sep 15 06:31:59 UTC 2025
✅ Commit 5 on Mon Sep 15 06:31:59 UTC 2025
✅ Commit 6 on Mon Sep 15 06:31:59 UTC 2025
✅ Commit 7 on Mon Sep 15 06:31:59 UTC 2025
✅ Commit 8 on Mon Sep 15 06:31:59 UTC 2025
✅ Commit 9 on Mon Sep 15 06:31:59 UTC 2025
✅ Commit 10 on Mon Sep 15 06:31:59 UTC 2025
✅ Commit 11 on Mon Sep 15 06:31:59 UTC 2025
✅ Commit 12 on Mon Sep 15 06:31:59 UTC 2025
✅ Commit 1 on Mon Sep 15 12:51:09 UTC 2025
✅ Commit 2 on Mon Sep 15 12:51:09 UTC 2025
✅ Commit 3 on Mon Sep 15 12:51:09 UTC 2025
✅ Commit 4 on Mon Sep 15 12:51:09 UTC 2025
✅ Commit 5 on Mon Sep 15 12:51:09 UTC 2025
✅ Commit 6 on Mon Sep 15 12:51:09 UTC 2025
✅ Commit 7 on Mon Sep 15 12:51:09 UTC 2025
✅ Commit 8 on Mon Sep 15 12:51:09 UTC 2025
✅ Commit 9 on Mon Sep 15 12:51:09 UTC 2025
✅ Commit 10 on Mon Sep 15 12:51:09 UTC 2025
✅ Commit 11 on Mon Sep 15 12:51:09 UTC 2025
✅ Commit 12 on Mon Sep 15 12:51:09 UTC 2025
✅ Commit 1 on Mon Sep 15 18:13:03 UTC 2025
✅ Commit 2 on Mon Sep 15 18:13:03 UTC 2025
✅ Commit 3 on Mon Sep 15 18:13:03 UTC 2025
✅ Commit 4 on Mon Sep 15 18:13:03 UTC 2025
✅ Commit 5 on Mon Sep 15 18:13:03 UTC 2025
✅ Commit 6 on Mon Sep 15 18:13:03 UTC 2025
✅ Commit 7 on Mon Sep 15 18:13:03 UTC 2025
✅ Commit 8 on Mon Sep 15 18:13:03 UTC 2025
✅ Commit 9 on Mon Sep 15 18:13:03 UTC 2025
✅ Commit 10 on Mon Sep 15 18:13:03 UTC 2025
✅ Commit 11 on Mon Sep 15 18:13:03 UTC 2025
✅ Commit 12 on Mon Sep 15 18:13:03 UTC 2025
✅ Commit 1 on Tue Sep 16 01:52:30 UTC 2025
✅ Commit 2 on Tue Sep 16 01:52:30 UTC 2025
✅ Commit 3 on Tue Sep 16 01:52:30 UTC 2025
✅ Commit 4 on Tue Sep 16 01:52:30 UTC 2025
✅ Commit 5 on Tue Sep 16 01:52:30 UTC 2025
✅ Commit 6 on Tue Sep 16 01:52:30 UTC 2025
✅ Commit 7 on Tue Sep 16 01:52:30 UTC 2025
✅ Commit 8 on Tue Sep 16 01:52:30 UTC 2025
✅ Commit 9 on Tue Sep 16 01:52:30 UTC 2025
✅ Commit 10 on Tue Sep 16 01:52:30 UTC 2025
✅ Commit 11 on Tue Sep 16 01:52:30 UTC 2025
✅ Commit 12 on Tue Sep 16 01:52:30 UTC 2025
✅ Commit 1 on Tue Sep 16 06:30:16 UTC 2025
✅ Commit 2 on Tue Sep 16 06:30:16 UTC 2025
✅ Commit 3 on Tue Sep 16 06:30:16 UTC 2025
✅ Commit 4 on Tue Sep 16 06:30:16 UTC 2025
✅ Commit 5 on Tue Sep 16 06:30:16 UTC 2025
✅ Commit 6 on Tue Sep 16 06:30:16 UTC 2025
✅ Commit 7 on Tue Sep 16 06:30:16 UTC 2025
✅ Commit 8 on Tue Sep 16 06:30:16 UTC 2025
✅ Commit 9 on Tue Sep 16 06:30:16 UTC 2025
✅ Commit 10 on Tue Sep 16 06:30:16 UTC 2025
✅ Commit 11 on Tue Sep 16 06:30:16 UTC 2025
✅ Commit 12 on Tue Sep 16 06:30:16 UTC 2025
✅ Commit 1 on Tue Sep 16 12:50:31 UTC 2025
✅ Commit 2 on Tue Sep 16 12:50:31 UTC 2025
✅ Commit 3 on Tue Sep 16 12:50:31 UTC 2025
✅ Commit 4 on Tue Sep 16 12:50:31 UTC 2025
✅ Commit 5 on Tue Sep 16 12:50:31 UTC 2025
✅ Commit 6 on Tue Sep 16 12:50:31 UTC 2025
✅ Commit 7 on Tue Sep 16 12:50:31 UTC 2025
✅ Commit 8 on Tue Sep 16 12:50:31 UTC 2025
✅ Commit 9 on Tue Sep 16 12:50:31 UTC 2025
✅ Commit 10 on Tue Sep 16 12:50:31 UTC 2025
✅ Commit 11 on Tue Sep 16 12:50:31 UTC 2025
✅ Commit 12 on Tue Sep 16 12:50:31 UTC 2025
✅ Commit 1 on Tue Sep 16 18:13:43 UTC 2025
✅ Commit 2 on Tue Sep 16 18:13:43 UTC 2025
✅ Commit 3 on Tue Sep 16 18:13:43 UTC 2025
✅ Commit 4 on Tue Sep 16 18:13:43 UTC 2025
✅ Commit 5 on Tue Sep 16 18:13:43 UTC 2025
✅ Commit 6 on Tue Sep 16 18:13:43 UTC 2025
✅ Commit 7 on Tue Sep 16 18:13:43 UTC 2025
✅ Commit 8 on Tue Sep 16 18:13:43 UTC 2025
✅ Commit 9 on Tue Sep 16 18:13:43 UTC 2025
✅ Commit 10 on Tue Sep 16 18:13:43 UTC 2025
✅ Commit 11 on Tue Sep 16 18:13:43 UTC 2025
✅ Commit 12 on Tue Sep 16 18:13:43 UTC 2025
✅ Commit 1 on Wed Sep 17 01:52:24 UTC 2025
✅ Commit 2 on Wed Sep 17 01:52:24 UTC 2025
✅ Commit 3 on Wed Sep 17 01:52:24 UTC 2025
✅ Commit 4 on Wed Sep 17 01:52:24 UTC 2025
✅ Commit 5 on Wed Sep 17 01:52:24 UTC 2025
✅ Commit 6 on Wed Sep 17 01:52:24 UTC 2025
✅ Commit 7 on Wed Sep 17 01:52:24 UTC 2025
✅ Commit 8 on Wed Sep 17 01:52:24 UTC 2025
✅ Commit 9 on Wed Sep 17 01:52:24 UTC 2025
✅ Commit 10 on Wed Sep 17 01:52:24 UTC 2025
✅ Commit 11 on Wed Sep 17 01:52:24 UTC 2025
✅ Commit 12 on Wed Sep 17 01:52:24 UTC 2025
✅ Commit 1 on Wed Sep 17 06:30:25 UTC 2025
✅ Commit 2 on Wed Sep 17 06:30:25 UTC 2025
✅ Commit 3 on Wed Sep 17 06:30:25 UTC 2025
✅ Commit 4 on Wed Sep 17 06:30:25 UTC 2025
✅ Commit 5 on Wed Sep 17 06:30:25 UTC 2025
✅ Commit 6 on Wed Sep 17 06:30:25 UTC 2025
✅ Commit 7 on Wed Sep 17 06:30:25 UTC 2025
✅ Commit 8 on Wed Sep 17 06:30:25 UTC 2025
✅ Commit 9 on Wed Sep 17 06:30:25 UTC 2025
✅ Commit 10 on Wed Sep 17 06:30:25 UTC 2025
✅ Commit 11 on Wed Sep 17 06:30:25 UTC 2025
✅ Commit 12 on Wed Sep 17 06:30:25 UTC 2025
✅ Commit 1 on Wed Sep 17 12:50:46 UTC 2025
✅ Commit 2 on Wed Sep 17 12:50:46 UTC 2025
✅ Commit 3 on Wed Sep 17 12:50:46 UTC 2025
✅ Commit 4 on Wed Sep 17 12:50:46 UTC 2025
✅ Commit 5 on Wed Sep 17 12:50:46 UTC 2025
✅ Commit 6 on Wed Sep 17 12:50:46 UTC 2025
✅ Commit 7 on Wed Sep 17 12:50:46 UTC 2025
✅ Commit 8 on Wed Sep 17 12:50:46 UTC 2025
✅ Commit 9 on Wed Sep 17 12:50:46 UTC 2025
✅ Commit 10 on Wed Sep 17 12:50:46 UTC 2025
✅ Commit 11 on Wed Sep 17 12:50:46 UTC 2025
✅ Commit 12 on Wed Sep 17 12:50:46 UTC 2025
✅ Commit 1 on Wed Sep 17 18:12:48 UTC 2025
✅ Commit 2 on Wed Sep 17 18:12:48 UTC 2025
✅ Commit 3 on Wed Sep 17 18:12:48 UTC 2025
✅ Commit 4 on Wed Sep 17 18:12:48 UTC 2025
✅ Commit 5 on Wed Sep 17 18:12:48 UTC 2025
✅ Commit 6 on Wed Sep 17 18:12:48 UTC 2025
✅ Commit 7 on Wed Sep 17 18:12:48 UTC 2025
✅ Commit 8 on Wed Sep 17 18:12:48 UTC 2025
✅ Commit 9 on Wed Sep 17 18:12:48 UTC 2025
✅ Commit 10 on Wed Sep 17 18:12:48 UTC 2025
✅ Commit 11 on Wed Sep 17 18:12:48 UTC 2025
✅ Commit 12 on Wed Sep 17 18:12:48 UTC 2025
✅ Commit 1 on Thu Sep 18 01:52:24 UTC 2025
✅ Commit 2 on Thu Sep 18 01:52:24 UTC 2025
✅ Commit 3 on Thu Sep 18 01:52:24 UTC 2025
✅ Commit 4 on Thu Sep 18 01:52:24 UTC 2025
✅ Commit 5 on Thu Sep 18 01:52:24 UTC 2025
✅ Commit 6 on Thu Sep 18 01:52:24 UTC 2025
✅ Commit 7 on Thu Sep 18 01:52:24 UTC 2025
✅ Commit 8 on Thu Sep 18 01:52:24 UTC 2025
✅ Commit 9 on Thu Sep 18 01:52:24 UTC 2025
✅ Commit 10 on Thu Sep 18 01:52:24 UTC 2025
✅ Commit 11 on Thu Sep 18 01:52:24 UTC 2025
✅ Commit 12 on Thu Sep 18 01:52:24 UTC 2025
✅ Commit 1 on Thu Sep 18 06:29:53 UTC 2025
✅ Commit 2 on Thu Sep 18 06:29:53 UTC 2025
✅ Commit 3 on Thu Sep 18 06:29:53 UTC 2025
✅ Commit 4 on Thu Sep 18 06:29:53 UTC 2025
✅ Commit 5 on Thu Sep 18 06:29:53 UTC 2025
✅ Commit 6 on Thu Sep 18 06:29:53 UTC 2025
✅ Commit 7 on Thu Sep 18 06:29:53 UTC 2025
✅ Commit 8 on Thu Sep 18 06:29:53 UTC 2025
✅ Commit 9 on Thu Sep 18 06:29:53 UTC 2025
✅ Commit 10 on Thu Sep 18 06:29:53 UTC 2025
✅ Commit 11 on Thu Sep 18 06:29:53 UTC 2025
✅ Commit 12 on Thu Sep 18 06:29:53 UTC 2025
✅ Commit 1 on Thu Sep 18 12:49:29 UTC 2025
✅ Commit 2 on Thu Sep 18 12:49:29 UTC 2025
✅ Commit 3 on Thu Sep 18 12:49:29 UTC 2025
✅ Commit 4 on Thu Sep 18 12:49:29 UTC 2025
✅ Commit 5 on Thu Sep 18 12:49:29 UTC 2025
✅ Commit 6 on Thu Sep 18 12:49:29 UTC 2025
✅ Commit 7 on Thu Sep 18 12:49:29 UTC 2025
✅ Commit 8 on Thu Sep 18 12:49:29 UTC 2025
✅ Commit 9 on Thu Sep 18 12:49:29 UTC 2025
✅ Commit 10 on Thu Sep 18 12:49:29 UTC 2025
✅ Commit 11 on Thu Sep 18 12:49:29 UTC 2025
✅ Commit 12 on Thu Sep 18 12:49:29 UTC 2025
✅ Commit 1 on Thu Sep 18 18:14:00 UTC 2025
✅ Commit 2 on Thu Sep 18 18:14:00 UTC 2025
✅ Commit 3 on Thu Sep 18 18:14:00 UTC 2025
✅ Commit 4 on Thu Sep 18 18:14:00 UTC 2025
✅ Commit 5 on Thu Sep 18 18:14:00 UTC 2025
✅ Commit 6 on Thu Sep 18 18:14:00 UTC 2025
✅ Commit 7 on Thu Sep 18 18:14:00 UTC 2025
✅ Commit 8 on Thu Sep 18 18:14:00 UTC 2025
✅ Commit 9 on Thu Sep 18 18:14:00 UTC 2025
✅ Commit 10 on Thu Sep 18 18:14:00 UTC 2025
✅ Commit 11 on Thu Sep 18 18:14:00 UTC 2025
✅ Commit 12 on Thu Sep 18 18:14:00 UTC 2025
✅ Commit 1 on Fri Sep 19 01:55:40 UTC 2025
✅ Commit 2 on Fri Sep 19 01:55:40 UTC 2025
✅ Commit 3 on Fri Sep 19 01:55:40 UTC 2025
✅ Commit 4 on Fri Sep 19 01:55:40 UTC 2025
✅ Commit 5 on Fri Sep 19 01:55:40 UTC 2025
✅ Commit 6 on Fri Sep 19 01:55:40 UTC 2025
✅ Commit 7 on Fri Sep 19 01:55:40 UTC 2025
✅ Commit 8 on Fri Sep 19 01:55:40 UTC 2025
✅ Commit 9 on Fri Sep 19 01:55:40 UTC 2025
✅ Commit 10 on Fri Sep 19 01:55:40 UTC 2025
✅ Commit 11 on Fri Sep 19 01:55:40 UTC 2025
✅ Commit 12 on Fri Sep 19 01:55:40 UTC 2025
✅ Commit 1 on Fri Sep 19 06:29:53 UTC 2025
✅ Commit 2 on Fri Sep 19 06:29:53 UTC 2025
✅ Commit 3 on Fri Sep 19 06:29:53 UTC 2025
✅ Commit 4 on Fri Sep 19 06:29:53 UTC 2025
✅ Commit 5 on Fri Sep 19 06:29:53 UTC 2025
✅ Commit 6 on Fri Sep 19 06:29:53 UTC 2025
✅ Commit 7 on Fri Sep 19 06:29:53 UTC 2025
✅ Commit 8 on Fri Sep 19 06:29:53 UTC 2025
✅ Commit 9 on Fri Sep 19 06:29:53 UTC 2025
✅ Commit 10 on Fri Sep 19 06:29:53 UTC 2025
✅ Commit 11 on Fri Sep 19 06:29:53 UTC 2025
✅ Commit 12 on Fri Sep 19 06:29:53 UTC 2025
✅ Commit 1 on Fri Sep 19 12:49:54 UTC 2025
✅ Commit 2 on Fri Sep 19 12:49:54 UTC 2025
✅ Commit 3 on Fri Sep 19 12:49:54 UTC 2025
✅ Commit 4 on Fri Sep 19 12:49:54 UTC 2025
✅ Commit 5 on Fri Sep 19 12:49:54 UTC 2025
✅ Commit 6 on Fri Sep 19 12:49:54 UTC 2025
✅ Commit 7 on Fri Sep 19 12:49:54 UTC 2025
✅ Commit 8 on Fri Sep 19 12:49:54 UTC 2025
✅ Commit 9 on Fri Sep 19 12:49:54 UTC 2025
✅ Commit 10 on Fri Sep 19 12:49:55 UTC 2025
✅ Commit 11 on Fri Sep 19 12:49:55 UTC 2025
✅ Commit 12 on Fri Sep 19 12:49:55 UTC 2025
✅ Commit 1 on Fri Sep 19 18:12:36 UTC 2025
✅ Commit 2 on Fri Sep 19 18:12:36 UTC 2025
✅ Commit 3 on Fri Sep 19 18:12:36 UTC 2025
✅ Commit 4 on Fri Sep 19 18:12:36 UTC 2025
✅ Commit 5 on Fri Sep 19 18:12:36 UTC 2025
✅ Commit 6 on Fri Sep 19 18:12:36 UTC 2025
✅ Commit 7 on Fri Sep 19 18:12:36 UTC 2025
✅ Commit 8 on Fri Sep 19 18:12:36 UTC 2025
✅ Commit 9 on Fri Sep 19 18:12:36 UTC 2025
✅ Commit 10 on Fri Sep 19 18:12:36 UTC 2025
✅ Commit 11 on Fri Sep 19 18:12:36 UTC 2025
✅ Commit 12 on Fri Sep 19 18:12:36 UTC 2025
✅ Commit 1 on Sat Sep 20 01:50:30 UTC 2025
✅ Commit 2 on Sat Sep 20 01:50:30 UTC 2025
✅ Commit 3 on Sat Sep 20 01:50:30 UTC 2025
✅ Commit 4 on Sat Sep 20 01:50:30 UTC 2025
✅ Commit 5 on Sat Sep 20 01:50:30 UTC 2025
✅ Commit 6 on Sat Sep 20 01:50:30 UTC 2025
✅ Commit 7 on Sat Sep 20 01:50:30 UTC 2025
✅ Commit 8 on Sat Sep 20 01:50:30 UTC 2025
✅ Commit 9 on Sat Sep 20 01:50:30 UTC 2025
✅ Commit 10 on Sat Sep 20 01:50:30 UTC 2025
✅ Commit 11 on Sat Sep 20 01:50:30 UTC 2025
✅ Commit 12 on Sat Sep 20 01:50:30 UTC 2025
✅ Commit 1 on Sat Sep 20 06:27:33 UTC 2025
✅ Commit 2 on Sat Sep 20 06:27:33 UTC 2025
✅ Commit 3 on Sat Sep 20 06:27:33 UTC 2025
✅ Commit 4 on Sat Sep 20 06:27:33 UTC 2025
✅ Commit 5 on Sat Sep 20 06:27:33 UTC 2025
✅ Commit 6 on Sat Sep 20 06:27:33 UTC 2025
✅ Commit 7 on Sat Sep 20 06:27:33 UTC 2025
✅ Commit 8 on Sat Sep 20 06:27:33 UTC 2025
✅ Commit 9 on Sat Sep 20 06:27:33 UTC 2025
✅ Commit 10 on Sat Sep 20 06:27:33 UTC 2025
✅ Commit 11 on Sat Sep 20 06:27:33 UTC 2025
✅ Commit 12 on Sat Sep 20 06:27:33 UTC 2025
✅ Commit 1 on Sat Sep 20 12:44:39 UTC 2025
✅ Commit 2 on Sat Sep 20 12:44:39 UTC 2025
✅ Commit 3 on Sat Sep 20 12:44:39 UTC 2025
✅ Commit 4 on Sat Sep 20 12:44:39 UTC 2025
✅ Commit 5 on Sat Sep 20 12:44:39 UTC 2025
✅ Commit 6 on Sat Sep 20 12:44:39 UTC 2025
✅ Commit 7 on Sat Sep 20 12:44:39 UTC 2025
✅ Commit 8 on Sat Sep 20 12:44:39 UTC 2025
✅ Commit 9 on Sat Sep 20 12:44:39 UTC 2025
✅ Commit 10 on Sat Sep 20 12:44:39 UTC 2025
✅ Commit 11 on Sat Sep 20 12:44:39 UTC 2025
✅ Commit 12 on Sat Sep 20 12:44:39 UTC 2025
✅ Commit 1 on Sat Sep 20 18:10:22 UTC 2025
✅ Commit 2 on Sat Sep 20 18:10:22 UTC 2025
✅ Commit 3 on Sat Sep 20 18:10:22 UTC 2025
✅ Commit 4 on Sat Sep 20 18:10:22 UTC 2025
✅ Commit 5 on Sat Sep 20 18:10:22 UTC 2025
✅ Commit 6 on Sat Sep 20 18:10:22 UTC 2025
✅ Commit 7 on Sat Sep 20 18:10:22 UTC 2025
✅ Commit 8 on Sat Sep 20 18:10:22 UTC 2025
✅ Commit 9 on Sat Sep 20 18:10:22 UTC 2025
✅ Commit 10 on Sat Sep 20 18:10:22 UTC 2025
✅ Commit 11 on Sat Sep 20 18:10:22 UTC 2025
✅ Commit 12 on Sat Sep 20 18:10:22 UTC 2025
✅ Commit 1 on Sun Sep 21 02:03:32 UTC 2025
✅ Commit 2 on Sun Sep 21 02:03:32 UTC 2025
✅ Commit 3 on Sun Sep 21 02:03:32 UTC 2025
✅ Commit 4 on Sun Sep 21 02:03:32 UTC 2025
✅ Commit 5 on Sun Sep 21 02:03:32 UTC 2025
✅ Commit 6 on Sun Sep 21 02:03:32 UTC 2025
✅ Commit 7 on Sun Sep 21 02:03:32 UTC 2025
✅ Commit 8 on Sun Sep 21 02:03:32 UTC 2025
✅ Commit 9 on Sun Sep 21 02:03:32 UTC 2025
✅ Commit 10 on Sun Sep 21 02:03:32 UTC 2025
✅ Commit 11 on Sun Sep 21 02:03:32 UTC 2025
✅ Commit 12 on Sun Sep 21 02:03:32 UTC 2025
✅ Commit 1 on Sun Sep 21 06:28:30 UTC 2025
✅ Commit 2 on Sun Sep 21 06:28:30 UTC 2025
✅ Commit 3 on Sun Sep 21 06:28:30 UTC 2025
✅ Commit 4 on Sun Sep 21 06:28:30 UTC 2025
✅ Commit 5 on Sun Sep 21 06:28:30 UTC 2025
✅ Commit 6 on Sun Sep 21 06:28:30 UTC 2025
✅ Commit 7 on Sun Sep 21 06:28:30 UTC 2025
✅ Commit 8 on Sun Sep 21 06:28:30 UTC 2025
✅ Commit 9 on Sun Sep 21 06:28:30 UTC 2025
✅ Commit 10 on Sun Sep 21 06:28:30 UTC 2025
✅ Commit 11 on Sun Sep 21 06:28:30 UTC 2025
✅ Commit 12 on Sun Sep 21 06:28:30 UTC 2025
✅ Commit 1 on Sun Sep 21 12:44:01 UTC 2025
✅ Commit 2 on Sun Sep 21 12:44:01 UTC 2025
✅ Commit 3 on Sun Sep 21 12:44:01 UTC 2025
✅ Commit 4 on Sun Sep 21 12:44:01 UTC 2025
✅ Commit 5 on Sun Sep 21 12:44:01 UTC 2025
✅ Commit 6 on Sun Sep 21 12:44:01 UTC 2025
✅ Commit 7 on Sun Sep 21 12:44:01 UTC 2025
✅ Commit 8 on Sun Sep 21 12:44:01 UTC 2025
✅ Commit 9 on Sun Sep 21 12:44:01 UTC 2025
✅ Commit 10 on Sun Sep 21 12:44:01 UTC 2025
✅ Commit 11 on Sun Sep 21 12:44:01 UTC 2025
✅ Commit 12 on Sun Sep 21 12:44:01 UTC 2025
✅ Commit 1 on Sun Sep 21 18:11:29 UTC 2025
✅ Commit 2 on Sun Sep 21 18:11:29 UTC 2025
✅ Commit 3 on Sun Sep 21 18:11:29 UTC 2025
✅ Commit 4 on Sun Sep 21 18:11:29 UTC 2025
✅ Commit 5 on Sun Sep 21 18:11:29 UTC 2025
✅ Commit 6 on Sun Sep 21 18:11:29 UTC 2025
✅ Commit 7 on Sun Sep 21 18:11:29 UTC 2025
✅ Commit 8 on Sun Sep 21 18:11:29 UTC 2025
✅ Commit 9 on Sun Sep 21 18:11:29 UTC 2025
✅ Commit 10 on Sun Sep 21 18:11:29 UTC 2025
✅ Commit 11 on Sun Sep 21 18:11:29 UTC 2025
✅ Commit 12 on Sun Sep 21 18:11:29 UTC 2025
✅ Commit 1 on Mon Sep 22 02:03:27 UTC 2025
✅ Commit 2 on Mon Sep 22 02:03:27 UTC 2025
✅ Commit 3 on Mon Sep 22 02:03:27 UTC 2025
✅ Commit 4 on Mon Sep 22 02:03:27 UTC 2025
✅ Commit 5 on Mon Sep 22 02:03:27 UTC 2025
✅ Commit 6 on Mon Sep 22 02:03:27 UTC 2025
✅ Commit 7 on Mon Sep 22 02:03:27 UTC 2025
✅ Commit 8 on Mon Sep 22 02:03:27 UTC 2025
✅ Commit 9 on Mon Sep 22 02:03:27 UTC 2025
✅ Commit 10 on Mon Sep 22 02:03:27 UTC 2025
✅ Commit 11 on Mon Sep 22 02:03:27 UTC 2025
✅ Commit 12 on Mon Sep 22 02:03:27 UTC 2025
✅ Commit 1 on Mon Sep 22 06:32:06 UTC 2025
✅ Commit 2 on Mon Sep 22 06:32:06 UTC 2025
✅ Commit 3 on Mon Sep 22 06:32:06 UTC 2025
✅ Commit 4 on Mon Sep 22 06:32:06 UTC 2025
✅ Commit 5 on Mon Sep 22 06:32:06 UTC 2025
✅ Commit 6 on Mon Sep 22 06:32:06 UTC 2025
✅ Commit 7 on Mon Sep 22 06:32:06 UTC 2025
✅ Commit 8 on Mon Sep 22 06:32:06 UTC 2025
✅ Commit 9 on Mon Sep 22 06:32:06 UTC 2025
✅ Commit 10 on Mon Sep 22 06:32:06 UTC 2025
✅ Commit 11 on Mon Sep 22 06:32:06 UTC 2025
✅ Commit 12 on Mon Sep 22 06:32:06 UTC 2025
✅ Commit 1 on Mon Sep 22 12:51:46 UTC 2025
✅ Commit 2 on Mon Sep 22 12:51:46 UTC 2025
✅ Commit 3 on Mon Sep 22 12:51:46 UTC 2025
✅ Commit 4 on Mon Sep 22 12:51:46 UTC 2025
✅ Commit 5 on Mon Sep 22 12:51:46 UTC 2025
✅ Commit 6 on Mon Sep 22 12:51:46 UTC 2025
✅ Commit 7 on Mon Sep 22 12:51:46 UTC 2025
✅ Commit 8 on Mon Sep 22 12:51:46 UTC 2025
✅ Commit 9 on Mon Sep 22 12:51:46 UTC 2025
✅ Commit 10 on Mon Sep 22 12:51:46 UTC 2025
✅ Commit 11 on Mon Sep 22 12:51:46 UTC 2025
✅ Commit 12 on Mon Sep 22 12:51:46 UTC 2025
✅ Commit 1 on Mon Sep 22 18:13:40 UTC 2025
✅ Commit 2 on Mon Sep 22 18:13:40 UTC 2025
✅ Commit 3 on Mon Sep 22 18:13:40 UTC 2025
✅ Commit 4 on Mon Sep 22 18:13:40 UTC 2025
✅ Commit 5 on Mon Sep 22 18:13:40 UTC 2025
✅ Commit 6 on Mon Sep 22 18:13:40 UTC 2025
✅ Commit 7 on Mon Sep 22 18:13:40 UTC 2025
✅ Commit 8 on Mon Sep 22 18:13:40 UTC 2025
✅ Commit 9 on Mon Sep 22 18:13:40 UTC 2025
✅ Commit 10 on Mon Sep 22 18:13:40 UTC 2025
✅ Commit 11 on Mon Sep 22 18:13:40 UTC 2025
✅ Commit 12 on Mon Sep 22 18:13:40 UTC 2025
✅ Commit 1 on Tue Sep 23 01:53:10 UTC 2025
✅ Commit 2 on Tue Sep 23 01:53:10 UTC 2025
✅ Commit 3 on Tue Sep 23 01:53:10 UTC 2025
✅ Commit 4 on Tue Sep 23 01:53:10 UTC 2025
✅ Commit 5 on Tue Sep 23 01:53:10 UTC 2025
✅ Commit 6 on Tue Sep 23 01:53:10 UTC 2025
✅ Commit 7 on Tue Sep 23 01:53:10 UTC 2025
✅ Commit 8 on Tue Sep 23 01:53:10 UTC 2025
✅ Commit 9 on Tue Sep 23 01:53:10 UTC 2025
✅ Commit 10 on Tue Sep 23 01:53:10 UTC 2025
✅ Commit 11 on Tue Sep 23 01:53:10 UTC 2025
✅ Commit 12 on Tue Sep 23 01:53:10 UTC 2025
✅ Commit 1 on Tue Sep 23 06:30:30 UTC 2025
✅ Commit 2 on Tue Sep 23 06:30:30 UTC 2025
✅ Commit 3 on Tue Sep 23 06:30:30 UTC 2025
✅ Commit 4 on Tue Sep 23 06:30:30 UTC 2025
✅ Commit 5 on Tue Sep 23 06:30:30 UTC 2025
✅ Commit 6 on Tue Sep 23 06:30:30 UTC 2025
✅ Commit 7 on Tue Sep 23 06:30:30 UTC 2025
✅ Commit 8 on Tue Sep 23 06:30:30 UTC 2025
✅ Commit 9 on Tue Sep 23 06:30:30 UTC 2025
✅ Commit 10 on Tue Sep 23 06:30:30 UTC 2025
✅ Commit 11 on Tue Sep 23 06:30:30 UTC 2025
✅ Commit 12 on Tue Sep 23 06:30:30 UTC 2025
✅ Commit 1 on Tue Sep 23 12:49:56 UTC 2025
✅ Commit 2 on Tue Sep 23 12:49:56 UTC 2025
✅ Commit 3 on Tue Sep 23 12:49:56 UTC 2025
✅ Commit 4 on Tue Sep 23 12:49:56 UTC 2025
✅ Commit 5 on Tue Sep 23 12:49:56 UTC 2025
✅ Commit 6 on Tue Sep 23 12:49:56 UTC 2025
✅ Commit 7 on Tue Sep 23 12:49:56 UTC 2025
✅ Commit 8 on Tue Sep 23 12:49:56 UTC 2025
✅ Commit 9 on Tue Sep 23 12:49:56 UTC 2025
✅ Commit 10 on Tue Sep 23 12:49:56 UTC 2025
✅ Commit 11 on Tue Sep 23 12:49:56 UTC 2025
✅ Commit 12 on Tue Sep 23 12:49:56 UTC 2025
✅ Commit 1 on Tue Sep 23 18:14:09 UTC 2025
✅ Commit 2 on Tue Sep 23 18:14:09 UTC 2025
✅ Commit 3 on Tue Sep 23 18:14:09 UTC 2025
✅ Commit 4 on Tue Sep 23 18:14:09 UTC 2025
✅ Commit 5 on Tue Sep 23 18:14:09 UTC 2025
✅ Commit 6 on Tue Sep 23 18:14:09 UTC 2025
✅ Commit 7 on Tue Sep 23 18:14:09 UTC 2025
✅ Commit 8 on Tue Sep 23 18:14:09 UTC 2025
✅ Commit 9 on Tue Sep 23 18:14:09 UTC 2025
✅ Commit 10 on Tue Sep 23 18:14:09 UTC 2025
✅ Commit 11 on Tue Sep 23 18:14:09 UTC 2025
✅ Commit 12 on Tue Sep 23 18:14:09 UTC 2025
✅ Commit 1 on Wed Sep 24 01:54:35 UTC 2025
✅ Commit 2 on Wed Sep 24 01:54:35 UTC 2025
✅ Commit 3 on Wed Sep 24 01:54:35 UTC 2025
✅ Commit 4 on Wed Sep 24 01:54:35 UTC 2025
✅ Commit 5 on Wed Sep 24 01:54:35 UTC 2025
✅ Commit 6 on Wed Sep 24 01:54:35 UTC 2025
✅ Commit 7 on Wed Sep 24 01:54:35 UTC 2025
✅ Commit 8 on Wed Sep 24 01:54:35 UTC 2025
✅ Commit 9 on Wed Sep 24 01:54:35 UTC 2025
✅ Commit 10 on Wed Sep 24 01:54:35 UTC 2025
✅ Commit 11 on Wed Sep 24 01:54:35 UTC 2025
✅ Commit 12 on Wed Sep 24 01:54:35 UTC 2025
✅ Commit 1 on Wed Sep 24 06:30:10 UTC 2025
✅ Commit 2 on Wed Sep 24 06:30:10 UTC 2025
✅ Commit 3 on Wed Sep 24 06:30:10 UTC 2025
✅ Commit 4 on Wed Sep 24 06:30:10 UTC 2025
✅ Commit 5 on Wed Sep 24 06:30:10 UTC 2025
✅ Commit 6 on Wed Sep 24 06:30:10 UTC 2025
✅ Commit 7 on Wed Sep 24 06:30:10 UTC 2025
✅ Commit 8 on Wed Sep 24 06:30:10 UTC 2025
✅ Commit 9 on Wed Sep 24 06:30:10 UTC 2025
✅ Commit 10 on Wed Sep 24 06:30:10 UTC 2025
✅ Commit 11 on Wed Sep 24 06:30:10 UTC 2025
✅ Commit 12 on Wed Sep 24 06:30:10 UTC 2025
✅ Commit 1 on Wed Sep 24 12:50:37 UTC 2025
✅ Commit 2 on Wed Sep 24 12:50:37 UTC 2025
✅ Commit 3 on Wed Sep 24 12:50:37 UTC 2025
✅ Commit 4 on Wed Sep 24 12:50:37 UTC 2025
✅ Commit 5 on Wed Sep 24 12:50:37 UTC 2025
✅ Commit 6 on Wed Sep 24 12:50:37 UTC 2025
✅ Commit 7 on Wed Sep 24 12:50:37 UTC 2025
✅ Commit 8 on Wed Sep 24 12:50:37 UTC 2025
✅ Commit 9 on Wed Sep 24 12:50:37 UTC 2025
✅ Commit 10 on Wed Sep 24 12:50:37 UTC 2025
✅ Commit 11 on Wed Sep 24 12:50:37 UTC 2025
✅ Commit 12 on Wed Sep 24 12:50:37 UTC 2025
✅ Commit 1 on Wed Sep 24 18:13:46 UTC 2025
✅ Commit 2 on Wed Sep 24 18:13:46 UTC 2025
✅ Commit 3 on Wed Sep 24 18:13:46 UTC 2025
✅ Commit 4 on Wed Sep 24 18:13:46 UTC 2025
✅ Commit 5 on Wed Sep 24 18:13:46 UTC 2025
✅ Commit 6 on Wed Sep 24 18:13:46 UTC 2025
✅ Commit 7 on Wed Sep 24 18:13:46 UTC 2025
✅ Commit 8 on Wed Sep 24 18:13:46 UTC 2025
✅ Commit 9 on Wed Sep 24 18:13:46 UTC 2025
✅ Commit 10 on Wed Sep 24 18:13:46 UTC 2025
✅ Commit 11 on Wed Sep 24 18:13:46 UTC 2025
✅ Commit 12 on Wed Sep 24 18:13:46 UTC 2025
✅ Commit 1 on Thu Sep 25 01:55:35 UTC 2025
✅ Commit 2 on Thu Sep 25 01:55:35 UTC 2025
✅ Commit 3 on Thu Sep 25 01:55:35 UTC 2025
✅ Commit 4 on Thu Sep 25 01:55:35 UTC 2025
✅ Commit 5 on Thu Sep 25 01:55:35 UTC 2025
✅ Commit 6 on Thu Sep 25 01:55:35 UTC 2025
✅ Commit 7 on Thu Sep 25 01:55:35 UTC 2025
✅ Commit 8 on Thu Sep 25 01:55:35 UTC 2025
✅ Commit 9 on Thu Sep 25 01:55:35 UTC 2025
✅ Commit 10 on Thu Sep 25 01:55:35 UTC 2025
✅ Commit 11 on Thu Sep 25 01:55:35 UTC 2025
✅ Commit 12 on Thu Sep 25 01:55:35 UTC 2025
✅ Commit 1 on Thu Sep 25 06:30:44 UTC 2025
✅ Commit 2 on Thu Sep 25 06:30:44 UTC 2025
✅ Commit 3 on Thu Sep 25 06:30:44 UTC 2025
✅ Commit 4 on Thu Sep 25 06:30:45 UTC 2025
✅ Commit 5 on Thu Sep 25 06:30:45 UTC 2025
✅ Commit 6 on Thu Sep 25 06:30:45 UTC 2025
✅ Commit 7 on Thu Sep 25 06:30:45 UTC 2025
✅ Commit 8 on Thu Sep 25 06:30:45 UTC 2025
✅ Commit 9 on Thu Sep 25 06:30:45 UTC 2025
✅ Commit 10 on Thu Sep 25 06:30:45 UTC 2025
✅ Commit 11 on Thu Sep 25 06:30:45 UTC 2025
✅ Commit 12 on Thu Sep 25 06:30:45 UTC 2025
✅ Commit 1 on Thu Sep 25 12:52:05 UTC 2025
✅ Commit 2 on Thu Sep 25 12:52:05 UTC 2025
✅ Commit 3 on Thu Sep 25 12:52:05 UTC 2025
✅ Commit 4 on Thu Sep 25 12:52:05 UTC 2025
✅ Commit 5 on Thu Sep 25 12:52:05 UTC 2025
✅ Commit 6 on Thu Sep 25 12:52:05 UTC 2025
✅ Commit 7 on Thu Sep 25 12:52:05 UTC 2025
✅ Commit 8 on Thu Sep 25 12:52:05 UTC 2025
✅ Commit 9 on Thu Sep 25 12:52:05 UTC 2025
✅ Commit 10 on Thu Sep 25 12:52:05 UTC 2025
✅ Commit 11 on Thu Sep 25 12:52:05 UTC 2025
✅ Commit 12 on Thu Sep 25 12:52:05 UTC 2025
✅ Commit 1 on Thu Sep 25 18:14:26 UTC 2025
✅ Commit 2 on Thu Sep 25 18:14:26 UTC 2025
✅ Commit 3 on Thu Sep 25 18:14:26 UTC 2025
✅ Commit 4 on Thu Sep 25 18:14:26 UTC 2025
✅ Commit 5 on Thu Sep 25 18:14:26 UTC 2025
✅ Commit 6 on Thu Sep 25 18:14:26 UTC 2025
✅ Commit 7 on Thu Sep 25 18:14:26 UTC 2025
✅ Commit 8 on Thu Sep 25 18:14:26 UTC 2025
✅ Commit 9 on Thu Sep 25 18:14:26 UTC 2025
✅ Commit 10 on Thu Sep 25 18:14:26 UTC 2025
✅ Commit 11 on Thu Sep 25 18:14:26 UTC 2025
✅ Commit 12 on Thu Sep 25 18:14:26 UTC 2025
✅ Commit 1 on Fri Sep 26 01:54:44 UTC 2025
✅ Commit 2 on Fri Sep 26 01:54:44 UTC 2025
✅ Commit 3 on Fri Sep 26 01:54:44 UTC 2025
✅ Commit 4 on Fri Sep 26 01:54:44 UTC 2025
✅ Commit 5 on Fri Sep 26 01:54:44 UTC 2025
✅ Commit 6 on Fri Sep 26 01:54:44 UTC 2025
✅ Commit 7 on Fri Sep 26 01:54:44 UTC 2025
✅ Commit 8 on Fri Sep 26 01:54:44 UTC 2025
✅ Commit 9 on Fri Sep 26 01:54:44 UTC 2025
✅ Commit 10 on Fri Sep 26 01:54:44 UTC 2025
✅ Commit 11 on Fri Sep 26 01:54:44 UTC 2025
✅ Commit 12 on Fri Sep 26 01:54:44 UTC 2025
✅ Commit 1 on Fri Sep 26 06:29:48 UTC 2025
✅ Commit 2 on Fri Sep 26 06:29:48 UTC 2025
✅ Commit 3 on Fri Sep 26 06:29:48 UTC 2025
✅ Commit 4 on Fri Sep 26 06:29:48 UTC 2025
✅ Commit 5 on Fri Sep 26 06:29:48 UTC 2025
✅ Commit 6 on Fri Sep 26 06:29:48 UTC 2025
✅ Commit 7 on Fri Sep 26 06:29:48 UTC 2025
✅ Commit 8 on Fri Sep 26 06:29:48 UTC 2025
✅ Commit 9 on Fri Sep 26 06:29:48 UTC 2025
✅ Commit 10 on Fri Sep 26 06:29:48 UTC 2025
✅ Commit 11 on Fri Sep 26 06:29:48 UTC 2025
✅ Commit 12 on Fri Sep 26 06:29:48 UTC 2025
✅ Commit 1 on Fri Sep 26 12:50:36 UTC 2025
✅ Commit 2 on Fri Sep 26 12:50:36 UTC 2025
✅ Commit 3 on Fri Sep 26 12:50:36 UTC 2025
✅ Commit 4 on Fri Sep 26 12:50:36 UTC 2025
✅ Commit 5 on Fri Sep 26 12:50:36 UTC 2025
✅ Commit 6 on Fri Sep 26 12:50:36 UTC 2025
✅ Commit 7 on Fri Sep 26 12:50:36 UTC 2025
✅ Commit 8 on Fri Sep 26 12:50:36 UTC 2025
✅ Commit 9 on Fri Sep 26 12:50:36 UTC 2025
✅ Commit 10 on Fri Sep 26 12:50:36 UTC 2025
✅ Commit 11 on Fri Sep 26 12:50:36 UTC 2025
✅ Commit 12 on Fri Sep 26 12:50:36 UTC 2025
✅ Commit 1 on Fri Sep 26 18:11:54 UTC 2025
✅ Commit 2 on Fri Sep 26 18:11:54 UTC 2025
✅ Commit 3 on Fri Sep 26 18:11:54 UTC 2025
✅ Commit 4 on Fri Sep 26 18:11:54 UTC 2025
✅ Commit 5 on Fri Sep 26 18:11:54 UTC 2025
✅ Commit 6 on Fri Sep 26 18:11:54 UTC 2025
✅ Commit 7 on Fri Sep 26 18:11:54 UTC 2025
✅ Commit 8 on Fri Sep 26 18:11:54 UTC 2025
✅ Commit 9 on Fri Sep 26 18:11:54 UTC 2025
✅ Commit 10 on Fri Sep 26 18:11:54 UTC 2025
✅ Commit 11 on Fri Sep 26 18:11:54 UTC 2025
✅ Commit 12 on Fri Sep 26 18:11:54 UTC 2025
✅ Commit 1 on Sat Sep 27 01:50:07 UTC 2025
✅ Commit 2 on Sat Sep 27 01:50:07 UTC 2025
✅ Commit 3 on Sat Sep 27 01:50:07 UTC 2025
✅ Commit 4 on Sat Sep 27 01:50:07 UTC 2025
✅ Commit 5 on Sat Sep 27 01:50:07 UTC 2025
✅ Commit 6 on Sat Sep 27 01:50:07 UTC 2025
✅ Commit 7 on Sat Sep 27 01:50:07 UTC 2025
✅ Commit 8 on Sat Sep 27 01:50:07 UTC 2025
✅ Commit 9 on Sat Sep 27 01:50:07 UTC 2025
✅ Commit 10 on Sat Sep 27 01:50:07 UTC 2025
✅ Commit 11 on Sat Sep 27 01:50:07 UTC 2025
✅ Commit 12 on Sat Sep 27 01:50:07 UTC 2025
✅ Commit 1 on Sat Sep 27 06:26:26 UTC 2025
✅ Commit 2 on Sat Sep 27 06:26:26 UTC 2025
✅ Commit 3 on Sat Sep 27 06:26:26 UTC 2025
✅ Commit 4 on Sat Sep 27 06:26:26 UTC 2025
✅ Commit 5 on Sat Sep 27 06:26:26 UTC 2025
✅ Commit 6 on Sat Sep 27 06:26:26 UTC 2025
✅ Commit 7 on Sat Sep 27 06:26:26 UTC 2025
✅ Commit 8 on Sat Sep 27 06:26:26 UTC 2025
✅ Commit 9 on Sat Sep 27 06:26:26 UTC 2025
✅ Commit 10 on Sat Sep 27 06:26:26 UTC 2025
✅ Commit 11 on Sat Sep 27 06:26:26 UTC 2025
✅ Commit 12 on Sat Sep 27 06:26:26 UTC 2025
✅ Commit 1 on Sat Sep 27 12:43:10 UTC 2025
✅ Commit 2 on Sat Sep 27 12:43:10 UTC 2025
✅ Commit 3 on Sat Sep 27 12:43:10 UTC 2025
✅ Commit 4 on Sat Sep 27 12:43:10 UTC 2025
✅ Commit 5 on Sat Sep 27 12:43:10 UTC 2025
✅ Commit 6 on Sat Sep 27 12:43:10 UTC 2025
✅ Commit 7 on Sat Sep 27 12:43:10 UTC 2025
✅ Commit 8 on Sat Sep 27 12:43:11 UTC 2025
✅ Commit 9 on Sat Sep 27 12:43:11 UTC 2025
✅ Commit 10 on Sat Sep 27 12:43:11 UTC 2025
✅ Commit 11 on Sat Sep 27 12:43:11 UTC 2025
✅ Commit 12 on Sat Sep 27 12:43:11 UTC 2025
✅ Commit 1 on Sat Sep 27 18:11:22 UTC 2025
✅ Commit 2 on Sat Sep 27 18:11:22 UTC 2025
✅ Commit 3 on Sat Sep 27 18:11:22 UTC 2025
✅ Commit 4 on Sat Sep 27 18:11:22 UTC 2025
✅ Commit 5 on Sat Sep 27 18:11:22 UTC 2025
✅ Commit 6 on Sat Sep 27 18:11:22 UTC 2025
✅ Commit 7 on Sat Sep 27 18:11:22 UTC 2025
✅ Commit 8 on Sat Sep 27 18:11:22 UTC 2025
✅ Commit 9 on Sat Sep 27 18:11:22 UTC 2025
✅ Commit 10 on Sat Sep 27 18:11:22 UTC 2025
✅ Commit 11 on Sat Sep 27 18:11:22 UTC 2025
✅ Commit 12 on Sat Sep 27 18:11:22 UTC 2025
✅ Commit 1 on Sun Sep 28 02:04:16 UTC 2025
✅ Commit 2 on Sun Sep 28 02:04:16 UTC 2025
✅ Commit 3 on Sun Sep 28 02:04:16 UTC 2025
✅ Commit 4 on Sun Sep 28 02:04:16 UTC 2025
✅ Commit 5 on Sun Sep 28 02:04:16 UTC 2025
✅ Commit 6 on Sun Sep 28 02:04:16 UTC 2025
✅ Commit 7 on Sun Sep 28 02:04:16 UTC 2025
✅ Commit 8 on Sun Sep 28 02:04:16 UTC 2025
✅ Commit 9 on Sun Sep 28 02:04:16 UTC 2025
✅ Commit 10 on Sun Sep 28 02:04:16 UTC 2025
✅ Commit 11 on Sun Sep 28 02:04:16 UTC 2025
✅ Commit 12 on Sun Sep 28 02:04:16 UTC 2025
✅ Commit 1 on Sun Sep 28 06:27:50 UTC 2025
✅ Commit 2 on Sun Sep 28 06:27:50 UTC 2025
✅ Commit 3 on Sun Sep 28 06:27:50 UTC 2025
✅ Commit 4 on Sun Sep 28 06:27:50 UTC 2025
✅ Commit 5 on Sun Sep 28 06:27:50 UTC 2025
✅ Commit 6 on Sun Sep 28 06:27:50 UTC 2025
✅ Commit 7 on Sun Sep 28 06:27:50 UTC 2025
✅ Commit 8 on Sun Sep 28 06:27:50 UTC 2025
✅ Commit 9 on Sun Sep 28 06:27:50 UTC 2025
✅ Commit 10 on Sun Sep 28 06:27:50 UTC 2025
✅ Commit 11 on Sun Sep 28 06:27:50 UTC 2025
✅ Commit 12 on Sun Sep 28 06:27:50 UTC 2025
✅ Commit 1 on Sun Sep 28 12:44:26 UTC 2025
✅ Commit 2 on Sun Sep 28 12:44:26 UTC 2025
✅ Commit 3 on Sun Sep 28 12:44:26 UTC 2025
✅ Commit 4 on Sun Sep 28 12:44:26 UTC 2025
✅ Commit 5 on Sun Sep 28 12:44:26 UTC 2025
✅ Commit 6 on Sun Sep 28 12:44:26 UTC 2025
✅ Commit 7 on Sun Sep 28 12:44:26 UTC 2025
✅ Commit 8 on Sun Sep 28 12:44:26 UTC 2025
✅ Commit 9 on Sun Sep 28 12:44:26 UTC 2025
✅ Commit 10 on Sun Sep 28 12:44:26 UTC 2025
✅ Commit 11 on Sun Sep 28 12:44:26 UTC 2025
✅ Commit 12 on Sun Sep 28 12:44:26 UTC 2025
✅ Commit 1 on Sun Sep 28 18:11:19 UTC 2025
✅ Commit 2 on Sun Sep 28 18:11:19 UTC 2025
✅ Commit 3 on Sun Sep 28 18:11:19 UTC 2025
✅ Commit 4 on Sun Sep 28 18:11:19 UTC 2025
✅ Commit 5 on Sun Sep 28 18:11:19 UTC 2025
✅ Commit 6 on Sun Sep 28 18:11:19 UTC 2025
✅ Commit 7 on Sun Sep 28 18:11:19 UTC 2025
✅ Commit 8 on Sun Sep 28 18:11:19 UTC 2025
✅ Commit 9 on Sun Sep 28 18:11:19 UTC 2025
✅ Commit 10 on Sun Sep 28 18:11:19 UTC 2025
✅ Commit 11 on Sun Sep 28 18:11:19 UTC 2025
✅ Commit 12 on Sun Sep 28 18:11:19 UTC 2025
✅ Commit 1 on Mon Sep 29 01:57:56 UTC 2025
✅ Commit 2 on Mon Sep 29 01:57:56 UTC 2025
✅ Commit 3 on Mon Sep 29 01:57:56 UTC 2025
✅ Commit 4 on Mon Sep 29 01:57:56 UTC 2025
✅ Commit 5 on Mon Sep 29 01:57:56 UTC 2025
✅ Commit 6 on Mon Sep 29 01:57:56 UTC 2025
✅ Commit 7 on Mon Sep 29 01:57:56 UTC 2025
✅ Commit 8 on Mon Sep 29 01:57:56 UTC 2025
✅ Commit 9 on Mon Sep 29 01:57:56 UTC 2025
✅ Commit 10 on Mon Sep 29 01:57:56 UTC 2025
✅ Commit 11 on Mon Sep 29 01:57:56 UTC 2025
✅ Commit 12 on Mon Sep 29 01:57:56 UTC 2025
✅ Commit 1 on Mon Sep 29 06:32:13 UTC 2025
✅ Commit 2 on Mon Sep 29 06:32:13 UTC 2025
✅ Commit 3 on Mon Sep 29 06:32:13 UTC 2025
✅ Commit 4 on Mon Sep 29 06:32:13 UTC 2025
✅ Commit 5 on Mon Sep 29 06:32:13 UTC 2025
✅ Commit 6 on Mon Sep 29 06:32:13 UTC 2025
✅ Commit 7 on Mon Sep 29 06:32:13 UTC 2025
✅ Commit 8 on Mon Sep 29 06:32:13 UTC 2025
✅ Commit 9 on Mon Sep 29 06:32:13 UTC 2025
✅ Commit 10 on Mon Sep 29 06:32:13 UTC 2025
✅ Commit 11 on Mon Sep 29 06:32:13 UTC 2025
✅ Commit 12 on Mon Sep 29 06:32:14 UTC 2025
✅ Commit 1 on Mon Sep 29 12:52:51 UTC 2025
✅ Commit 2 on Mon Sep 29 12:52:51 UTC 2025
✅ Commit 3 on Mon Sep 29 12:52:51 UTC 2025
✅ Commit 4 on Mon Sep 29 12:52:51 UTC 2025
✅ Commit 5 on Mon Sep 29 12:52:51 UTC 2025
✅ Commit 6 on Mon Sep 29 12:52:51 UTC 2025
✅ Commit 7 on Mon Sep 29 12:52:51 UTC 2025
✅ Commit 8 on Mon Sep 29 12:52:51 UTC 2025
✅ Commit 9 on Mon Sep 29 12:52:51 UTC 2025
✅ Commit 10 on Mon Sep 29 12:52:51 UTC 2025
✅ Commit 11 on Mon Sep 29 12:52:51 UTC 2025
✅ Commit 12 on Mon Sep 29 12:52:51 UTC 2025
✅ Commit 1 on Mon Sep 29 18:14:21 UTC 2025
✅ Commit 2 on Mon Sep 29 18:14:21 UTC 2025
✅ Commit 3 on Mon Sep 29 18:14:21 UTC 2025
✅ Commit 4 on Mon Sep 29 18:14:21 UTC 2025
✅ Commit 5 on Mon Sep 29 18:14:21 UTC 2025
✅ Commit 6 on Mon Sep 29 18:14:21 UTC 2025
✅ Commit 7 on Mon Sep 29 18:14:21 UTC 2025
✅ Commit 8 on Mon Sep 29 18:14:21 UTC 2025
✅ Commit 9 on Mon Sep 29 18:14:21 UTC 2025
✅ Commit 10 on Mon Sep 29 18:14:21 UTC 2025
✅ Commit 11 on Mon Sep 29 18:14:21 UTC 2025
✅ Commit 12 on Mon Sep 29 18:14:21 UTC 2025
✅ Commit 1 on Tue Sep 30 01:52:28 UTC 2025
✅ Commit 2 on Tue Sep 30 01:52:28 UTC 2025
✅ Commit 3 on Tue Sep 30 01:52:28 UTC 2025
✅ Commit 4 on Tue Sep 30 01:52:28 UTC 2025
✅ Commit 5 on Tue Sep 30 01:52:28 UTC 2025
✅ Commit 6 on Tue Sep 30 01:52:28 UTC 2025
✅ Commit 7 on Tue Sep 30 01:52:28 UTC 2025
✅ Commit 8 on Tue Sep 30 01:52:28 UTC 2025
✅ Commit 9 on Tue Sep 30 01:52:28 UTC 2025
✅ Commit 10 on Tue Sep 30 01:52:28 UTC 2025
✅ Commit 11 on Tue Sep 30 01:52:28 UTC 2025
✅ Commit 12 on Tue Sep 30 01:52:28 UTC 2025
✅ Commit 1 on Tue Sep 30 06:31:09 UTC 2025
✅ Commit 2 on Tue Sep 30 06:31:09 UTC 2025
✅ Commit 3 on Tue Sep 30 06:31:09 UTC 2025
✅ Commit 4 on Tue Sep 30 06:31:09 UTC 2025
✅ Commit 5 on Tue Sep 30 06:31:09 UTC 2025
✅ Commit 6 on Tue Sep 30 06:31:09 UTC 2025
✅ Commit 7 on Tue Sep 30 06:31:09 UTC 2025
✅ Commit 8 on Tue Sep 30 06:31:09 UTC 2025
✅ Commit 9 on Tue Sep 30 06:31:09 UTC 2025
✅ Commit 10 on Tue Sep 30 06:31:09 UTC 2025
✅ Commit 11 on Tue Sep 30 06:31:09 UTC 2025
✅ Commit 12 on Tue Sep 30 06:31:09 UTC 2025
✅ Commit 1 on Tue Sep 30 12:52:50 UTC 2025
✅ Commit 2 on Tue Sep 30 12:52:50 UTC 2025
✅ Commit 3 on Tue Sep 30 12:52:50 UTC 2025
✅ Commit 4 on Tue Sep 30 12:52:50 UTC 2025
✅ Commit 5 on Tue Sep 30 12:52:50 UTC 2025
✅ Commit 6 on Tue Sep 30 12:52:50 UTC 2025
✅ Commit 7 on Tue Sep 30 12:52:50 UTC 2025
✅ Commit 8 on Tue Sep 30 12:52:50 UTC 2025
✅ Commit 9 on Tue Sep 30 12:52:50 UTC 2025
✅ Commit 10 on Tue Sep 30 12:52:50 UTC 2025
✅ Commit 11 on Tue Sep 30 12:52:50 UTC 2025
✅ Commit 12 on Tue Sep 30 12:52:50 UTC 2025
✅ Commit 1 on Tue Sep 30 18:13:10 UTC 2025
✅ Commit 2 on Tue Sep 30 18:13:10 UTC 2025
✅ Commit 3 on Tue Sep 30 18:13:10 UTC 2025
✅ Commit 4 on Tue Sep 30 18:13:10 UTC 2025
✅ Commit 5 on Tue Sep 30 18:13:10 UTC 2025
✅ Commit 6 on Tue Sep 30 18:13:10 UTC 2025
✅ Commit 7 on Tue Sep 30 18:13:10 UTC 2025
✅ Commit 8 on Tue Sep 30 18:13:10 UTC 2025
✅ Commit 9 on Tue Sep 30 18:13:10 UTC 2025
✅ Commit 10 on Tue Sep 30 18:13:10 UTC 2025
✅ Commit 11 on Tue Sep 30 18:13:10 UTC 2025
✅ Commit 12 on Tue Sep 30 18:13:10 UTC 2025
✅ Commit 1 on Wed Oct  1 02:05:26 UTC 2025
✅ Commit 2 on Wed Oct  1 02:05:26 UTC 2025
✅ Commit 3 on Wed Oct  1 02:05:26 UTC 2025
✅ Commit 4 on Wed Oct  1 02:05:26 UTC 2025
✅ Commit 5 on Wed Oct  1 02:05:26 UTC 2025
✅ Commit 6 on Wed Oct  1 02:05:26 UTC 2025
✅ Commit 7 on Wed Oct  1 02:05:26 UTC 2025
✅ Commit 8 on Wed Oct  1 02:05:26 UTC 2025
✅ Commit 9 on Wed Oct  1 02:05:26 UTC 2025
✅ Commit 10 on Wed Oct  1 02:05:26 UTC 2025
✅ Commit 11 on Wed Oct  1 02:05:26 UTC 2025
✅ Commit 12 on Wed Oct  1 02:05:26 UTC 2025
✅ Commit 1 on Wed Oct  1 06:30:52 UTC 2025
✅ Commit 2 on Wed Oct  1 06:30:52 UTC 2025
✅ Commit 3 on Wed Oct  1 06:30:52 UTC 2025
✅ Commit 4 on Wed Oct  1 06:30:52 UTC 2025
✅ Commit 5 on Wed Oct  1 06:30:52 UTC 2025
✅ Commit 6 on Wed Oct  1 06:30:52 UTC 2025
✅ Commit 7 on Wed Oct  1 06:30:53 UTC 2025
✅ Commit 8 on Wed Oct  1 06:30:53 UTC 2025
✅ Commit 9 on Wed Oct  1 06:30:53 UTC 2025
✅ Commit 10 on Wed Oct  1 06:30:53 UTC 2025
✅ Commit 11 on Wed Oct  1 06:30:53 UTC 2025
✅ Commit 12 on Wed Oct  1 06:30:53 UTC 2025
✅ Commit 1 on Wed Oct  1 12:52:34 UTC 2025
✅ Commit 2 on Wed Oct  1 12:52:34 UTC 2025
✅ Commit 3 on Wed Oct  1 12:52:34 UTC 2025
✅ Commit 4 on Wed Oct  1 12:52:34 UTC 2025
✅ Commit 5 on Wed Oct  1 12:52:34 UTC 2025
✅ Commit 6 on Wed Oct  1 12:52:34 UTC 2025
✅ Commit 7 on Wed Oct  1 12:52:34 UTC 2025
✅ Commit 8 on Wed Oct  1 12:52:34 UTC 2025
✅ Commit 9 on Wed Oct  1 12:52:35 UTC 2025
✅ Commit 10 on Wed Oct  1 12:52:35 UTC 2025
✅ Commit 11 on Wed Oct  1 12:52:35 UTC 2025
✅ Commit 12 on Wed Oct  1 12:52:35 UTC 2025
✅ Commit 1 on Wed Oct  1 18:13:28 UTC 2025
✅ Commit 2 on Wed Oct  1 18:13:28 UTC 2025
✅ Commit 3 on Wed Oct  1 18:13:28 UTC 2025
✅ Commit 4 on Wed Oct  1 18:13:28 UTC 2025
✅ Commit 5 on Wed Oct  1 18:13:28 UTC 2025
✅ Commit 6 on Wed Oct  1 18:13:28 UTC 2025
✅ Commit 7 on Wed Oct  1 18:13:28 UTC 2025
✅ Commit 8 on Wed Oct  1 18:13:29 UTC 2025
✅ Commit 9 on Wed Oct  1 18:13:29 UTC 2025
✅ Commit 10 on Wed Oct  1 18:13:29 UTC 2025
✅ Commit 11 on Wed Oct  1 18:13:29 UTC 2025
✅ Commit 12 on Wed Oct  1 18:13:29 UTC 2025
✅ Commit 1 on Thu Oct  2 01:53:04 UTC 2025
✅ Commit 2 on Thu Oct  2 01:53:04 UTC 2025
✅ Commit 3 on Thu Oct  2 01:53:04 UTC 2025
✅ Commit 4 on Thu Oct  2 01:53:04 UTC 2025
✅ Commit 5 on Thu Oct  2 01:53:04 UTC 2025
✅ Commit 6 on Thu Oct  2 01:53:04 UTC 2025
✅ Commit 7 on Thu Oct  2 01:53:04 UTC 2025
✅ Commit 8 on Thu Oct  2 01:53:04 UTC 2025
✅ Commit 9 on Thu Oct  2 01:53:04 UTC 2025
✅ Commit 10 on Thu Oct  2 01:53:04 UTC 2025
✅ Commit 11 on Thu Oct  2 01:53:04 UTC 2025
✅ Commit 12 on Thu Oct  2 01:53:04 UTC 2025
✅ Commit 1 on Thu Oct  2 06:30:10 UTC 2025
✅ Commit 2 on Thu Oct  2 06:30:10 UTC 2025
✅ Commit 3 on Thu Oct  2 06:30:10 UTC 2025
✅ Commit 4 on Thu Oct  2 06:30:10 UTC 2025
✅ Commit 5 on Thu Oct  2 06:30:10 UTC 2025
✅ Commit 6 on Thu Oct  2 06:30:11 UTC 2025
✅ Commit 7 on Thu Oct  2 06:30:11 UTC 2025
✅ Commit 8 on Thu Oct  2 06:30:11 UTC 2025
✅ Commit 9 on Thu Oct  2 06:30:11 UTC 2025
✅ Commit 10 on Thu Oct  2 06:30:11 UTC 2025
✅ Commit 11 on Thu Oct  2 06:30:11 UTC 2025
✅ Commit 12 on Thu Oct  2 06:30:11 UTC 2025
✅ Commit 1 on Thu Oct  2 12:48:46 UTC 2025
✅ Commit 2 on Thu Oct  2 12:48:46 UTC 2025
✅ Commit 3 on Thu Oct  2 12:48:46 UTC 2025
✅ Commit 4 on Thu Oct  2 12:48:46 UTC 2025
✅ Commit 5 on Thu Oct  2 12:48:46 UTC 2025
✅ Commit 6 on Thu Oct  2 12:48:46 UTC 2025
✅ Commit 7 on Thu Oct  2 12:48:46 UTC 2025
✅ Commit 8 on Thu Oct  2 12:48:46 UTC 2025
✅ Commit 9 on Thu Oct  2 12:48:46 UTC 2025
✅ Commit 10 on Thu Oct  2 12:48:46 UTC 2025
✅ Commit 11 on Thu Oct  2 12:48:46 UTC 2025
✅ Commit 12 on Thu Oct  2 12:48:46 UTC 2025
✅ Commit 1 on Thu Oct  2 18:13:19 UTC 2025
✅ Commit 2 on Thu Oct  2 18:13:19 UTC 2025
✅ Commit 3 on Thu Oct  2 18:13:19 UTC 2025
✅ Commit 4 on Thu Oct  2 18:13:19 UTC 2025
✅ Commit 5 on Thu Oct  2 18:13:19 UTC 2025
✅ Commit 6 on Thu Oct  2 18:13:19 UTC 2025
✅ Commit 7 on Thu Oct  2 18:13:19 UTC 2025
✅ Commit 8 on Thu Oct  2 18:13:19 UTC 2025
✅ Commit 9 on Thu Oct  2 18:13:19 UTC 2025
✅ Commit 10 on Thu Oct  2 18:13:19 UTC 2025
✅ Commit 11 on Thu Oct  2 18:13:19 UTC 2025
✅ Commit 12 on Thu Oct  2 18:13:19 UTC 2025
✅ Commit 1 on Fri Oct  3 01:52:42 UTC 2025
✅ Commit 2 on Fri Oct  3 01:52:42 UTC 2025
✅ Commit 3 on Fri Oct  3 01:52:42 UTC 2025
✅ Commit 4 on Fri Oct  3 01:52:42 UTC 2025
✅ Commit 5 on Fri Oct  3 01:52:42 UTC 2025
✅ Commit 6 on Fri Oct  3 01:52:42 UTC 2025
✅ Commit 7 on Fri Oct  3 01:52:42 UTC 2025
✅ Commit 8 on Fri Oct  3 01:52:42 UTC 2025
✅ Commit 9 on Fri Oct  3 01:52:42 UTC 2025
✅ Commit 10 on Fri Oct  3 01:52:42 UTC 2025
✅ Commit 11 on Fri Oct  3 01:52:42 UTC 2025
✅ Commit 12 on Fri Oct  3 01:52:42 UTC 2025
✅ Commit 1 on Fri Oct  3 06:29:23 UTC 2025
✅ Commit 2 on Fri Oct  3 06:29:23 UTC 2025
✅ Commit 3 on Fri Oct  3 06:29:23 UTC 2025
✅ Commit 4 on Fri Oct  3 06:29:23 UTC 2025
✅ Commit 5 on Fri Oct  3 06:29:23 UTC 2025
✅ Commit 6 on Fri Oct  3 06:29:23 UTC 2025
✅ Commit 7 on Fri Oct  3 06:29:23 UTC 2025
✅ Commit 8 on Fri Oct  3 06:29:23 UTC 2025
✅ Commit 9 on Fri Oct  3 06:29:23 UTC 2025
✅ Commit 10 on Fri Oct  3 06:29:23 UTC 2025
✅ Commit 11 on Fri Oct  3 06:29:23 UTC 2025
✅ Commit 12 on Fri Oct  3 06:29:23 UTC 2025
✅ Commit 1 on Fri Oct  3 12:48:34 UTC 2025
✅ Commit 2 on Fri Oct  3 12:48:34 UTC 2025
✅ Commit 3 on Fri Oct  3 12:48:34 UTC 2025
✅ Commit 4 on Fri Oct  3 12:48:34 UTC 2025
✅ Commit 5 on Fri Oct  3 12:48:34 UTC 2025
✅ Commit 6 on Fri Oct  3 12:48:34 UTC 2025
✅ Commit 7 on Fri Oct  3 12:48:34 UTC 2025
✅ Commit 8 on Fri Oct  3 12:48:34 UTC 2025
✅ Commit 9 on Fri Oct  3 12:48:34 UTC 2025
✅ Commit 10 on Fri Oct  3 12:48:34 UTC 2025
✅ Commit 11 on Fri Oct  3 12:48:34 UTC 2025
✅ Commit 12 on Fri Oct  3 12:48:34 UTC 2025
✅ Commit 1 on Fri Oct  3 18:12:48 UTC 2025
✅ Commit 2 on Fri Oct  3 18:12:48 UTC 2025
✅ Commit 3 on Fri Oct  3 18:12:48 UTC 2025
✅ Commit 4 on Fri Oct  3 18:12:48 UTC 2025
✅ Commit 5 on Fri Oct  3 18:12:48 UTC 2025
✅ Commit 6 on Fri Oct  3 18:12:48 UTC 2025
✅ Commit 7 on Fri Oct  3 18:12:48 UTC 2025
✅ Commit 8 on Fri Oct  3 18:12:48 UTC 2025
✅ Commit 9 on Fri Oct  3 18:12:48 UTC 2025
✅ Commit 10 on Fri Oct  3 18:12:48 UTC 2025
✅ Commit 11 on Fri Oct  3 18:12:48 UTC 2025
✅ Commit 12 on Fri Oct  3 18:12:48 UTC 2025
✅ Commit 1 on Sat Oct  4 01:48:29 UTC 2025
✅ Commit 2 on Sat Oct  4 01:48:29 UTC 2025
✅ Commit 3 on Sat Oct  4 01:48:29 UTC 2025
✅ Commit 4 on Sat Oct  4 01:48:29 UTC 2025
✅ Commit 5 on Sat Oct  4 01:48:29 UTC 2025
✅ Commit 6 on Sat Oct  4 01:48:29 UTC 2025
✅ Commit 7 on Sat Oct  4 01:48:29 UTC 2025
✅ Commit 8 on Sat Oct  4 01:48:30 UTC 2025
✅ Commit 9 on Sat Oct  4 01:48:30 UTC 2025
✅ Commit 10 on Sat Oct  4 01:48:30 UTC 2025
✅ Commit 11 on Sat Oct  4 01:48:30 UTC 2025
✅ Commit 12 on Sat Oct  4 01:48:30 UTC 2025
✅ Commit 1 on Sat Oct  4 06:26:59 UTC 2025
✅ Commit 2 on Sat Oct  4 06:26:59 UTC 2025
✅ Commit 3 on Sat Oct  4 06:27:00 UTC 2025
✅ Commit 4 on Sat Oct  4 06:27:00 UTC 2025
✅ Commit 5 on Sat Oct  4 06:27:00 UTC 2025
✅ Commit 6 on Sat Oct  4 06:27:00 UTC 2025
✅ Commit 7 on Sat Oct  4 06:27:00 UTC 2025
✅ Commit 8 on Sat Oct  4 06:27:00 UTC 2025
✅ Commit 9 on Sat Oct  4 06:27:00 UTC 2025
✅ Commit 10 on Sat Oct  4 06:27:00 UTC 2025
✅ Commit 11 on Sat Oct  4 06:27:00 UTC 2025
✅ Commit 12 on Sat Oct  4 06:27:00 UTC 2025
✅ Commit 1 on Sat Oct  4 12:43:04 UTC 2025
✅ Commit 2 on Sat Oct  4 12:43:04 UTC 2025
✅ Commit 3 on Sat Oct  4 12:43:04 UTC 2025
✅ Commit 4 on Sat Oct  4 12:43:04 UTC 2025
✅ Commit 5 on Sat Oct  4 12:43:04 UTC 2025
✅ Commit 6 on Sat Oct  4 12:43:04 UTC 2025
✅ Commit 7 on Sat Oct  4 12:43:04 UTC 2025
✅ Commit 8 on Sat Oct  4 12:43:04 UTC 2025
✅ Commit 9 on Sat Oct  4 12:43:04 UTC 2025
✅ Commit 10 on Sat Oct  4 12:43:04 UTC 2025
✅ Commit 11 on Sat Oct  4 12:43:04 UTC 2025
✅ Commit 12 on Sat Oct  4 12:43:04 UTC 2025
✅ Commit 1 on Sat Oct  4 18:11:15 UTC 2025
✅ Commit 2 on Sat Oct  4 18:11:15 UTC 2025
✅ Commit 3 on Sat Oct  4 18:11:15 UTC 2025
✅ Commit 4 on Sat Oct  4 18:11:15 UTC 2025
✅ Commit 5 on Sat Oct  4 18:11:15 UTC 2025
✅ Commit 6 on Sat Oct  4 18:11:15 UTC 2025
✅ Commit 7 on Sat Oct  4 18:11:15 UTC 2025
✅ Commit 8 on Sat Oct  4 18:11:15 UTC 2025
✅ Commit 9 on Sat Oct  4 18:11:15 UTC 2025
✅ Commit 10 on Sat Oct  4 18:11:15 UTC 2025
✅ Commit 11 on Sat Oct  4 18:11:15 UTC 2025
✅ Commit 12 on Sat Oct  4 18:11:15 UTC 2025
✅ Commit 1 on Sun Oct  5 02:03:41 UTC 2025
✅ Commit 2 on Sun Oct  5 02:03:41 UTC 2025
✅ Commit 3 on Sun Oct  5 02:03:41 UTC 2025
✅ Commit 4 on Sun Oct  5 02:03:41 UTC 2025
✅ Commit 5 on Sun Oct  5 02:03:41 UTC 2025
✅ Commit 6 on Sun Oct  5 02:03:41 UTC 2025
✅ Commit 7 on Sun Oct  5 02:03:41 UTC 2025
✅ Commit 8 on Sun Oct  5 02:03:41 UTC 2025
✅ Commit 9 on Sun Oct  5 02:03:41 UTC 2025
✅ Commit 10 on Sun Oct  5 02:03:41 UTC 2025
✅ Commit 11 on Sun Oct  5 02:03:41 UTC 2025
✅ Commit 12 on Sun Oct  5 02:03:41 UTC 2025
✅ Commit 1 on Sun Oct  5 06:27:13 UTC 2025
✅ Commit 2 on Sun Oct  5 06:27:13 UTC 2025
✅ Commit 3 on Sun Oct  5 06:27:13 UTC 2025
✅ Commit 4 on Sun Oct  5 06:27:13 UTC 2025
✅ Commit 5 on Sun Oct  5 06:27:13 UTC 2025
✅ Commit 6 on Sun Oct  5 06:27:13 UTC 2025
✅ Commit 7 on Sun Oct  5 06:27:13 UTC 2025
✅ Commit 8 on Sun Oct  5 06:27:13 UTC 2025
✅ Commit 9 on Sun Oct  5 06:27:13 UTC 2025
✅ Commit 10 on Sun Oct  5 06:27:13 UTC 2025
✅ Commit 11 on Sun Oct  5 06:27:13 UTC 2025
✅ Commit 12 on Sun Oct  5 06:27:13 UTC 2025
✅ Commit 1 on Sun Oct  5 12:44:08 UTC 2025
✅ Commit 2 on Sun Oct  5 12:44:08 UTC 2025
✅ Commit 3 on Sun Oct  5 12:44:08 UTC 2025
✅ Commit 4 on Sun Oct  5 12:44:08 UTC 2025
✅ Commit 5 on Sun Oct  5 12:44:08 UTC 2025
✅ Commit 6 on Sun Oct  5 12:44:08 UTC 2025
✅ Commit 7 on Sun Oct  5 12:44:08 UTC 2025
✅ Commit 8 on Sun Oct  5 12:44:08 UTC 2025
✅ Commit 9 on Sun Oct  5 12:44:09 UTC 2025
✅ Commit 10 on Sun Oct  5 12:44:09 UTC 2025
✅ Commit 11 on Sun Oct  5 12:44:09 UTC 2025
✅ Commit 12 on Sun Oct  5 12:44:09 UTC 2025
✅ Commit 1 on Sun Oct  5 18:11:23 UTC 2025
✅ Commit 2 on Sun Oct  5 18:11:23 UTC 2025
✅ Commit 3 on Sun Oct  5 18:11:23 UTC 2025
✅ Commit 4 on Sun Oct  5 18:11:23 UTC 2025
✅ Commit 5 on Sun Oct  5 18:11:23 UTC 2025
✅ Commit 6 on Sun Oct  5 18:11:23 UTC 2025
✅ Commit 7 on Sun Oct  5 18:11:23 UTC 2025
✅ Commit 8 on Sun Oct  5 18:11:23 UTC 2025
✅ Commit 9 on Sun Oct  5 18:11:23 UTC 2025
✅ Commit 10 on Sun Oct  5 18:11:23 UTC 2025
✅ Commit 11 on Sun Oct  5 18:11:23 UTC 2025
✅ Commit 12 on Sun Oct  5 18:11:23 UTC 2025
✅ Commit 1 on Mon Oct  6 01:56:05 UTC 2025
✅ Commit 2 on Mon Oct  6 01:56:05 UTC 2025
✅ Commit 3 on Mon Oct  6 01:56:05 UTC 2025
✅ Commit 4 on Mon Oct  6 01:56:05 UTC 2025
✅ Commit 5 on Mon Oct  6 01:56:05 UTC 2025
✅ Commit 6 on Mon Oct  6 01:56:05 UTC 2025
✅ Commit 7 on Mon Oct  6 01:56:05 UTC 2025
✅ Commit 8 on Mon Oct  6 01:56:05 UTC 2025
✅ Commit 9 on Mon Oct  6 01:56:05 UTC 2025
✅ Commit 10 on Mon Oct  6 01:56:05 UTC 2025
✅ Commit 11 on Mon Oct  6 01:56:05 UTC 2025
✅ Commit 12 on Mon Oct  6 01:56:05 UTC 2025
✅ Commit 1 on Mon Oct  6 06:31:30 UTC 2025
✅ Commit 2 on Mon Oct  6 06:31:30 UTC 2025
✅ Commit 3 on Mon Oct  6 06:31:30 UTC 2025
✅ Commit 4 on Mon Oct  6 06:31:30 UTC 2025
✅ Commit 5 on Mon Oct  6 06:31:30 UTC 2025
✅ Commit 6 on Mon Oct  6 06:31:30 UTC 2025
✅ Commit 7 on Mon Oct  6 06:31:30 UTC 2025
✅ Commit 8 on Mon Oct  6 06:31:30 UTC 2025
✅ Commit 9 on Mon Oct  6 06:31:30 UTC 2025
✅ Commit 10 on Mon Oct  6 06:31:30 UTC 2025
✅ Commit 11 on Mon Oct  6 06:31:30 UTC 2025
✅ Commit 12 on Mon Oct  6 06:31:30 UTC 2025
✅ Commit 1 on Mon Oct  6 12:51:59 UTC 2025
✅ Commit 2 on Mon Oct  6 12:51:59 UTC 2025
✅ Commit 3 on Mon Oct  6 12:51:59 UTC 2025
✅ Commit 4 on Mon Oct  6 12:51:59 UTC 2025
✅ Commit 5 on Mon Oct  6 12:51:59 UTC 2025
✅ Commit 6 on Mon Oct  6 12:51:59 UTC 2025
✅ Commit 7 on Mon Oct  6 12:51:59 UTC 2025
✅ Commit 8 on Mon Oct  6 12:51:59 UTC 2025
✅ Commit 9 on Mon Oct  6 12:51:59 UTC 2025
✅ Commit 10 on Mon Oct  6 12:51:59 UTC 2025
✅ Commit 11 on Mon Oct  6 12:51:59 UTC 2025
✅ Commit 12 on Mon Oct  6 12:51:59 UTC 2025
✅ Commit 1 on Mon Oct  6 18:13:38 UTC 2025
✅ Commit 2 on Mon Oct  6 18:13:38 UTC 2025
✅ Commit 3 on Mon Oct  6 18:13:38 UTC 2025
✅ Commit 4 on Mon Oct  6 18:13:38 UTC 2025
✅ Commit 5 on Mon Oct  6 18:13:38 UTC 2025
✅ Commit 6 on Mon Oct  6 18:13:38 UTC 2025
✅ Commit 7 on Mon Oct  6 18:13:38 UTC 2025
✅ Commit 8 on Mon Oct  6 18:13:38 UTC 2025
✅ Commit 9 on Mon Oct  6 18:13:38 UTC 2025
✅ Commit 10 on Mon Oct  6 18:13:38 UTC 2025
✅ Commit 11 on Mon Oct  6 18:13:38 UTC 2025
✅ Commit 12 on Mon Oct  6 18:13:38 UTC 2025
✅ Commit 1 on Tue Oct  7 01:53:57 UTC 2025
✅ Commit 2 on Tue Oct  7 01:53:57 UTC 2025
✅ Commit 3 on Tue Oct  7 01:53:57 UTC 2025
✅ Commit 4 on Tue Oct  7 01:53:57 UTC 2025
✅ Commit 5 on Tue Oct  7 01:53:57 UTC 2025
✅ Commit 6 on Tue Oct  7 01:53:57 UTC 2025
✅ Commit 7 on Tue Oct  7 01:53:57 UTC 2025
✅ Commit 8 on Tue Oct  7 01:53:57 UTC 2025
✅ Commit 9 on Tue Oct  7 01:53:58 UTC 2025
✅ Commit 10 on Tue Oct  7 01:53:58 UTC 2025
✅ Commit 11 on Tue Oct  7 01:53:58 UTC 2025
✅ Commit 12 on Tue Oct  7 01:53:58 UTC 2025
✅ Commit 1 on Tue Oct  7 06:30:28 UTC 2025
✅ Commit 2 on Tue Oct  7 06:30:28 UTC 2025
✅ Commit 3 on Tue Oct  7 06:30:28 UTC 2025
✅ Commit 4 on Tue Oct  7 06:30:28 UTC 2025
✅ Commit 5 on Tue Oct  7 06:30:28 UTC 2025
✅ Commit 6 on Tue Oct  7 06:30:28 UTC 2025
✅ Commit 7 on Tue Oct  7 06:30:28 UTC 2025
✅ Commit 8 on Tue Oct  7 06:30:28 UTC 2025
✅ Commit 9 on Tue Oct  7 06:30:28 UTC 2025
✅ Commit 10 on Tue Oct  7 06:30:28 UTC 2025
✅ Commit 11 on Tue Oct  7 06:30:29 UTC 2025
✅ Commit 12 on Tue Oct  7 06:30:29 UTC 2025
✅ Commit 1 on Tue Oct  7 12:51:28 UTC 2025
✅ Commit 2 on Tue Oct  7 12:51:28 UTC 2025
✅ Commit 3 on Tue Oct  7 12:51:28 UTC 2025
✅ Commit 4 on Tue Oct  7 12:51:28 UTC 2025
✅ Commit 5 on Tue Oct  7 12:51:28 UTC 2025
✅ Commit 6 on Tue Oct  7 12:51:28 UTC 2025
✅ Commit 7 on Tue Oct  7 12:51:28 UTC 2025
✅ Commit 8 on Tue Oct  7 12:51:28 UTC 2025
✅ Commit 9 on Tue Oct  7 12:51:28 UTC 2025
✅ Commit 10 on Tue Oct  7 12:51:28 UTC 2025
✅ Commit 11 on Tue Oct  7 12:51:28 UTC 2025
✅ Commit 12 on Tue Oct  7 12:51:28 UTC 2025
✅ Commit 1 on Tue Oct  7 18:13:51 UTC 2025
✅ Commit 2 on Tue Oct  7 18:13:51 UTC 2025
✅ Commit 3 on Tue Oct  7 18:13:51 UTC 2025
✅ Commit 4 on Tue Oct  7 18:13:51 UTC 2025
✅ Commit 5 on Tue Oct  7 18:13:51 UTC 2025
✅ Commit 6 on Tue Oct  7 18:13:51 UTC 2025
✅ Commit 7 on Tue Oct  7 18:13:51 UTC 2025
✅ Commit 8 on Tue Oct  7 18:13:51 UTC 2025
✅ Commit 9 on Tue Oct  7 18:13:51 UTC 2025
✅ Commit 10 on Tue Oct  7 18:13:51 UTC 2025
✅ Commit 11 on Tue Oct  7 18:13:51 UTC 2025
✅ Commit 12 on Tue Oct  7 18:13:51 UTC 2025
✅ Commit 1 on Wed Oct  8 01:53:33 UTC 2025
✅ Commit 2 on Wed Oct  8 01:53:33 UTC 2025
✅ Commit 3 on Wed Oct  8 01:53:33 UTC 2025
✅ Commit 4 on Wed Oct  8 01:53:33 UTC 2025
✅ Commit 5 on Wed Oct  8 01:53:33 UTC 2025
✅ Commit 6 on Wed Oct  8 01:53:33 UTC 2025
✅ Commit 7 on Wed Oct  8 01:53:33 UTC 2025
✅ Commit 8 on Wed Oct  8 01:53:33 UTC 2025
✅ Commit 9 on Wed Oct  8 01:53:33 UTC 2025
✅ Commit 10 on Wed Oct  8 01:53:33 UTC 2025
✅ Commit 11 on Wed Oct  8 01:53:33 UTC 2025
✅ Commit 12 on Wed Oct  8 01:53:33 UTC 2025
✅ Commit 1 on Wed Oct  8 06:31:11 UTC 2025
✅ Commit 2 on Wed Oct  8 06:31:11 UTC 2025
✅ Commit 3 on Wed Oct  8 06:31:11 UTC 2025
✅ Commit 4 on Wed Oct  8 06:31:11 UTC 2025
✅ Commit 5 on Wed Oct  8 06:31:11 UTC 2025
✅ Commit 6 on Wed Oct  8 06:31:11 UTC 2025
✅ Commit 7 on Wed Oct  8 06:31:11 UTC 2025
✅ Commit 8 on Wed Oct  8 06:31:11 UTC 2025
✅ Commit 9 on Wed Oct  8 06:31:11 UTC 2025
✅ Commit 10 on Wed Oct  8 06:31:11 UTC 2025
✅ Commit 11 on Wed Oct  8 06:31:11 UTC 2025
✅ Commit 12 on Wed Oct  8 06:31:11 UTC 2025
✅ Commit 1 on Wed Oct  8 12:51:41 UTC 2025
✅ Commit 2 on Wed Oct  8 12:51:41 UTC 2025
✅ Commit 3 on Wed Oct  8 12:51:41 UTC 2025
✅ Commit 4 on Wed Oct  8 12:51:41 UTC 2025
✅ Commit 5 on Wed Oct  8 12:51:41 UTC 2025
✅ Commit 6 on Wed Oct  8 12:51:41 UTC 2025
✅ Commit 7 on Wed Oct  8 12:51:41 UTC 2025
✅ Commit 8 on Wed Oct  8 12:51:41 UTC 2025
✅ Commit 9 on Wed Oct  8 12:51:41 UTC 2025
✅ Commit 10 on Wed Oct  8 12:51:41 UTC 2025
✅ Commit 11 on Wed Oct  8 12:51:41 UTC 2025
✅ Commit 12 on Wed Oct  8 12:51:41 UTC 2025
✅ Commit 1 on Wed Oct  8 18:14:06 UTC 2025
✅ Commit 2 on Wed Oct  8 18:14:06 UTC 2025
✅ Commit 3 on Wed Oct  8 18:14:06 UTC 2025
✅ Commit 4 on Wed Oct  8 18:14:06 UTC 2025
✅ Commit 5 on Wed Oct  8 18:14:06 UTC 2025
✅ Commit 6 on Wed Oct  8 18:14:06 UTC 2025
✅ Commit 7 on Wed Oct  8 18:14:06 UTC 2025
✅ Commit 8 on Wed Oct  8 18:14:06 UTC 2025
✅ Commit 9 on Wed Oct  8 18:14:06 UTC 2025
✅ Commit 10 on Wed Oct  8 18:14:06 UTC 2025
✅ Commit 11 on Wed Oct  8 18:14:06 UTC 2025
✅ Commit 12 on Wed Oct  8 18:14:06 UTC 2025
✅ Commit 1 on Thu Oct  9 01:54:38 UTC 2025
✅ Commit 2 on Thu Oct  9 01:54:38 UTC 2025
✅ Commit 3 on Thu Oct  9 01:54:38 UTC 2025
✅ Commit 4 on Thu Oct  9 01:54:38 UTC 2025
✅ Commit 5 on Thu Oct  9 01:54:38 UTC 2025
✅ Commit 6 on Thu Oct  9 01:54:38 UTC 2025
✅ Commit 7 on Thu Oct  9 01:54:38 UTC 2025
✅ Commit 8 on Thu Oct  9 01:54:38 UTC 2025
✅ Commit 9 on Thu Oct  9 01:54:38 UTC 2025
✅ Commit 10 on Thu Oct  9 01:54:38 UTC 2025
✅ Commit 11 on Thu Oct  9 01:54:38 UTC 2025
✅ Commit 12 on Thu Oct  9 01:54:38 UTC 2025
✅ Commit 1 on Thu Oct  9 06:31:15 UTC 2025
✅ Commit 2 on Thu Oct  9 06:31:15 UTC 2025
✅ Commit 3 on Thu Oct  9 06:31:15 UTC 2025
✅ Commit 4 on Thu Oct  9 06:31:15 UTC 2025
✅ Commit 5 on Thu Oct  9 06:31:15 UTC 2025
✅ Commit 6 on Thu Oct  9 06:31:15 UTC 2025
✅ Commit 7 on Thu Oct  9 06:31:15 UTC 2025
✅ Commit 8 on Thu Oct  9 06:31:15 UTC 2025
✅ Commit 9 on Thu Oct  9 06:31:15 UTC 2025
✅ Commit 10 on Thu Oct  9 06:31:15 UTC 2025
✅ Commit 11 on Thu Oct  9 06:31:15 UTC 2025
✅ Commit 12 on Thu Oct  9 06:31:15 UTC 2025
✅ Commit 1 on Thu Oct  9 12:51:56 UTC 2025
✅ Commit 2 on Thu Oct  9 12:51:56 UTC 2025
✅ Commit 3 on Thu Oct  9 12:51:56 UTC 2025
✅ Commit 4 on Thu Oct  9 12:51:56 UTC 2025
✅ Commit 5 on Thu Oct  9 12:51:56 UTC 2025
✅ Commit 6 on Thu Oct  9 12:51:56 UTC 2025
✅ Commit 7 on Thu Oct  9 12:51:56 UTC 2025
✅ Commit 8 on Thu Oct  9 12:51:56 UTC 2025
✅ Commit 9 on Thu Oct  9 12:51:56 UTC 2025
✅ Commit 10 on Thu Oct  9 12:51:56 UTC 2025
✅ Commit 11 on Thu Oct  9 12:51:56 UTC 2025
✅ Commit 12 on Thu Oct  9 12:51:56 UTC 2025
✅ Commit 1 on Thu Oct  9 18:13:34 UTC 2025
✅ Commit 2 on Thu Oct  9 18:13:34 UTC 2025
✅ Commit 3 on Thu Oct  9 18:13:34 UTC 2025
✅ Commit 4 on Thu Oct  9 18:13:34 UTC 2025
✅ Commit 5 on Thu Oct  9 18:13:34 UTC 2025
✅ Commit 6 on Thu Oct  9 18:13:34 UTC 2025
✅ Commit 7 on Thu Oct  9 18:13:34 UTC 2025
✅ Commit 8 on Thu Oct  9 18:13:34 UTC 2025
✅ Commit 9 on Thu Oct  9 18:13:34 UTC 2025
✅ Commit 10 on Thu Oct  9 18:13:34 UTC 2025
✅ Commit 11 on Thu Oct  9 18:13:34 UTC 2025
✅ Commit 12 on Thu Oct  9 18:13:35 UTC 2025
✅ Commit 1 on Fri Oct 10 01:55:17 UTC 2025
✅ Commit 2 on Fri Oct 10 01:55:17 UTC 2025
✅ Commit 3 on Fri Oct 10 01:55:17 UTC 2025
✅ Commit 4 on Fri Oct 10 01:55:17 UTC 2025
✅ Commit 5 on Fri Oct 10 01:55:17 UTC 2025
✅ Commit 6 on Fri Oct 10 01:55:17 UTC 2025
✅ Commit 7 on Fri Oct 10 01:55:17 UTC 2025
✅ Commit 8 on Fri Oct 10 01:55:17 UTC 2025
✅ Commit 9 on Fri Oct 10 01:55:17 UTC 2025
✅ Commit 10 on Fri Oct 10 01:55:17 UTC 2025
✅ Commit 11 on Fri Oct 10 01:55:17 UTC 2025
✅ Commit 12 on Fri Oct 10 01:55:17 UTC 2025
✅ Commit 1 on Fri Oct 10 06:30:57 UTC 2025
✅ Commit 2 on Fri Oct 10 06:30:57 UTC 2025
✅ Commit 3 on Fri Oct 10 06:30:57 UTC 2025
✅ Commit 4 on Fri Oct 10 06:30:57 UTC 2025
✅ Commit 5 on Fri Oct 10 06:30:57 UTC 2025
✅ Commit 6 on Fri Oct 10 06:30:57 UTC 2025
✅ Commit 7 on Fri Oct 10 06:30:57 UTC 2025
✅ Commit 8 on Fri Oct 10 06:30:57 UTC 2025
✅ Commit 9 on Fri Oct 10 06:30:57 UTC 2025
✅ Commit 10 on Fri Oct 10 06:30:57 UTC 2025
✅ Commit 11 on Fri Oct 10 06:30:57 UTC 2025
✅ Commit 12 on Fri Oct 10 06:30:57 UTC 2025
✅ Commit 1 on Fri Oct 10 12:50:18 UTC 2025
✅ Commit 2 on Fri Oct 10 12:50:18 UTC 2025
✅ Commit 3 on Fri Oct 10 12:50:18 UTC 2025
✅ Commit 4 on Fri Oct 10 12:50:18 UTC 2025
✅ Commit 5 on Fri Oct 10 12:50:18 UTC 2025
✅ Commit 6 on Fri Oct 10 12:50:18 UTC 2025
✅ Commit 7 on Fri Oct 10 12:50:18 UTC 2025
✅ Commit 8 on Fri Oct 10 12:50:18 UTC 2025
✅ Commit 9 on Fri Oct 10 12:50:18 UTC 2025
✅ Commit 10 on Fri Oct 10 12:50:18 UTC 2025
✅ Commit 11 on Fri Oct 10 12:50:18 UTC 2025
✅ Commit 12 on Fri Oct 10 12:50:18 UTC 2025
✅ Commit 1 on Fri Oct 10 18:13:46 UTC 2025
✅ Commit 2 on Fri Oct 10 18:13:46 UTC 2025
✅ Commit 3 on Fri Oct 10 18:13:46 UTC 2025
✅ Commit 4 on Fri Oct 10 18:13:46 UTC 2025
✅ Commit 5 on Fri Oct 10 18:13:46 UTC 2025
✅ Commit 6 on Fri Oct 10 18:13:46 UTC 2025
✅ Commit 7 on Fri Oct 10 18:13:46 UTC 2025
✅ Commit 8 on Fri Oct 10 18:13:46 UTC 2025
✅ Commit 9 on Fri Oct 10 18:13:46 UTC 2025
✅ Commit 10 on Fri Oct 10 18:13:46 UTC 2025
✅ Commit 11 on Fri Oct 10 18:13:46 UTC 2025
✅ Commit 12 on Fri Oct 10 18:13:46 UTC 2025
✅ Commit 1 on Sat Oct 11 01:50:18 UTC 2025
✅ Commit 2 on Sat Oct 11 01:50:18 UTC 2025
✅ Commit 3 on Sat Oct 11 01:50:18 UTC 2025
✅ Commit 4 on Sat Oct 11 01:50:18 UTC 2025
✅ Commit 5 on Sat Oct 11 01:50:18 UTC 2025
✅ Commit 6 on Sat Oct 11 01:50:18 UTC 2025
✅ Commit 7 on Sat Oct 11 01:50:18 UTC 2025
✅ Commit 8 on Sat Oct 11 01:50:18 UTC 2025
✅ Commit 9 on Sat Oct 11 01:50:18 UTC 2025
✅ Commit 10 on Sat Oct 11 01:50:18 UTC 2025
✅ Commit 11 on Sat Oct 11 01:50:18 UTC 2025
✅ Commit 12 on Sat Oct 11 01:50:18 UTC 2025
✅ Commit 1 on Sat Oct 11 06:26:54 UTC 2025
✅ Commit 2 on Sat Oct 11 06:26:54 UTC 2025
✅ Commit 3 on Sat Oct 11 06:26:54 UTC 2025
✅ Commit 4 on Sat Oct 11 06:26:54 UTC 2025
✅ Commit 5 on Sat Oct 11 06:26:54 UTC 2025
✅ Commit 6 on Sat Oct 11 06:26:54 UTC 2025
✅ Commit 7 on Sat Oct 11 06:26:54 UTC 2025
✅ Commit 8 on Sat Oct 11 06:26:54 UTC 2025
✅ Commit 9 on Sat Oct 11 06:26:54 UTC 2025
✅ Commit 10 on Sat Oct 11 06:26:54 UTC 2025
✅ Commit 11 on Sat Oct 11 06:26:54 UTC 2025
✅ Commit 12 on Sat Oct 11 06:26:54 UTC 2025
✅ Commit 1 on Sat Oct 11 12:43:44 UTC 2025
✅ Commit 2 on Sat Oct 11 12:43:44 UTC 2025
✅ Commit 3 on Sat Oct 11 12:43:44 UTC 2025
✅ Commit 4 on Sat Oct 11 12:43:44 UTC 2025
✅ Commit 5 on Sat Oct 11 12:43:44 UTC 2025
✅ Commit 6 on Sat Oct 11 12:43:44 UTC 2025
✅ Commit 7 on Sat Oct 11 12:43:44 UTC 2025
✅ Commit 8 on Sat Oct 11 12:43:44 UTC 2025
✅ Commit 9 on Sat Oct 11 12:43:44 UTC 2025
✅ Commit 10 on Sat Oct 11 12:43:44 UTC 2025
✅ Commit 11 on Sat Oct 11 12:43:44 UTC 2025
✅ Commit 12 on Sat Oct 11 12:43:44 UTC 2025
✅ Commit 1 on Sat Oct 11 18:10:57 UTC 2025
✅ Commit 2 on Sat Oct 11 18:10:57 UTC 2025
✅ Commit 3 on Sat Oct 11 18:10:57 UTC 2025
✅ Commit 4 on Sat Oct 11 18:10:57 UTC 2025
✅ Commit 5 on Sat Oct 11 18:10:57 UTC 2025
✅ Commit 6 on Sat Oct 11 18:10:57 UTC 2025
✅ Commit 7 on Sat Oct 11 18:10:57 UTC 2025
✅ Commit 8 on Sat Oct 11 18:10:57 UTC 2025
✅ Commit 9 on Sat Oct 11 18:10:57 UTC 2025
✅ Commit 10 on Sat Oct 11 18:10:57 UTC 2025
✅ Commit 11 on Sat Oct 11 18:10:57 UTC 2025
✅ Commit 12 on Sat Oct 11 18:10:57 UTC 2025
✅ Commit 1 on Sun Oct 12 01:59:00 UTC 2025
✅ Commit 2 on Sun Oct 12 01:59:00 UTC 2025
✅ Commit 3 on Sun Oct 12 01:59:00 UTC 2025
✅ Commit 4 on Sun Oct 12 01:59:00 UTC 2025
✅ Commit 5 on Sun Oct 12 01:59:00 UTC 2025
✅ Commit 6 on Sun Oct 12 01:59:00 UTC 2025
✅ Commit 7 on Sun Oct 12 01:59:00 UTC 2025
✅ Commit 8 on Sun Oct 12 01:59:00 UTC 2025
✅ Commit 9 on Sun Oct 12 01:59:00 UTC 2025
✅ Commit 10 on Sun Oct 12 01:59:00 UTC 2025
✅ Commit 11 on Sun Oct 12 01:59:00 UTC 2025
✅ Commit 12 on Sun Oct 12 01:59:00 UTC 2025
✅ Commit 1 on Sun Oct 12 06:27:03 UTC 2025
✅ Commit 2 on Sun Oct 12 06:27:03 UTC 2025
✅ Commit 3 on Sun Oct 12 06:27:03 UTC 2025
✅ Commit 4 on Sun Oct 12 06:27:03 UTC 2025
✅ Commit 5 on Sun Oct 12 06:27:03 UTC 2025
✅ Commit 6 on Sun Oct 12 06:27:03 UTC 2025
✅ Commit 7 on Sun Oct 12 06:27:03 UTC 2025
✅ Commit 8 on Sun Oct 12 06:27:03 UTC 2025
✅ Commit 9 on Sun Oct 12 06:27:03 UTC 2025
✅ Commit 10 on Sun Oct 12 06:27:03 UTC 2025
✅ Commit 11 on Sun Oct 12 06:27:03 UTC 2025
✅ Commit 12 on Sun Oct 12 06:27:03 UTC 2025
✅ Commit 1 on Sun Oct 12 12:44:11 UTC 2025
✅ Commit 2 on Sun Oct 12 12:44:11 UTC 2025
✅ Commit 3 on Sun Oct 12 12:44:11 UTC 2025
✅ Commit 4 on Sun Oct 12 12:44:11 UTC 2025
✅ Commit 5 on Sun Oct 12 12:44:11 UTC 2025
✅ Commit 6 on Sun Oct 12 12:44:11 UTC 2025
✅ Commit 7 on Sun Oct 12 12:44:11 UTC 2025
✅ Commit 8 on Sun Oct 12 12:44:11 UTC 2025
✅ Commit 9 on Sun Oct 12 12:44:11 UTC 2025
✅ Commit 10 on Sun Oct 12 12:44:11 UTC 2025
✅ Commit 11 on Sun Oct 12 12:44:11 UTC 2025
✅ Commit 12 on Sun Oct 12 12:44:11 UTC 2025
✅ Commit 1 on Sun Oct 12 18:11:39 UTC 2025
✅ Commit 2 on Sun Oct 12 18:11:39 UTC 2025
✅ Commit 3 on Sun Oct 12 18:11:39 UTC 2025
✅ Commit 4 on Sun Oct 12 18:11:39 UTC 2025
✅ Commit 5 on Sun Oct 12 18:11:39 UTC 2025
✅ Commit 6 on Sun Oct 12 18:11:39 UTC 2025
✅ Commit 7 on Sun Oct 12 18:11:39 UTC 2025
✅ Commit 8 on Sun Oct 12 18:11:39 UTC 2025
✅ Commit 9 on Sun Oct 12 18:11:39 UTC 2025
✅ Commit 10 on Sun Oct 12 18:11:39 UTC 2025
✅ Commit 11 on Sun Oct 12 18:11:39 UTC 2025
✅ Commit 12 on Sun Oct 12 18:11:39 UTC 2025
✅ Commit 1 on Mon Oct 13 02:02:32 UTC 2025
✅ Commit 2 on Mon Oct 13 02:02:32 UTC 2025
✅ Commit 3 on Mon Oct 13 02:02:33 UTC 2025
✅ Commit 4 on Mon Oct 13 02:02:33 UTC 2025
✅ Commit 5 on Mon Oct 13 02:02:33 UTC 2025
✅ Commit 6 on Mon Oct 13 02:02:33 UTC 2025
✅ Commit 7 on Mon Oct 13 02:02:33 UTC 2025
✅ Commit 8 on Mon Oct 13 02:02:33 UTC 2025
✅ Commit 9 on Mon Oct 13 02:02:33 UTC 2025
✅ Commit 10 on Mon Oct 13 02:02:33 UTC 2025
✅ Commit 11 on Mon Oct 13 02:02:33 UTC 2025
✅ Commit 12 on Mon Oct 13 02:02:33 UTC 2025
✅ Commit 1 on Mon Oct 13 06:32:26 UTC 2025
✅ Commit 2 on Mon Oct 13 06:32:26 UTC 2025
✅ Commit 3 on Mon Oct 13 06:32:26 UTC 2025
✅ Commit 4 on Mon Oct 13 06:32:26 UTC 2025
✅ Commit 5 on Mon Oct 13 06:32:26 UTC 2025
✅ Commit 6 on Mon Oct 13 06:32:26 UTC 2025
✅ Commit 7 on Mon Oct 13 06:32:26 UTC 2025
✅ Commit 8 on Mon Oct 13 06:32:26 UTC 2025
✅ Commit 9 on Mon Oct 13 06:32:26 UTC 2025
✅ Commit 10 on Mon Oct 13 06:32:26 UTC 2025
✅ Commit 11 on Mon Oct 13 06:32:26 UTC 2025
✅ Commit 12 on Mon Oct 13 06:32:26 UTC 2025
✅ Commit 1 on Mon Oct 13 12:52:08 UTC 2025
✅ Commit 2 on Mon Oct 13 12:52:08 UTC 2025
✅ Commit 3 on Mon Oct 13 12:52:08 UTC 2025
✅ Commit 4 on Mon Oct 13 12:52:08 UTC 2025
✅ Commit 5 on Mon Oct 13 12:52:08 UTC 2025
✅ Commit 6 on Mon Oct 13 12:52:08 UTC 2025
✅ Commit 7 on Mon Oct 13 12:52:08 UTC 2025
✅ Commit 8 on Mon Oct 13 12:52:08 UTC 2025
✅ Commit 9 on Mon Oct 13 12:52:08 UTC 2025
✅ Commit 10 on Mon Oct 13 12:52:08 UTC 2025
✅ Commit 11 on Mon Oct 13 12:52:08 UTC 2025
✅ Commit 12 on Mon Oct 13 12:52:08 UTC 2025
✅ Commit 1 on Mon Oct 13 18:13:23 UTC 2025
✅ Commit 2 on Mon Oct 13 18:13:23 UTC 2025
✅ Commit 3 on Mon Oct 13 18:13:24 UTC 2025
✅ Commit 4 on Mon Oct 13 18:13:24 UTC 2025
✅ Commit 5 on Mon Oct 13 18:13:24 UTC 2025
✅ Commit 6 on Mon Oct 13 18:13:24 UTC 2025
✅ Commit 7 on Mon Oct 13 18:13:24 UTC 2025
✅ Commit 8 on Mon Oct 13 18:13:24 UTC 2025
✅ Commit 9 on Mon Oct 13 18:13:24 UTC 2025
✅ Commit 10 on Mon Oct 13 18:13:24 UTC 2025
✅ Commit 11 on Mon Oct 13 18:13:24 UTC 2025
✅ Commit 12 on Mon Oct 13 18:13:24 UTC 2025
✅ Commit 1 on Tue Oct 14 01:55:33 UTC 2025
✅ Commit 2 on Tue Oct 14 01:55:33 UTC 2025
✅ Commit 3 on Tue Oct 14 01:55:33 UTC 2025
✅ Commit 4 on Tue Oct 14 01:55:33 UTC 2025
✅ Commit 5 on Tue Oct 14 01:55:33 UTC 2025
✅ Commit 6 on Tue Oct 14 01:55:33 UTC 2025
✅ Commit 7 on Tue Oct 14 01:55:33 UTC 2025
✅ Commit 8 on Tue Oct 14 01:55:33 UTC 2025
✅ Commit 9 on Tue Oct 14 01:55:33 UTC 2025
✅ Commit 10 on Tue Oct 14 01:55:33 UTC 2025
✅ Commit 11 on Tue Oct 14 01:55:33 UTC 2025
✅ Commit 12 on Tue Oct 14 01:55:34 UTC 2025
✅ Commit 1 on Tue Oct 14 06:30:50 UTC 2025
✅ Commit 2 on Tue Oct 14 06:30:50 UTC 2025
✅ Commit 3 on Tue Oct 14 06:30:50 UTC 2025
✅ Commit 4 on Tue Oct 14 06:30:50 UTC 2025
✅ Commit 5 on Tue Oct 14 06:30:50 UTC 2025
✅ Commit 6 on Tue Oct 14 06:30:50 UTC 2025
✅ Commit 7 on Tue Oct 14 06:30:50 UTC 2025
✅ Commit 8 on Tue Oct 14 06:30:50 UTC 2025
✅ Commit 9 on Tue Oct 14 06:30:50 UTC 2025
✅ Commit 10 on Tue Oct 14 06:30:50 UTC 2025
✅ Commit 11 on Tue Oct 14 06:30:50 UTC 2025
✅ Commit 12 on Tue Oct 14 06:30:50 UTC 2025
✅ Commit 1 on Tue Oct 14 12:53:47 UTC 2025
✅ Commit 2 on Tue Oct 14 12:53:47 UTC 2025
✅ Commit 3 on Tue Oct 14 12:53:47 UTC 2025
✅ Commit 4 on Tue Oct 14 12:53:47 UTC 2025
✅ Commit 5 on Tue Oct 14 12:53:47 UTC 2025
✅ Commit 6 on Tue Oct 14 12:53:47 UTC 2025
✅ Commit 7 on Tue Oct 14 12:53:47 UTC 2025
✅ Commit 8 on Tue Oct 14 12:53:47 UTC 2025
✅ Commit 9 on Tue Oct 14 12:53:47 UTC 2025
✅ Commit 10 on Tue Oct 14 12:53:47 UTC 2025
✅ Commit 11 on Tue Oct 14 12:53:47 UTC 2025
✅ Commit 12 on Tue Oct 14 12:53:47 UTC 2025
✅ Commit 1 on Tue Oct 14 18:14:22 UTC 2025
✅ Commit 2 on Tue Oct 14 18:14:22 UTC 2025
✅ Commit 3 on Tue Oct 14 18:14:22 UTC 2025
✅ Commit 4 on Tue Oct 14 18:14:22 UTC 2025
✅ Commit 5 on Tue Oct 14 18:14:22 UTC 2025
✅ Commit 6 on Tue Oct 14 18:14:22 UTC 2025
✅ Commit 7 on Tue Oct 14 18:14:22 UTC 2025
✅ Commit 8 on Tue Oct 14 18:14:22 UTC 2025
✅ Commit 9 on Tue Oct 14 18:14:22 UTC 2025
✅ Commit 10 on Tue Oct 14 18:14:22 UTC 2025
✅ Commit 11 on Tue Oct 14 18:14:22 UTC 2025
✅ Commit 12 on Tue Oct 14 18:14:22 UTC 2025
✅ Commit 1 on Wed Oct 15 01:58:34 UTC 2025
✅ Commit 2 on Wed Oct 15 01:58:34 UTC 2025
✅ Commit 3 on Wed Oct 15 01:58:34 UTC 2025
✅ Commit 4 on Wed Oct 15 01:58:34 UTC 2025
✅ Commit 5 on Wed Oct 15 01:58:34 UTC 2025
✅ Commit 6 on Wed Oct 15 01:58:34 UTC 2025
✅ Commit 7 on Wed Oct 15 01:58:34 UTC 2025
✅ Commit 8 on Wed Oct 15 01:58:34 UTC 2025
✅ Commit 9 on Wed Oct 15 01:58:34 UTC 2025
✅ Commit 10 on Wed Oct 15 01:58:34 UTC 2025
✅ Commit 11 on Wed Oct 15 01:58:34 UTC 2025
✅ Commit 12 on Wed Oct 15 01:58:34 UTC 2025
✅ Commit 1 on Wed Oct 15 06:30:58 UTC 2025
✅ Commit 2 on Wed Oct 15 06:30:58 UTC 2025
✅ Commit 3 on Wed Oct 15 06:30:58 UTC 2025
✅ Commit 4 on Wed Oct 15 06:30:58 UTC 2025
✅ Commit 5 on Wed Oct 15 06:30:58 UTC 2025
✅ Commit 6 on Wed Oct 15 06:30:58 UTC 2025
✅ Commit 7 on Wed Oct 15 06:30:58 UTC 2025
✅ Commit 8 on Wed Oct 15 06:30:58 UTC 2025
✅ Commit 9 on Wed Oct 15 06:30:58 UTC 2025
✅ Commit 10 on Wed Oct 15 06:30:58 UTC 2025
✅ Commit 11 on Wed Oct 15 06:30:58 UTC 2025
✅ Commit 12 on Wed Oct 15 06:30:58 UTC 2025
✅ Commit 1 on Wed Oct 15 12:53:33 UTC 2025
✅ Commit 2 on Wed Oct 15 12:53:33 UTC 2025
✅ Commit 3 on Wed Oct 15 12:53:33 UTC 2025
✅ Commit 4 on Wed Oct 15 12:53:33 UTC 2025
✅ Commit 5 on Wed Oct 15 12:53:33 UTC 2025
✅ Commit 6 on Wed Oct 15 12:53:33 UTC 2025
✅ Commit 7 on Wed Oct 15 12:53:33 UTC 2025
✅ Commit 8 on Wed Oct 15 12:53:33 UTC 2025
✅ Commit 9 on Wed Oct 15 12:53:33 UTC 2025
✅ Commit 10 on Wed Oct 15 12:53:33 UTC 2025
✅ Commit 11 on Wed Oct 15 12:53:33 UTC 2025
✅ Commit 12 on Wed Oct 15 12:53:33 UTC 2025
✅ Commit 1 on Wed Oct 15 18:14:33 UTC 2025
✅ Commit 2 on Wed Oct 15 18:14:33 UTC 2025
✅ Commit 3 on Wed Oct 15 18:14:33 UTC 2025
✅ Commit 4 on Wed Oct 15 18:14:33 UTC 2025
✅ Commit 5 on Wed Oct 15 18:14:33 UTC 2025
✅ Commit 6 on Wed Oct 15 18:14:33 UTC 2025
✅ Commit 7 on Wed Oct 15 18:14:33 UTC 2025
✅ Commit 8 on Wed Oct 15 18:14:33 UTC 2025
✅ Commit 9 on Wed Oct 15 18:14:33 UTC 2025
✅ Commit 10 on Wed Oct 15 18:14:33 UTC 2025
✅ Commit 11 on Wed Oct 15 18:14:33 UTC 2025
✅ Commit 12 on Wed Oct 15 18:14:33 UTC 2025
✅ Commit 1 on Thu Oct 16 01:57:08 UTC 2025
✅ Commit 2 on Thu Oct 16 01:57:08 UTC 2025
✅ Commit 3 on Thu Oct 16 01:57:08 UTC 2025
✅ Commit 4 on Thu Oct 16 01:57:08 UTC 2025
✅ Commit 5 on Thu Oct 16 01:57:08 UTC 2025
✅ Commit 6 on Thu Oct 16 01:57:08 UTC 2025
✅ Commit 7 on Thu Oct 16 01:57:08 UTC 2025
✅ Commit 8 on Thu Oct 16 01:57:08 UTC 2025
✅ Commit 9 on Thu Oct 16 01:57:08 UTC 2025
✅ Commit 10 on Thu Oct 16 01:57:08 UTC 2025
✅ Commit 11 on Thu Oct 16 01:57:08 UTC 2025
✅ Commit 12 on Thu Oct 16 01:57:08 UTC 2025
✅ Commit 1 on Thu Oct 16 06:30:49 UTC 2025
✅ Commit 2 on Thu Oct 16 06:30:49 UTC 2025
✅ Commit 3 on Thu Oct 16 06:30:49 UTC 2025
✅ Commit 4 on Thu Oct 16 06:30:49 UTC 2025
✅ Commit 5 on Thu Oct 16 06:30:49 UTC 2025
✅ Commit 6 on Thu Oct 16 06:30:49 UTC 2025
✅ Commit 7 on Thu Oct 16 06:30:49 UTC 2025
✅ Commit 8 on Thu Oct 16 06:30:49 UTC 2025
✅ Commit 9 on Thu Oct 16 06:30:49 UTC 2025
✅ Commit 10 on Thu Oct 16 06:30:49 UTC 2025
✅ Commit 11 on Thu Oct 16 06:30:49 UTC 2025
✅ Commit 12 on Thu Oct 16 06:30:49 UTC 2025
✅ Commit 1 on Thu Oct 16 12:53:19 UTC 2025
✅ Commit 2 on Thu Oct 16 12:53:19 UTC 2025
✅ Commit 3 on Thu Oct 16 12:53:19 UTC 2025
✅ Commit 4 on Thu Oct 16 12:53:19 UTC 2025
✅ Commit 5 on Thu Oct 16 12:53:19 UTC 2025
✅ Commit 6 on Thu Oct 16 12:53:19 UTC 2025
✅ Commit 7 on Thu Oct 16 12:53:19 UTC 2025
✅ Commit 8 on Thu Oct 16 12:53:19 UTC 2025
✅ Commit 9 on Thu Oct 16 12:53:19 UTC 2025
✅ Commit 10 on Thu Oct 16 12:53:19 UTC 2025
✅ Commit 11 on Thu Oct 16 12:53:19 UTC 2025
✅ Commit 12 on Thu Oct 16 12:53:19 UTC 2025
✅ Commit 1 on Thu Oct 16 18:13:41 UTC 2025
✅ Commit 2 on Thu Oct 16 18:13:41 UTC 2025
✅ Commit 3 on Thu Oct 16 18:13:41 UTC 2025
✅ Commit 4 on Thu Oct 16 18:13:41 UTC 2025
✅ Commit 5 on Thu Oct 16 18:13:41 UTC 2025
✅ Commit 6 on Thu Oct 16 18:13:41 UTC 2025
✅ Commit 7 on Thu Oct 16 18:13:41 UTC 2025
✅ Commit 8 on Thu Oct 16 18:13:41 UTC 2025
✅ Commit 9 on Thu Oct 16 18:13:41 UTC 2025
✅ Commit 10 on Thu Oct 16 18:13:41 UTC 2025
✅ Commit 11 on Thu Oct 16 18:13:41 UTC 2025
✅ Commit 12 on Thu Oct 16 18:13:41 UTC 2025
✅ Commit 1 on Fri Oct 17 01:55:53 UTC 2025
✅ Commit 2 on Fri Oct 17 01:55:53 UTC 2025
✅ Commit 3 on Fri Oct 17 01:55:53 UTC 2025
✅ Commit 4 on Fri Oct 17 01:55:53 UTC 2025
✅ Commit 5 on Fri Oct 17 01:55:53 UTC 2025
✅ Commit 6 on Fri Oct 17 01:55:53 UTC 2025
✅ Commit 7 on Fri Oct 17 01:55:53 UTC 2025
✅ Commit 8 on Fri Oct 17 01:55:53 UTC 2025
✅ Commit 9 on Fri Oct 17 01:55:53 UTC 2025
✅ Commit 10 on Fri Oct 17 01:55:53 UTC 2025
✅ Commit 11 on Fri Oct 17 01:55:53 UTC 2025
✅ Commit 12 on Fri Oct 17 01:55:53 UTC 2025
✅ Commit 1 on Fri Oct 17 06:29:57 UTC 2025
✅ Commit 2 on Fri Oct 17 06:29:57 UTC 2025
✅ Commit 3 on Fri Oct 17 06:29:57 UTC 2025
✅ Commit 4 on Fri Oct 17 06:29:57 UTC 2025
✅ Commit 5 on Fri Oct 17 06:29:57 UTC 2025
✅ Commit 6 on Fri Oct 17 06:29:57 UTC 2025
✅ Commit 7 on Fri Oct 17 06:29:57 UTC 2025
✅ Commit 8 on Fri Oct 17 06:29:57 UTC 2025
✅ Commit 9 on Fri Oct 17 06:29:57 UTC 2025
✅ Commit 10 on Fri Oct 17 06:29:57 UTC 2025
✅ Commit 11 on Fri Oct 17 06:29:57 UTC 2025
✅ Commit 12 on Fri Oct 17 06:29:57 UTC 2025
✅ Commit 1 on Fri Oct 17 12:51:48 UTC 2025
✅ Commit 2 on Fri Oct 17 12:51:48 UTC 2025
✅ Commit 3 on Fri Oct 17 12:51:48 UTC 2025
✅ Commit 4 on Fri Oct 17 12:51:48 UTC 2025
✅ Commit 5 on Fri Oct 17 12:51:48 UTC 2025
✅ Commit 6 on Fri Oct 17 12:51:48 UTC 2025
✅ Commit 7 on Fri Oct 17 12:51:48 UTC 2025
✅ Commit 8 on Fri Oct 17 12:51:48 UTC 2025
✅ Commit 9 on Fri Oct 17 12:51:48 UTC 2025
✅ Commit 10 on Fri Oct 17 12:51:48 UTC 2025
✅ Commit 11 on Fri Oct 17 12:51:48 UTC 2025
✅ Commit 12 on Fri Oct 17 12:51:48 UTC 2025
✅ Commit 1 on Fri Oct 17 18:11:03 UTC 2025
✅ Commit 2 on Fri Oct 17 18:11:03 UTC 2025
✅ Commit 3 on Fri Oct 17 18:11:03 UTC 2025
✅ Commit 4 on Fri Oct 17 18:11:03 UTC 2025
✅ Commit 5 on Fri Oct 17 18:11:03 UTC 2025
✅ Commit 6 on Fri Oct 17 18:11:03 UTC 2025
✅ Commit 7 on Fri Oct 17 18:11:03 UTC 2025
✅ Commit 8 on Fri Oct 17 18:11:03 UTC 2025
✅ Commit 9 on Fri Oct 17 18:11:03 UTC 2025
✅ Commit 10 on Fri Oct 17 18:11:03 UTC 2025
✅ Commit 11 on Fri Oct 17 18:11:03 UTC 2025
✅ Commit 12 on Fri Oct 17 18:11:03 UTC 2025
✅ Commit 1 on Sat Oct 18 01:51:04 UTC 2025
✅ Commit 2 on Sat Oct 18 01:51:04 UTC 2025
✅ Commit 3 on Sat Oct 18 01:51:04 UTC 2025
✅ Commit 4 on Sat Oct 18 01:51:04 UTC 2025
✅ Commit 5 on Sat Oct 18 01:51:04 UTC 2025
✅ Commit 6 on Sat Oct 18 01:51:04 UTC 2025
✅ Commit 7 on Sat Oct 18 01:51:04 UTC 2025
✅ Commit 8 on Sat Oct 18 01:51:04 UTC 2025
✅ Commit 9 on Sat Oct 18 01:51:04 UTC 2025
✅ Commit 10 on Sat Oct 18 01:51:04 UTC 2025
✅ Commit 11 on Sat Oct 18 01:51:04 UTC 2025
✅ Commit 12 on Sat Oct 18 01:51:05 UTC 2025
✅ Commit 1 on Sat Oct 18 06:27:57 UTC 2025
✅ Commit 2 on Sat Oct 18 06:27:57 UTC 2025
✅ Commit 3 on Sat Oct 18 06:27:57 UTC 2025
✅ Commit 4 on Sat Oct 18 06:27:57 UTC 2025
✅ Commit 5 on Sat Oct 18 06:27:57 UTC 2025
✅ Commit 6 on Sat Oct 18 06:27:57 UTC 2025
✅ Commit 7 on Sat Oct 18 06:27:57 UTC 2025
✅ Commit 8 on Sat Oct 18 06:27:57 UTC 2025
✅ Commit 9 on Sat Oct 18 06:27:57 UTC 2025
✅ Commit 10 on Sat Oct 18 06:27:57 UTC 2025
✅ Commit 11 on Sat Oct 18 06:27:57 UTC 2025
✅ Commit 12 on Sat Oct 18 06:27:57 UTC 2025
✅ Commit 1 on Sat Oct 18 12:45:51 UTC 2025
✅ Commit 2 on Sat Oct 18 12:45:51 UTC 2025
✅ Commit 3 on Sat Oct 18 12:45:51 UTC 2025
✅ Commit 4 on Sat Oct 18 12:45:51 UTC 2025
✅ Commit 5 on Sat Oct 18 12:45:51 UTC 2025
✅ Commit 6 on Sat Oct 18 12:45:51 UTC 2025
✅ Commit 7 on Sat Oct 18 12:45:51 UTC 2025
✅ Commit 8 on Sat Oct 18 12:45:51 UTC 2025
✅ Commit 9 on Sat Oct 18 12:45:51 UTC 2025
✅ Commit 10 on Sat Oct 18 12:45:51 UTC 2025
✅ Commit 11 on Sat Oct 18 12:45:51 UTC 2025
✅ Commit 12 on Sat Oct 18 12:45:51 UTC 2025
✅ Commit 1 on Sat Oct 18 18:11:39 UTC 2025
✅ Commit 2 on Sat Oct 18 18:11:39 UTC 2025
✅ Commit 3 on Sat Oct 18 18:11:39 UTC 2025
✅ Commit 4 on Sat Oct 18 18:11:39 UTC 2025
✅ Commit 5 on Sat Oct 18 18:11:39 UTC 2025
✅ Commit 6 on Sat Oct 18 18:11:39 UTC 2025
✅ Commit 7 on Sat Oct 18 18:11:39 UTC 2025
✅ Commit 8 on Sat Oct 18 18:11:39 UTC 2025
✅ Commit 9 on Sat Oct 18 18:11:39 UTC 2025
✅ Commit 10 on Sat Oct 18 18:11:39 UTC 2025
✅ Commit 11 on Sat Oct 18 18:11:39 UTC 2025
✅ Commit 12 on Sat Oct 18 18:11:39 UTC 2025
✅ Commit 1 on Sun Oct 19 02:09:06 UTC 2025
✅ Commit 2 on Sun Oct 19 02:09:06 UTC 2025
✅ Commit 3 on Sun Oct 19 02:09:06 UTC 2025
✅ Commit 4 on Sun Oct 19 02:09:06 UTC 2025
✅ Commit 5 on Sun Oct 19 02:09:06 UTC 2025
✅ Commit 6 on Sun Oct 19 02:09:06 UTC 2025
✅ Commit 7 on Sun Oct 19 02:09:06 UTC 2025
✅ Commit 8 on Sun Oct 19 02:09:06 UTC 2025
✅ Commit 9 on Sun Oct 19 02:09:06 UTC 2025
✅ Commit 10 on Sun Oct 19 02:09:06 UTC 2025
✅ Commit 11 on Sun Oct 19 02:09:06 UTC 2025
✅ Commit 12 on Sun Oct 19 02:09:06 UTC 2025
✅ Commit 1 on Sun Oct 19 06:29:07 UTC 2025
✅ Commit 2 on Sun Oct 19 06:29:07 UTC 2025
✅ Commit 3 on Sun Oct 19 06:29:07 UTC 2025
✅ Commit 4 on Sun Oct 19 06:29:07 UTC 2025
✅ Commit 5 on Sun Oct 19 06:29:07 UTC 2025
✅ Commit 6 on Sun Oct 19 06:29:07 UTC 2025
✅ Commit 7 on Sun Oct 19 06:29:07 UTC 2025
✅ Commit 8 on Sun Oct 19 06:29:07 UTC 2025
✅ Commit 9 on Sun Oct 19 06:29:07 UTC 2025
✅ Commit 10 on Sun Oct 19 06:29:07 UTC 2025
✅ Commit 11 on Sun Oct 19 06:29:07 UTC 2025
✅ Commit 12 on Sun Oct 19 06:29:07 UTC 2025
✅ Commit 1 on Sun Oct 19 12:45:29 UTC 2025
✅ Commit 2 on Sun Oct 19 12:45:29 UTC 2025
✅ Commit 3 on Sun Oct 19 12:45:29 UTC 2025
✅ Commit 4 on Sun Oct 19 12:45:29 UTC 2025
✅ Commit 5 on Sun Oct 19 12:45:29 UTC 2025
✅ Commit 6 on Sun Oct 19 12:45:29 UTC 2025
✅ Commit 7 on Sun Oct 19 12:45:29 UTC 2025
✅ Commit 8 on Sun Oct 19 12:45:29 UTC 2025
✅ Commit 9 on Sun Oct 19 12:45:29 UTC 2025
✅ Commit 10 on Sun Oct 19 12:45:29 UTC 2025
✅ Commit 11 on Sun Oct 19 12:45:29 UTC 2025
✅ Commit 12 on Sun Oct 19 12:45:29 UTC 2025
✅ Commit 1 on Sun Oct 19 18:12:02 UTC 2025
✅ Commit 2 on Sun Oct 19 18:12:02 UTC 2025
✅ Commit 3 on Sun Oct 19 18:12:02 UTC 2025
✅ Commit 4 on Sun Oct 19 18:12:02 UTC 2025
✅ Commit 5 on Sun Oct 19 18:12:02 UTC 2025
✅ Commit 6 on Sun Oct 19 18:12:02 UTC 2025
✅ Commit 7 on Sun Oct 19 18:12:02 UTC 2025
✅ Commit 8 on Sun Oct 19 18:12:02 UTC 2025
✅ Commit 9 on Sun Oct 19 18:12:02 UTC 2025
✅ Commit 10 on Sun Oct 19 18:12:02 UTC 2025
✅ Commit 11 on Sun Oct 19 18:12:02 UTC 2025
✅ Commit 12 on Sun Oct 19 18:12:02 UTC 2025
✅ Commit 1 on Mon Oct 20 02:06:10 UTC 2025
✅ Commit 2 on Mon Oct 20 02:06:10 UTC 2025
✅ Commit 3 on Mon Oct 20 02:06:10 UTC 2025
✅ Commit 4 on Mon Oct 20 02:06:10 UTC 2025
✅ Commit 5 on Mon Oct 20 02:06:10 UTC 2025
✅ Commit 6 on Mon Oct 20 02:06:10 UTC 2025
✅ Commit 7 on Mon Oct 20 02:06:10 UTC 2025
✅ Commit 8 on Mon Oct 20 02:06:10 UTC 2025
✅ Commit 9 on Mon Oct 20 02:06:10 UTC 2025
✅ Commit 10 on Mon Oct 20 02:06:10 UTC 2025
✅ Commit 11 on Mon Oct 20 02:06:10 UTC 2025
✅ Commit 12 on Mon Oct 20 02:06:10 UTC 2025
✅ Commit 1 on Mon Oct 20 06:32:12 UTC 2025
✅ Commit 2 on Mon Oct 20 06:32:12 UTC 2025
✅ Commit 3 on Mon Oct 20 06:32:12 UTC 2025
✅ Commit 4 on Mon Oct 20 06:32:12 UTC 2025
✅ Commit 5 on Mon Oct 20 06:32:12 UTC 2025
✅ Commit 6 on Mon Oct 20 06:32:12 UTC 2025
✅ Commit 7 on Mon Oct 20 06:32:12 UTC 2025
✅ Commit 8 on Mon Oct 20 06:32:12 UTC 2025
✅ Commit 9 on Mon Oct 20 06:32:12 UTC 2025
✅ Commit 10 on Mon Oct 20 06:32:12 UTC 2025
✅ Commit 11 on Mon Oct 20 06:32:12 UTC 2025
✅ Commit 12 on Mon Oct 20 06:32:12 UTC 2025
✅ Commit 1 on Mon Oct 20 12:52:47 UTC 2025
✅ Commit 2 on Mon Oct 20 12:52:47 UTC 2025
✅ Commit 3 on Mon Oct 20 12:52:47 UTC 2025
✅ Commit 4 on Mon Oct 20 12:52:47 UTC 2025
✅ Commit 5 on Mon Oct 20 12:52:47 UTC 2025
✅ Commit 6 on Mon Oct 20 12:52:47 UTC 2025
✅ Commit 7 on Mon Oct 20 12:52:47 UTC 2025
✅ Commit 8 on Mon Oct 20 12:52:47 UTC 2025
✅ Commit 9 on Mon Oct 20 12:52:47 UTC 2025
✅ Commit 10 on Mon Oct 20 12:52:47 UTC 2025
✅ Commit 11 on Mon Oct 20 12:52:47 UTC 2025
✅ Commit 12 on Mon Oct 20 12:52:47 UTC 2025
✅ Commit 1 on Mon Oct 20 18:14:22 UTC 2025
✅ Commit 2 on Mon Oct 20 18:14:23 UTC 2025
✅ Commit 3 on Mon Oct 20 18:14:23 UTC 2025
✅ Commit 4 on Mon Oct 20 18:14:23 UTC 2025
✅ Commit 5 on Mon Oct 20 18:14:23 UTC 2025
✅ Commit 6 on Mon Oct 20 18:14:23 UTC 2025
✅ Commit 7 on Mon Oct 20 18:14:23 UTC 2025
✅ Commit 8 on Mon Oct 20 18:14:23 UTC 2025
✅ Commit 9 on Mon Oct 20 18:14:23 UTC 2025
✅ Commit 10 on Mon Oct 20 18:14:23 UTC 2025
✅ Commit 11 on Mon Oct 20 18:14:23 UTC 2025
✅ Commit 12 on Mon Oct 20 18:14:23 UTC 2025
✅ Commit 1 on Tue Oct 21 01:59:23 UTC 2025
✅ Commit 2 on Tue Oct 21 01:59:23 UTC 2025
✅ Commit 3 on Tue Oct 21 01:59:23 UTC 2025
✅ Commit 4 on Tue Oct 21 01:59:23 UTC 2025
✅ Commit 5 on Tue Oct 21 01:59:23 UTC 2025
✅ Commit 6 on Tue Oct 21 01:59:23 UTC 2025
✅ Commit 7 on Tue Oct 21 01:59:23 UTC 2025
✅ Commit 8 on Tue Oct 21 01:59:23 UTC 2025
✅ Commit 9 on Tue Oct 21 01:59:23 UTC 2025
✅ Commit 10 on Tue Oct 21 01:59:23 UTC 2025
✅ Commit 11 on Tue Oct 21 01:59:23 UTC 2025
✅ Commit 12 on Tue Oct 21 01:59:23 UTC 2025
✅ Commit 1 on Tue Oct 21 06:31:06 UTC 2025
✅ Commit 2 on Tue Oct 21 06:31:06 UTC 2025
✅ Commit 3 on Tue Oct 21 06:31:06 UTC 2025
✅ Commit 4 on Tue Oct 21 06:31:06 UTC 2025
✅ Commit 5 on Tue Oct 21 06:31:06 UTC 2025
✅ Commit 6 on Tue Oct 21 06:31:06 UTC 2025
✅ Commit 7 on Tue Oct 21 06:31:06 UTC 2025
✅ Commit 8 on Tue Oct 21 06:31:06 UTC 2025
✅ Commit 9 on Tue Oct 21 06:31:06 UTC 2025
✅ Commit 10 on Tue Oct 21 06:31:06 UTC 2025
✅ Commit 11 on Tue Oct 21 06:31:06 UTC 2025
✅ Commit 12 on Tue Oct 21 06:31:06 UTC 2025
✅ Commit 1 on Tue Oct 21 12:54:16 UTC 2025
✅ Commit 2 on Tue Oct 21 12:54:16 UTC 2025
✅ Commit 3 on Tue Oct 21 12:54:16 UTC 2025
✅ Commit 4 on Tue Oct 21 12:54:16 UTC 2025
✅ Commit 5 on Tue Oct 21 12:54:16 UTC 2025
✅ Commit 6 on Tue Oct 21 12:54:16 UTC 2025
✅ Commit 7 on Tue Oct 21 12:54:16 UTC 2025
✅ Commit 8 on Tue Oct 21 12:54:16 UTC 2025
✅ Commit 9 on Tue Oct 21 12:54:16 UTC 2025
✅ Commit 10 on Tue Oct 21 12:54:16 UTC 2025
✅ Commit 11 on Tue Oct 21 12:54:16 UTC 2025
✅ Commit 12 on Tue Oct 21 12:54:16 UTC 2025
✅ Commit 1 on Tue Oct 21 18:12:26 UTC 2025
✅ Commit 2 on Tue Oct 21 18:12:26 UTC 2025
✅ Commit 3 on Tue Oct 21 18:12:26 UTC 2025
✅ Commit 4 on Tue Oct 21 18:12:26 UTC 2025
✅ Commit 5 on Tue Oct 21 18:12:26 UTC 2025
✅ Commit 6 on Tue Oct 21 18:12:26 UTC 2025
✅ Commit 7 on Tue Oct 21 18:12:26 UTC 2025
✅ Commit 8 on Tue Oct 21 18:12:26 UTC 2025
✅ Commit 9 on Tue Oct 21 18:12:26 UTC 2025
✅ Commit 10 on Tue Oct 21 18:12:26 UTC 2025
✅ Commit 11 on Tue Oct 21 18:12:26 UTC 2025
✅ Commit 12 on Tue Oct 21 18:12:26 UTC 2025
✅ Commit 1 on Wed Oct 22 02:02:52 UTC 2025
✅ Commit 2 on Wed Oct 22 02:02:52 UTC 2025
✅ Commit 3 on Wed Oct 22 02:02:52 UTC 2025
✅ Commit 4 on Wed Oct 22 02:02:52 UTC 2025
✅ Commit 5 on Wed Oct 22 02:02:52 UTC 2025
✅ Commit 6 on Wed Oct 22 02:02:52 UTC 2025
✅ Commit 7 on Wed Oct 22 02:02:52 UTC 2025
✅ Commit 8 on Wed Oct 22 02:02:52 UTC 2025
✅ Commit 9 on Wed Oct 22 02:02:52 UTC 2025
✅ Commit 10 on Wed Oct 22 02:02:52 UTC 2025
✅ Commit 11 on Wed Oct 22 02:02:52 UTC 2025
✅ Commit 12 on Wed Oct 22 02:02:52 UTC 2025
✅ Commit 1 on Wed Oct 22 06:32:08 UTC 2025
✅ Commit 2 on Wed Oct 22 06:32:08 UTC 2025
✅ Commit 3 on Wed Oct 22 06:32:08 UTC 2025
✅ Commit 4 on Wed Oct 22 06:32:08 UTC 2025
✅ Commit 5 on Wed Oct 22 06:32:08 UTC 2025
✅ Commit 6 on Wed Oct 22 06:32:08 UTC 2025
✅ Commit 7 on Wed Oct 22 06:32:08 UTC 2025
✅ Commit 8 on Wed Oct 22 06:32:08 UTC 2025
✅ Commit 9 on Wed Oct 22 06:32:08 UTC 2025
✅ Commit 10 on Wed Oct 22 06:32:08 UTC 2025
✅ Commit 11 on Wed Oct 22 06:32:08 UTC 2025
✅ Commit 12 on Wed Oct 22 06:32:08 UTC 2025
✅ Commit 1 on Wed Oct 22 12:54:52 UTC 2025
✅ Commit 2 on Wed Oct 22 12:54:52 UTC 2025
✅ Commit 3 on Wed Oct 22 12:54:52 UTC 2025
✅ Commit 4 on Wed Oct 22 12:54:52 UTC 2025
✅ Commit 5 on Wed Oct 22 12:54:52 UTC 2025
✅ Commit 6 on Wed Oct 22 12:54:52 UTC 2025
✅ Commit 7 on Wed Oct 22 12:54:52 UTC 2025
✅ Commit 8 on Wed Oct 22 12:54:52 UTC 2025
✅ Commit 9 on Wed Oct 22 12:54:52 UTC 2025
✅ Commit 10 on Wed Oct 22 12:54:52 UTC 2025
✅ Commit 11 on Wed Oct 22 12:54:52 UTC 2025
✅ Commit 12 on Wed Oct 22 12:54:52 UTC 2025
✅ Commit 1 on Wed Oct 22 18:15:10 UTC 2025
✅ Commit 2 on Wed Oct 22 18:15:10 UTC 2025
✅ Commit 3 on Wed Oct 22 18:15:10 UTC 2025
✅ Commit 4 on Wed Oct 22 18:15:10 UTC 2025
✅ Commit 5 on Wed Oct 22 18:15:10 UTC 2025
✅ Commit 6 on Wed Oct 22 18:15:10 UTC 2025
✅ Commit 7 on Wed Oct 22 18:15:10 UTC 2025
✅ Commit 8 on Wed Oct 22 18:15:10 UTC 2025
✅ Commit 9 on Wed Oct 22 18:15:10 UTC 2025
✅ Commit 10 on Wed Oct 22 18:15:10 UTC 2025
✅ Commit 11 on Wed Oct 22 18:15:10 UTC 2025
✅ Commit 12 on Wed Oct 22 18:15:10 UTC 2025
✅ Commit 1 on Thu Oct 23 01:58:04 UTC 2025
✅ Commit 2 on Thu Oct 23 01:58:04 UTC 2025
✅ Commit 3 on Thu Oct 23 01:58:04 UTC 2025
✅ Commit 4 on Thu Oct 23 01:58:04 UTC 2025
✅ Commit 5 on Thu Oct 23 01:58:04 UTC 2025
✅ Commit 6 on Thu Oct 23 01:58:04 UTC 2025
✅ Commit 7 on Thu Oct 23 01:58:04 UTC 2025
✅ Commit 8 on Thu Oct 23 01:58:04 UTC 2025
✅ Commit 9 on Thu Oct 23 01:58:04 UTC 2025
✅ Commit 10 on Thu Oct 23 01:58:04 UTC 2025
✅ Commit 11 on Thu Oct 23 01:58:04 UTC 2025
✅ Commit 12 on Thu Oct 23 01:58:04 UTC 2025
✅ Commit 1 on Thu Oct 23 06:31:05 UTC 2025
✅ Commit 2 on Thu Oct 23 06:31:05 UTC 2025
✅ Commit 3 on Thu Oct 23 06:31:05 UTC 2025
✅ Commit 4 on Thu Oct 23 06:31:05 UTC 2025
✅ Commit 5 on Thu Oct 23 06:31:05 UTC 2025
✅ Commit 6 on Thu Oct 23 06:31:05 UTC 2025
✅ Commit 7 on Thu Oct 23 06:31:05 UTC 2025
✅ Commit 8 on Thu Oct 23 06:31:05 UTC 2025
✅ Commit 9 on Thu Oct 23 06:31:05 UTC 2025
✅ Commit 10 on Thu Oct 23 06:31:05 UTC 2025
✅ Commit 11 on Thu Oct 23 06:31:05 UTC 2025
✅ Commit 12 on Thu Oct 23 06:31:05 UTC 2025
✅ Commit 1 on Thu Oct 23 12:54:05 UTC 2025
✅ Commit 2 on Thu Oct 23 12:54:05 UTC 2025
✅ Commit 3 on Thu Oct 23 12:54:05 UTC 2025
✅ Commit 4 on Thu Oct 23 12:54:05 UTC 2025
✅ Commit 5 on Thu Oct 23 12:54:05 UTC 2025
✅ Commit 6 on Thu Oct 23 12:54:05 UTC 2025
✅ Commit 7 on Thu Oct 23 12:54:05 UTC 2025
✅ Commit 8 on Thu Oct 23 12:54:05 UTC 2025
✅ Commit 9 on Thu Oct 23 12:54:05 UTC 2025
✅ Commit 10 on Thu Oct 23 12:54:05 UTC 2025
✅ Commit 11 on Thu Oct 23 12:54:05 UTC 2025
✅ Commit 12 on Thu Oct 23 12:54:05 UTC 2025
✅ Commit 1 on Thu Oct 23 18:14:03 UTC 2025
✅ Commit 2 on Thu Oct 23 18:14:03 UTC 2025
✅ Commit 3 on Thu Oct 23 18:14:03 UTC 2025
✅ Commit 4 on Thu Oct 23 18:14:03 UTC 2025
✅ Commit 5 on Thu Oct 23 18:14:03 UTC 2025
✅ Commit 6 on Thu Oct 23 18:14:03 UTC 2025
✅ Commit 7 on Thu Oct 23 18:14:03 UTC 2025
✅ Commit 8 on Thu Oct 23 18:14:03 UTC 2025
✅ Commit 9 on Thu Oct 23 18:14:03 UTC 2025
✅ Commit 10 on Thu Oct 23 18:14:03 UTC 2025
✅ Commit 11 on Thu Oct 23 18:14:03 UTC 2025
✅ Commit 12 on Thu Oct 23 18:14:03 UTC 2025
✅ Commit 1 on Fri Oct 24 01:54:03 UTC 2025
✅ Commit 2 on Fri Oct 24 01:54:03 UTC 2025
✅ Commit 3 on Fri Oct 24 01:54:03 UTC 2025
✅ Commit 4 on Fri Oct 24 01:54:03 UTC 2025
✅ Commit 5 on Fri Oct 24 01:54:03 UTC 2025
✅ Commit 6 on Fri Oct 24 01:54:03 UTC 2025
✅ Commit 7 on Fri Oct 24 01:54:04 UTC 2025
✅ Commit 8 on Fri Oct 24 01:54:04 UTC 2025
✅ Commit 9 on Fri Oct 24 01:54:04 UTC 2025
✅ Commit 10 on Fri Oct 24 01:54:04 UTC 2025
✅ Commit 11 on Fri Oct 24 01:54:04 UTC 2025
✅ Commit 12 on Fri Oct 24 01:54:05 UTC 2025
✅ Commit 1 on Fri Oct 24 06:30:08 UTC 2025
✅ Commit 2 on Fri Oct 24 06:30:08 UTC 2025
✅ Commit 3 on Fri Oct 24 06:30:09 UTC 2025
✅ Commit 4 on Fri Oct 24 06:30:09 UTC 2025
✅ Commit 5 on Fri Oct 24 06:30:09 UTC 2025
✅ Commit 6 on Fri Oct 24 06:30:09 UTC 2025
✅ Commit 7 on Fri Oct 24 06:30:09 UTC 2025
✅ Commit 8 on Fri Oct 24 06:30:09 UTC 2025
✅ Commit 9 on Fri Oct 24 06:30:09 UTC 2025
✅ Commit 10 on Fri Oct 24 06:30:09 UTC 2025
✅ Commit 11 on Fri Oct 24 06:30:09 UTC 2025
✅ Commit 12 on Fri Oct 24 06:30:09 UTC 2025
✅ Commit 1 on Fri Oct 24 12:53:29 UTC 2025
✅ Commit 2 on Fri Oct 24 12:53:29 UTC 2025
✅ Commit 3 on Fri Oct 24 12:53:29 UTC 2025
✅ Commit 4 on Fri Oct 24 12:53:29 UTC 2025
✅ Commit 5 on Fri Oct 24 12:53:29 UTC 2025
✅ Commit 6 on Fri Oct 24 12:53:29 UTC 2025
✅ Commit 7 on Fri Oct 24 12:53:29 UTC 2025
✅ Commit 8 on Fri Oct 24 12:53:29 UTC 2025
✅ Commit 9 on Fri Oct 24 12:53:29 UTC 2025
✅ Commit 10 on Fri Oct 24 12:53:29 UTC 2025
✅ Commit 11 on Fri Oct 24 12:53:29 UTC 2025
✅ Commit 12 on Fri Oct 24 12:53:29 UTC 2025
✅ Commit 1 on Fri Oct 24 18:14:08 UTC 2025
✅ Commit 2 on Fri Oct 24 18:14:08 UTC 2025
✅ Commit 3 on Fri Oct 24 18:14:08 UTC 2025
✅ Commit 4 on Fri Oct 24 18:14:08 UTC 2025
✅ Commit 5 on Fri Oct 24 18:14:08 UTC 2025
✅ Commit 6 on Fri Oct 24 18:14:08 UTC 2025
✅ Commit 7 on Fri Oct 24 18:14:08 UTC 2025
✅ Commit 8 on Fri Oct 24 18:14:08 UTC 2025
✅ Commit 9 on Fri Oct 24 18:14:08 UTC 2025
✅ Commit 10 on Fri Oct 24 18:14:08 UTC 2025
✅ Commit 11 on Fri Oct 24 18:14:08 UTC 2025
✅ Commit 12 on Fri Oct 24 18:14:08 UTC 2025
✅ Commit 1 on Sat Oct 25 01:55:37 UTC 2025
✅ Commit 2 on Sat Oct 25 01:55:38 UTC 2025
✅ Commit 3 on Sat Oct 25 01:55:38 UTC 2025
✅ Commit 4 on Sat Oct 25 01:55:38 UTC 2025
✅ Commit 5 on Sat Oct 25 01:55:38 UTC 2025
✅ Commit 6 on Sat Oct 25 01:55:38 UTC 2025
✅ Commit 7 on Sat Oct 25 01:55:38 UTC 2025
✅ Commit 8 on Sat Oct 25 01:55:38 UTC 2025
✅ Commit 9 on Sat Oct 25 01:55:38 UTC 2025
✅ Commit 10 on Sat Oct 25 01:55:38 UTC 2025
✅ Commit 11 on Sat Oct 25 01:55:38 UTC 2025
✅ Commit 12 on Sat Oct 25 01:55:38 UTC 2025
✅ Commit 1 on Sat Oct 25 06:27:44 UTC 2025
✅ Commit 2 on Sat Oct 25 06:27:44 UTC 2025
✅ Commit 3 on Sat Oct 25 06:27:44 UTC 2025
✅ Commit 4 on Sat Oct 25 06:27:44 UTC 2025
✅ Commit 5 on Sat Oct 25 06:27:44 UTC 2025
✅ Commit 6 on Sat Oct 25 06:27:44 UTC 2025
✅ Commit 7 on Sat Oct 25 06:27:44 UTC 2025
✅ Commit 8 on Sat Oct 25 06:27:45 UTC 2025
✅ Commit 9 on Sat Oct 25 06:27:45 UTC 2025
✅ Commit 10 on Sat Oct 25 06:27:45 UTC 2025
✅ Commit 11 on Sat Oct 25 06:27:45 UTC 2025
✅ Commit 12 on Sat Oct 25 06:27:45 UTC 2025
✅ Commit 1 on Sat Oct 25 12:44:53 UTC 2025
✅ Commit 2 on Sat Oct 25 12:44:53 UTC 2025
✅ Commit 3 on Sat Oct 25 12:44:53 UTC 2025
✅ Commit 4 on Sat Oct 25 12:44:53 UTC 2025
✅ Commit 5 on Sat Oct 25 12:44:53 UTC 2025
✅ Commit 6 on Sat Oct 25 12:44:53 UTC 2025
✅ Commit 7 on Sat Oct 25 12:44:53 UTC 2025
✅ Commit 8 on Sat Oct 25 12:44:53 UTC 2025
✅ Commit 9 on Sat Oct 25 12:44:53 UTC 2025
✅ Commit 10 on Sat Oct 25 12:44:53 UTC 2025
✅ Commit 11 on Sat Oct 25 12:44:53 UTC 2025
✅ Commit 12 on Sat Oct 25 12:44:53 UTC 2025
✅ Commit 1 on Sat Oct 25 18:11:51 UTC 2025
✅ Commit 2 on Sat Oct 25 18:11:51 UTC 2025
✅ Commit 3 on Sat Oct 25 18:11:51 UTC 2025
✅ Commit 4 on Sat Oct 25 18:11:51 UTC 2025
✅ Commit 5 on Sat Oct 25 18:11:51 UTC 2025
✅ Commit 6 on Sat Oct 25 18:11:51 UTC 2025
✅ Commit 7 on Sat Oct 25 18:11:51 UTC 2025
✅ Commit 8 on Sat Oct 25 18:11:51 UTC 2025
✅ Commit 9 on Sat Oct 25 18:11:51 UTC 2025
✅ Commit 10 on Sat Oct 25 18:11:51 UTC 2025
✅ Commit 11 on Sat Oct 25 18:11:51 UTC 2025
✅ Commit 12 on Sat Oct 25 18:11:51 UTC 2025
✅ Commit 1 on Sun Oct 26 02:05:00 UTC 2025
✅ Commit 2 on Sun Oct 26 02:05:00 UTC 2025
✅ Commit 3 on Sun Oct 26 02:05:00 UTC 2025
✅ Commit 4 on Sun Oct 26 02:05:00 UTC 2025
✅ Commit 5 on Sun Oct 26 02:05:00 UTC 2025
✅ Commit 6 on Sun Oct 26 02:05:00 UTC 2025
✅ Commit 7 on Sun Oct 26 02:05:00 UTC 2025
✅ Commit 8 on Sun Oct 26 02:05:00 UTC 2025
✅ Commit 9 on Sun Oct 26 02:05:00 UTC 2025
✅ Commit 10 on Sun Oct 26 02:05:00 UTC 2025
✅ Commit 11 on Sun Oct 26 02:05:00 UTC 2025
✅ Commit 12 on Sun Oct 26 02:05:00 UTC 2025
✅ Commit 1 on Sun Oct 26 06:28:46 UTC 2025
✅ Commit 2 on Sun Oct 26 06:28:46 UTC 2025
✅ Commit 3 on Sun Oct 26 06:28:46 UTC 2025
✅ Commit 4 on Sun Oct 26 06:28:46 UTC 2025
✅ Commit 5 on Sun Oct 26 06:28:46 UTC 2025
✅ Commit 6 on Sun Oct 26 06:28:47 UTC 2025
✅ Commit 7 on Sun Oct 26 06:28:47 UTC 2025
✅ Commit 8 on Sun Oct 26 06:28:47 UTC 2025
✅ Commit 9 on Sun Oct 26 06:28:47 UTC 2025
✅ Commit 10 on Sun Oct 26 06:28:47 UTC 2025
✅ Commit 11 on Sun Oct 26 06:28:47 UTC 2025
✅ Commit 12 on Sun Oct 26 06:28:47 UTC 2025
✅ Commit 1 on Sun Oct 26 12:46:57 UTC 2025
✅ Commit 2 on Sun Oct 26 12:46:57 UTC 2025
✅ Commit 3 on Sun Oct 26 12:46:57 UTC 2025
✅ Commit 4 on Sun Oct 26 12:46:57 UTC 2025
✅ Commit 5 on Sun Oct 26 12:46:57 UTC 2025
✅ Commit 6 on Sun Oct 26 12:46:57 UTC 2025
✅ Commit 7 on Sun Oct 26 12:46:57 UTC 2025
✅ Commit 8 on Sun Oct 26 12:46:57 UTC 2025
✅ Commit 9 on Sun Oct 26 12:46:57 UTC 2025
✅ Commit 10 on Sun Oct 26 12:46:57 UTC 2025
✅ Commit 11 on Sun Oct 26 12:46:57 UTC 2025
✅ Commit 12 on Sun Oct 26 12:46:57 UTC 2025
✅ Commit 1 on Sun Oct 26 18:12:05 UTC 2025
✅ Commit 2 on Sun Oct 26 18:12:05 UTC 2025
✅ Commit 3 on Sun Oct 26 18:12:06 UTC 2025
✅ Commit 4 on Sun Oct 26 18:12:06 UTC 2025
✅ Commit 5 on Sun Oct 26 18:12:06 UTC 2025
✅ Commit 6 on Sun Oct 26 18:12:06 UTC 2025
✅ Commit 7 on Sun Oct 26 18:12:06 UTC 2025
✅ Commit 8 on Sun Oct 26 18:12:06 UTC 2025
✅ Commit 9 on Sun Oct 26 18:12:06 UTC 2025
✅ Commit 10 on Sun Oct 26 18:12:06 UTC 2025
✅ Commit 11 on Sun Oct 26 18:12:06 UTC 2025
✅ Commit 12 on Sun Oct 26 18:12:06 UTC 2025
✅ Commit 1 on Mon Oct 27 02:09:17 UTC 2025
✅ Commit 2 on Mon Oct 27 02:09:17 UTC 2025
✅ Commit 3 on Mon Oct 27 02:09:17 UTC 2025
✅ Commit 4 on Mon Oct 27 02:09:17 UTC 2025
✅ Commit 5 on Mon Oct 27 02:09:17 UTC 2025
✅ Commit 6 on Mon Oct 27 02:09:17 UTC 2025
✅ Commit 7 on Mon Oct 27 02:09:17 UTC 2025
✅ Commit 8 on Mon Oct 27 02:09:17 UTC 2025
✅ Commit 9 on Mon Oct 27 02:09:17 UTC 2025
✅ Commit 10 on Mon Oct 27 02:09:17 UTC 2025
✅ Commit 11 on Mon Oct 27 02:09:17 UTC 2025
✅ Commit 12 on Mon Oct 27 02:09:17 UTC 2025
✅ Commit 1 on Mon Oct 27 06:34:40 UTC 2025
✅ Commit 2 on Mon Oct 27 06:34:40 UTC 2025
✅ Commit 3 on Mon Oct 27 06:34:40 UTC 2025
✅ Commit 4 on Mon Oct 27 06:34:40 UTC 2025
✅ Commit 5 on Mon Oct 27 06:34:40 UTC 2025
✅ Commit 6 on Mon Oct 27 06:34:40 UTC 2025
✅ Commit 7 on Mon Oct 27 06:34:40 UTC 2025
✅ Commit 8 on Mon Oct 27 06:34:40 UTC 2025
✅ Commit 9 on Mon Oct 27 06:34:40 UTC 2025
✅ Commit 10 on Mon Oct 27 06:34:40 UTC 2025
✅ Commit 11 on Mon Oct 27 06:34:40 UTC 2025
✅ Commit 12 on Mon Oct 27 06:34:40 UTC 2025
✅ Commit 1 on Mon Oct 27 12:53:54 UTC 2025
✅ Commit 2 on Mon Oct 27 12:53:54 UTC 2025
✅ Commit 3 on Mon Oct 27 12:53:54 UTC 2025
✅ Commit 4 on Mon Oct 27 12:53:54 UTC 2025
✅ Commit 5 on Mon Oct 27 12:53:54 UTC 2025
✅ Commit 6 on Mon Oct 27 12:53:54 UTC 2025
✅ Commit 7 on Mon Oct 27 12:53:54 UTC 2025
✅ Commit 8 on Mon Oct 27 12:53:54 UTC 2025
✅ Commit 9 on Mon Oct 27 12:53:54 UTC 2025
✅ Commit 10 on Mon Oct 27 12:53:54 UTC 2025
✅ Commit 11 on Mon Oct 27 12:53:54 UTC 2025
✅ Commit 12 on Mon Oct 27 12:53:54 UTC 2025
✅ Commit 1 on Mon Oct 27 18:14:21 UTC 2025
✅ Commit 2 on Mon Oct 27 18:14:21 UTC 2025
✅ Commit 3 on Mon Oct 27 18:14:21 UTC 2025
✅ Commit 4 on Mon Oct 27 18:14:21 UTC 2025
✅ Commit 5 on Mon Oct 27 18:14:21 UTC 2025
✅ Commit 6 on Mon Oct 27 18:14:21 UTC 2025
✅ Commit 7 on Mon Oct 27 18:14:21 UTC 2025
✅ Commit 8 on Mon Oct 27 18:14:21 UTC 2025
✅ Commit 9 on Mon Oct 27 18:14:21 UTC 2025
✅ Commit 10 on Mon Oct 27 18:14:21 UTC 2025
✅ Commit 11 on Mon Oct 27 18:14:21 UTC 2025
✅ Commit 12 on Mon Oct 27 18:14:21 UTC 2025
✅ Commit 1 on Tue Oct 28 01:58:29 UTC 2025
✅ Commit 2 on Tue Oct 28 01:58:29 UTC 2025
✅ Commit 3 on Tue Oct 28 01:58:29 UTC 2025
✅ Commit 4 on Tue Oct 28 01:58:29 UTC 2025
✅ Commit 5 on Tue Oct 28 01:58:29 UTC 2025
✅ Commit 6 on Tue Oct 28 01:58:29 UTC 2025
✅ Commit 7 on Tue Oct 28 01:58:29 UTC 2025
✅ Commit 8 on Tue Oct 28 01:58:29 UTC 2025
✅ Commit 9 on Tue Oct 28 01:58:29 UTC 2025
✅ Commit 10 on Tue Oct 28 01:58:29 UTC 2025
✅ Commit 11 on Tue Oct 28 01:58:29 UTC 2025
✅ Commit 12 on Tue Oct 28 01:58:29 UTC 2025
✅ Commit 1 on Tue Oct 28 06:32:51 UTC 2025
✅ Commit 2 on Tue Oct 28 06:32:51 UTC 2025
✅ Commit 3 on Tue Oct 28 06:32:51 UTC 2025
✅ Commit 4 on Tue Oct 28 06:32:51 UTC 2025
✅ Commit 5 on Tue Oct 28 06:32:51 UTC 2025
✅ Commit 6 on Tue Oct 28 06:32:51 UTC 2025
✅ Commit 7 on Tue Oct 28 06:32:51 UTC 2025
✅ Commit 8 on Tue Oct 28 06:32:51 UTC 2025
✅ Commit 9 on Tue Oct 28 06:32:51 UTC 2025
✅ Commit 10 on Tue Oct 28 06:32:51 UTC 2025
✅ Commit 11 on Tue Oct 28 06:32:51 UTC 2025
✅ Commit 12 on Tue Oct 28 06:32:51 UTC 2025
✅ Commit 1 on Tue Oct 28 12:52:39 UTC 2025
✅ Commit 2 on Tue Oct 28 12:52:39 UTC 2025
✅ Commit 3 on Tue Oct 28 12:52:39 UTC 2025
✅ Commit 4 on Tue Oct 28 12:52:39 UTC 2025
✅ Commit 5 on Tue Oct 28 12:52:39 UTC 2025
✅ Commit 6 on Tue Oct 28 12:52:40 UTC 2025
✅ Commit 7 on Tue Oct 28 12:52:40 UTC 2025
✅ Commit 8 on Tue Oct 28 12:52:40 UTC 2025
✅ Commit 9 on Tue Oct 28 12:52:40 UTC 2025
✅ Commit 10 on Tue Oct 28 12:52:40 UTC 2025
✅ Commit 11 on Tue Oct 28 12:52:40 UTC 2025
✅ Commit 12 on Tue Oct 28 12:52:40 UTC 2025
✅ Commit 1 on Tue Oct 28 18:14:42 UTC 2025
✅ Commit 2 on Tue Oct 28 18:14:42 UTC 2025
✅ Commit 3 on Tue Oct 28 18:14:42 UTC 2025
✅ Commit 4 on Tue Oct 28 18:14:42 UTC 2025
✅ Commit 5 on Tue Oct 28 18:14:42 UTC 2025
✅ Commit 6 on Tue Oct 28 18:14:42 UTC 2025
✅ Commit 7 on Tue Oct 28 18:14:42 UTC 2025
✅ Commit 8 on Tue Oct 28 18:14:42 UTC 2025
✅ Commit 9 on Tue Oct 28 18:14:42 UTC 2025
✅ Commit 10 on Tue Oct 28 18:14:42 UTC 2025
✅ Commit 11 on Tue Oct 28 18:14:43 UTC 2025
✅ Commit 12 on Tue Oct 28 18:14:43 UTC 2025
✅ Commit 1 on Wed Oct 29 02:05:52 UTC 2025
✅ Commit 2 on Wed Oct 29 02:05:52 UTC 2025
✅ Commit 3 on Wed Oct 29 02:05:52 UTC 2025
✅ Commit 4 on Wed Oct 29 02:05:52 UTC 2025
✅ Commit 5 on Wed Oct 29 02:05:52 UTC 2025
✅ Commit 6 on Wed Oct 29 02:05:52 UTC 2025
✅ Commit 7 on Wed Oct 29 02:05:52 UTC 2025
✅ Commit 8 on Wed Oct 29 02:05:52 UTC 2025
✅ Commit 9 on Wed Oct 29 02:05:52 UTC 2025
✅ Commit 10 on Wed Oct 29 02:05:52 UTC 2025
✅ Commit 11 on Wed Oct 29 02:05:52 UTC 2025
✅ Commit 12 on Wed Oct 29 02:05:52 UTC 2025
✅ Commit 1 on Wed Oct 29 06:33:21 UTC 2025
✅ Commit 2 on Wed Oct 29 06:33:21 UTC 2025
✅ Commit 3 on Wed Oct 29 06:33:21 UTC 2025
✅ Commit 4 on Wed Oct 29 06:33:21 UTC 2025
✅ Commit 5 on Wed Oct 29 06:33:21 UTC 2025
✅ Commit 6 on Wed Oct 29 06:33:21 UTC 2025
✅ Commit 7 on Wed Oct 29 06:33:21 UTC 2025
✅ Commit 8 on Wed Oct 29 06:33:21 UTC 2025
✅ Commit 9 on Wed Oct 29 06:33:21 UTC 2025
✅ Commit 10 on Wed Oct 29 06:33:21 UTC 2025
✅ Commit 11 on Wed Oct 29 06:33:21 UTC 2025
✅ Commit 12 on Wed Oct 29 06:33:22 UTC 2025
✅ Commit 1 on Wed Oct 29 12:54:35 UTC 2025
✅ Commit 2 on Wed Oct 29 12:54:35 UTC 2025
✅ Commit 3 on Wed Oct 29 12:54:35 UTC 2025
✅ Commit 4 on Wed Oct 29 12:54:35 UTC 2025
✅ Commit 5 on Wed Oct 29 12:54:35 UTC 2025
✅ Commit 6 on Wed Oct 29 12:54:35 UTC 2025
✅ Commit 7 on Wed Oct 29 12:54:35 UTC 2025
✅ Commit 8 on Wed Oct 29 12:54:35 UTC 2025
✅ Commit 9 on Wed Oct 29 12:54:35 UTC 2025
✅ Commit 10 on Wed Oct 29 12:54:35 UTC 2025
✅ Commit 11 on Wed Oct 29 12:54:35 UTC 2025
✅ Commit 12 on Wed Oct 29 12:54:35 UTC 2025
✅ Commit 1 on Wed Oct 29 18:14:28 UTC 2025
✅ Commit 2 on Wed Oct 29 18:14:28 UTC 2025
✅ Commit 3 on Wed Oct 29 18:14:28 UTC 2025
✅ Commit 4 on Wed Oct 29 18:14:28 UTC 2025
✅ Commit 5 on Wed Oct 29 18:14:28 UTC 2025
✅ Commit 6 on Wed Oct 29 18:14:28 UTC 2025
✅ Commit 7 on Wed Oct 29 18:14:28 UTC 2025
✅ Commit 8 on Wed Oct 29 18:14:28 UTC 2025
✅ Commit 9 on Wed Oct 29 18:14:28 UTC 2025
✅ Commit 10 on Wed Oct 29 18:14:28 UTC 2025
✅ Commit 11 on Wed Oct 29 18:14:29 UTC 2025
✅ Commit 12 on Wed Oct 29 18:14:29 UTC 2025
✅ Commit 1 on Thu Oct 30 02:04:31 UTC 2025
✅ Commit 2 on Thu Oct 30 02:04:31 UTC 2025
✅ Commit 3 on Thu Oct 30 02:04:31 UTC 2025
✅ Commit 4 on Thu Oct 30 02:04:31 UTC 2025
✅ Commit 5 on Thu Oct 30 02:04:31 UTC 2025
✅ Commit 6 on Thu Oct 30 02:04:31 UTC 2025
✅ Commit 7 on Thu Oct 30 02:04:31 UTC 2025
✅ Commit 8 on Thu Oct 30 02:04:31 UTC 2025
✅ Commit 9 on Thu Oct 30 02:04:31 UTC 2025
✅ Commit 10 on Thu Oct 30 02:04:31 UTC 2025
✅ Commit 11 on Thu Oct 30 02:04:31 UTC 2025
✅ Commit 12 on Thu Oct 30 02:04:31 UTC 2025
✅ Commit 1 on Thu Oct 30 06:31:12 UTC 2025
✅ Commit 2 on Thu Oct 30 06:31:12 UTC 2025
✅ Commit 3 on Thu Oct 30 06:31:12 UTC 2025
✅ Commit 4 on Thu Oct 30 06:31:12 UTC 2025
✅ Commit 5 on Thu Oct 30 06:31:12 UTC 2025
✅ Commit 6 on Thu Oct 30 06:31:12 UTC 2025
✅ Commit 7 on Thu Oct 30 06:31:13 UTC 2025
✅ Commit 8 on Thu Oct 30 06:31:13 UTC 2025
✅ Commit 9 on Thu Oct 30 06:31:13 UTC 2025
✅ Commit 10 on Thu Oct 30 06:31:13 UTC 2025
✅ Commit 11 on Thu Oct 30 06:31:13 UTC 2025
✅ Commit 12 on Thu Oct 30 06:31:13 UTC 2025
✅ Commit 1 on Thu Oct 30 12:53:09 UTC 2025
✅ Commit 2 on Thu Oct 30 12:53:09 UTC 2025
✅ Commit 3 on Thu Oct 30 12:53:09 UTC 2025
✅ Commit 4 on Thu Oct 30 12:53:09 UTC 2025
✅ Commit 5 on Thu Oct 30 12:53:09 UTC 2025
✅ Commit 6 on Thu Oct 30 12:53:09 UTC 2025
✅ Commit 7 on Thu Oct 30 12:53:09 UTC 2025
✅ Commit 8 on Thu Oct 30 12:53:09 UTC 2025
✅ Commit 9 on Thu Oct 30 12:53:09 UTC 2025
✅ Commit 10 on Thu Oct 30 12:53:09 UTC 2025
✅ Commit 11 on Thu Oct 30 12:53:09 UTC 2025
✅ Commit 12 on Thu Oct 30 12:53:09 UTC 2025
✅ Commit 1 on Thu Oct 30 18:13:44 UTC 2025
✅ Commit 2 on Thu Oct 30 18:13:44 UTC 2025
✅ Commit 3 on Thu Oct 30 18:13:44 UTC 2025
✅ Commit 4 on Thu Oct 30 18:13:44 UTC 2025
✅ Commit 5 on Thu Oct 30 18:13:44 UTC 2025
✅ Commit 6 on Thu Oct 30 18:13:44 UTC 2025
✅ Commit 7 on Thu Oct 30 18:13:45 UTC 2025
✅ Commit 8 on Thu Oct 30 18:13:45 UTC 2025
✅ Commit 9 on Thu Oct 30 18:13:45 UTC 2025
✅ Commit 10 on Thu Oct 30 18:13:45 UTC 2025
✅ Commit 11 on Thu Oct 30 18:13:45 UTC 2025
✅ Commit 12 on Thu Oct 30 18:13:45 UTC 2025
✅ Commit 1 on Fri Oct 31 02:01:45 UTC 2025
✅ Commit 2 on Fri Oct 31 02:01:45 UTC 2025
✅ Commit 3 on Fri Oct 31 02:01:45 UTC 2025
✅ Commit 4 on Fri Oct 31 02:01:45 UTC 2025
✅ Commit 5 on Fri Oct 31 02:01:45 UTC 2025
✅ Commit 6 on Fri Oct 31 02:01:45 UTC 2025
✅ Commit 7 on Fri Oct 31 02:01:45 UTC 2025
✅ Commit 8 on Fri Oct 31 02:01:45 UTC 2025
✅ Commit 9 on Fri Oct 31 02:01:45 UTC 2025
✅ Commit 10 on Fri Oct 31 02:01:45 UTC 2025
✅ Commit 11 on Fri Oct 31 02:01:45 UTC 2025
✅ Commit 12 on Fri Oct 31 02:01:45 UTC 2025
✅ Commit 1 on Fri Oct 31 06:31:39 UTC 2025
✅ Commit 2 on Fri Oct 31 06:31:39 UTC 2025
✅ Commit 3 on Fri Oct 31 06:31:39 UTC 2025
✅ Commit 4 on Fri Oct 31 06:31:39 UTC 2025
✅ Commit 5 on Fri Oct 31 06:31:39 UTC 2025
✅ Commit 6 on Fri Oct 31 06:31:39 UTC 2025
✅ Commit 7 on Fri Oct 31 06:31:39 UTC 2025
✅ Commit 8 on Fri Oct 31 06:31:39 UTC 2025
✅ Commit 9 on Fri Oct 31 06:31:39 UTC 2025
✅ Commit 10 on Fri Oct 31 06:31:39 UTC 2025
✅ Commit 11 on Fri Oct 31 06:31:39 UTC 2025
✅ Commit 12 on Fri Oct 31 06:31:39 UTC 2025
✅ Commit 1 on Fri Oct 31 12:52:38 UTC 2025
✅ Commit 2 on Fri Oct 31 12:52:38 UTC 2025
✅ Commit 3 on Fri Oct 31 12:52:38 UTC 2025
✅ Commit 4 on Fri Oct 31 12:52:38 UTC 2025
✅ Commit 5 on Fri Oct 31 12:52:38 UTC 2025
✅ Commit 6 on Fri Oct 31 12:52:38 UTC 2025
✅ Commit 7 on Fri Oct 31 12:52:38 UTC 2025
✅ Commit 8 on Fri Oct 31 12:52:38 UTC 2025
✅ Commit 9 on Fri Oct 31 12:52:38 UTC 2025
✅ Commit 10 on Fri Oct 31 12:52:38 UTC 2025
✅ Commit 11 on Fri Oct 31 12:52:38 UTC 2025
✅ Commit 12 on Fri Oct 31 12:52:38 UTC 2025
✅ Commit 1 on Fri Oct 31 18:14:24 UTC 2025
✅ Commit 2 on Fri Oct 31 18:14:24 UTC 2025
✅ Commit 3 on Fri Oct 31 18:14:24 UTC 2025
✅ Commit 4 on Fri Oct 31 18:14:24 UTC 2025
✅ Commit 5 on Fri Oct 31 18:14:24 UTC 2025
✅ Commit 6 on Fri Oct 31 18:14:24 UTC 2025
✅ Commit 7 on Fri Oct 31 18:14:24 UTC 2025
✅ Commit 8 on Fri Oct 31 18:14:24 UTC 2025
✅ Commit 9 on Fri Oct 31 18:14:24 UTC 2025
✅ Commit 10 on Fri Oct 31 18:14:24 UTC 2025
✅ Commit 11 on Fri Oct 31 18:14:24 UTC 2025
✅ Commit 12 on Fri Oct 31 18:14:24 UTC 2025
✅ Commit 1 on Sat Nov  1 02:05:15 UTC 2025
✅ Commit 2 on Sat Nov  1 02:05:15 UTC 2025
✅ Commit 3 on Sat Nov  1 02:05:15 UTC 2025
✅ Commit 4 on Sat Nov  1 02:05:15 UTC 2025
✅ Commit 5 on Sat Nov  1 02:05:15 UTC 2025
✅ Commit 6 on Sat Nov  1 02:05:15 UTC 2025
✅ Commit 7 on Sat Nov  1 02:05:15 UTC 2025
✅ Commit 8 on Sat Nov  1 02:05:16 UTC 2025
✅ Commit 9 on Sat Nov  1 02:05:16 UTC 2025
✅ Commit 10 on Sat Nov  1 02:05:16 UTC 2025
✅ Commit 11 on Sat Nov  1 02:05:16 UTC 2025
✅ Commit 12 on Sat Nov  1 02:05:16 UTC 2025
✅ Commit 1 on Sat Nov  1 06:28:00 UTC 2025
✅ Commit 2 on Sat Nov  1 06:28:00 UTC 2025
✅ Commit 3 on Sat Nov  1 06:28:00 UTC 2025
✅ Commit 4 on Sat Nov  1 06:28:00 UTC 2025
✅ Commit 5 on Sat Nov  1 06:28:00 UTC 2025
✅ Commit 6 on Sat Nov  1 06:28:00 UTC 2025
✅ Commit 7 on Sat Nov  1 06:28:00 UTC 2025
✅ Commit 8 on Sat Nov  1 06:28:00 UTC 2025
✅ Commit 9 on Sat Nov  1 06:28:00 UTC 2025
✅ Commit 10 on Sat Nov  1 06:28:00 UTC 2025
✅ Commit 11 on Sat Nov  1 06:28:00 UTC 2025
✅ Commit 12 on Sat Nov  1 06:28:00 UTC 2025
✅ Commit 1 on Sat Nov  1 12:46:15 UTC 2025
✅ Commit 2 on Sat Nov  1 12:46:15 UTC 2025
✅ Commit 3 on Sat Nov  1 12:46:15 UTC 2025
✅ Commit 4 on Sat Nov  1 12:46:15 UTC 2025
✅ Commit 5 on Sat Nov  1 12:46:15 UTC 2025
✅ Commit 6 on Sat Nov  1 12:46:15 UTC 2025
✅ Commit 7 on Sat Nov  1 12:46:16 UTC 2025
✅ Commit 8 on Sat Nov  1 12:46:16 UTC 2025
✅ Commit 9 on Sat Nov  1 12:46:16 UTC 2025
✅ Commit 10 on Sat Nov  1 12:46:16 UTC 2025
✅ Commit 11 on Sat Nov  1 12:46:16 UTC 2025
✅ Commit 12 on Sat Nov  1 12:46:16 UTC 2025
✅ Commit 1 on Sat Nov  1 18:11:23 UTC 2025
✅ Commit 2 on Sat Nov  1 18:11:23 UTC 2025
✅ Commit 3 on Sat Nov  1 18:11:23 UTC 2025
✅ Commit 4 on Sat Nov  1 18:11:23 UTC 2025
✅ Commit 5 on Sat Nov  1 18:11:23 UTC 2025
✅ Commit 6 on Sat Nov  1 18:11:23 UTC 2025
✅ Commit 7 on Sat Nov  1 18:11:23 UTC 2025
✅ Commit 8 on Sat Nov  1 18:11:23 UTC 2025
✅ Commit 9 on Sat Nov  1 18:11:23 UTC 2025
✅ Commit 10 on Sat Nov  1 18:11:23 UTC 2025
✅ Commit 11 on Sat Nov  1 18:11:23 UTC 2025
✅ Commit 12 on Sat Nov  1 18:11:23 UTC 2025
✅ Commit 1 on Sun Nov  2 02:08:04 UTC 2025
✅ Commit 2 on Sun Nov  2 02:08:04 UTC 2025
✅ Commit 3 on Sun Nov  2 02:08:04 UTC 2025
✅ Commit 4 on Sun Nov  2 02:08:04 UTC 2025
✅ Commit 5 on Sun Nov  2 02:08:04 UTC 2025
✅ Commit 6 on Sun Nov  2 02:08:04 UTC 2025
✅ Commit 7 on Sun Nov  2 02:08:04 UTC 2025
✅ Commit 8 on Sun Nov  2 02:08:04 UTC 2025
✅ Commit 9 on Sun Nov  2 02:08:04 UTC 2025
✅ Commit 10 on Sun Nov  2 02:08:04 UTC 2025
✅ Commit 11 on Sun Nov  2 02:08:04 UTC 2025
✅ Commit 12 on Sun Nov  2 02:08:04 UTC 2025
✅ Commit 1 on Sun Nov  2 06:29:46 UTC 2025
✅ Commit 2 on Sun Nov  2 06:29:46 UTC 2025
✅ Commit 3 on Sun Nov  2 06:29:46 UTC 2025
✅ Commit 4 on Sun Nov  2 06:29:46 UTC 2025
✅ Commit 5 on Sun Nov  2 06:29:46 UTC 2025
✅ Commit 6 on Sun Nov  2 06:29:46 UTC 2025
✅ Commit 7 on Sun Nov  2 06:29:46 UTC 2025
✅ Commit 8 on Sun Nov  2 06:29:46 UTC 2025
✅ Commit 9 on Sun Nov  2 06:29:46 UTC 2025
✅ Commit 10 on Sun Nov  2 06:29:46 UTC 2025
✅ Commit 11 on Sun Nov  2 06:29:46 UTC 2025
✅ Commit 12 on Sun Nov  2 06:29:46 UTC 2025
✅ Commit 1 on Sun Nov  2 12:45:27 UTC 2025
✅ Commit 2 on Sun Nov  2 12:45:27 UTC 2025
✅ Commit 3 on Sun Nov  2 12:45:27 UTC 2025
✅ Commit 4 on Sun Nov  2 12:45:27 UTC 2025
✅ Commit 5 on Sun Nov  2 12:45:27 UTC 2025
✅ Commit 6 on Sun Nov  2 12:45:27 UTC 2025
✅ Commit 7 on Sun Nov  2 12:45:27 UTC 2025
✅ Commit 8 on Sun Nov  2 12:45:27 UTC 2025
✅ Commit 9 on Sun Nov  2 12:45:27 UTC 2025
✅ Commit 10 on Sun Nov  2 12:45:27 UTC 2025
✅ Commit 11 on Sun Nov  2 12:45:27 UTC 2025
✅ Commit 12 on Sun Nov  2 12:45:27 UTC 2025
✅ Commit 1 on Sun Nov  2 18:11:09 UTC 2025
✅ Commit 2 on Sun Nov  2 18:11:09 UTC 2025
✅ Commit 3 on Sun Nov  2 18:11:09 UTC 2025
✅ Commit 4 on Sun Nov  2 18:11:09 UTC 2025
✅ Commit 5 on Sun Nov  2 18:11:09 UTC 2025
✅ Commit 6 on Sun Nov  2 18:11:10 UTC 2025
✅ Commit 7 on Sun Nov  2 18:11:10 UTC 2025
✅ Commit 8 on Sun Nov  2 18:11:10 UTC 2025
✅ Commit 9 on Sun Nov  2 18:11:10 UTC 2025
✅ Commit 10 on Sun Nov  2 18:11:10 UTC 2025
✅ Commit 11 on Sun Nov  2 18:11:10 UTC 2025
✅ Commit 12 on Sun Nov  2 18:11:10 UTC 2025
✅ Commit 1 on Mon Nov  3 02:07:06 UTC 2025
✅ Commit 2 on Mon Nov  3 02:07:06 UTC 2025
✅ Commit 3 on Mon Nov  3 02:07:06 UTC 2025
✅ Commit 4 on Mon Nov  3 02:07:07 UTC 2025
✅ Commit 5 on Mon Nov  3 02:07:07 UTC 2025
✅ Commit 6 on Mon Nov  3 02:07:07 UTC 2025
✅ Commit 7 on Mon Nov  3 02:07:07 UTC 2025
✅ Commit 8 on Mon Nov  3 02:07:07 UTC 2025
✅ Commit 9 on Mon Nov  3 02:07:07 UTC 2025
✅ Commit 10 on Mon Nov  3 02:07:07 UTC 2025
✅ Commit 11 on Mon Nov  3 02:07:07 UTC 2025
✅ Commit 12 on Mon Nov  3 02:07:07 UTC 2025
✅ Commit 1 on Mon Nov  3 06:33:30 UTC 2025
✅ Commit 2 on Mon Nov  3 06:33:30 UTC 2025
✅ Commit 3 on Mon Nov  3 06:33:30 UTC 2025
✅ Commit 4 on Mon Nov  3 06:33:30 UTC 2025
✅ Commit 5 on Mon Nov  3 06:33:30 UTC 2025
✅ Commit 6 on Mon Nov  3 06:33:30 UTC 2025
✅ Commit 7 on Mon Nov  3 06:33:30 UTC 2025
✅ Commit 8 on Mon Nov  3 06:33:30 UTC 2025
✅ Commit 9 on Mon Nov  3 06:33:30 UTC 2025
✅ Commit 10 on Mon Nov  3 06:33:30 UTC 2025
✅ Commit 11 on Mon Nov  3 06:33:30 UTC 2025
✅ Commit 12 on Mon Nov  3 06:33:30 UTC 2025
✅ Commit 1 on Mon Nov  3 12:53:45 UTC 2025
✅ Commit 2 on Mon Nov  3 12:53:45 UTC 2025
✅ Commit 3 on Mon Nov  3 12:53:45 UTC 2025
✅ Commit 4 on Mon Nov  3 12:53:45 UTC 2025
✅ Commit 5 on Mon Nov  3 12:53:45 UTC 2025
✅ Commit 6 on Mon Nov  3 12:53:45 UTC 2025
✅ Commit 7 on Mon Nov  3 12:53:45 UTC 2025
✅ Commit 8 on Mon Nov  3 12:53:45 UTC 2025
✅ Commit 9 on Mon Nov  3 12:53:45 UTC 2025
✅ Commit 10 on Mon Nov  3 12:53:45 UTC 2025
✅ Commit 11 on Mon Nov  3 12:53:45 UTC 2025
✅ Commit 12 on Mon Nov  3 12:53:45 UTC 2025
✅ Commit 1 on Mon Nov  3 18:13:55 UTC 2025
✅ Commit 2 on Mon Nov  3 18:13:55 UTC 2025
✅ Commit 3 on Mon Nov  3 18:13:55 UTC 2025
✅ Commit 4 on Mon Nov  3 18:13:55 UTC 2025
✅ Commit 5 on Mon Nov  3 18:13:55 UTC 2025
✅ Commit 6 on Mon Nov  3 18:13:55 UTC 2025
✅ Commit 7 on Mon Nov  3 18:13:55 UTC 2025
✅ Commit 8 on Mon Nov  3 18:13:55 UTC 2025
✅ Commit 9 on Mon Nov  3 18:13:55 UTC 2025
✅ Commit 10 on Mon Nov  3 18:13:55 UTC 2025
✅ Commit 11 on Mon Nov  3 18:13:55 UTC 2025
✅ Commit 12 on Mon Nov  3 18:13:55 UTC 2025
✅ Commit 1 on Tue Nov  4 02:02:19 UTC 2025
✅ Commit 2 on Tue Nov  4 02:02:19 UTC 2025
✅ Commit 3 on Tue Nov  4 02:02:19 UTC 2025
✅ Commit 4 on Tue Nov  4 02:02:19 UTC 2025
✅ Commit 5 on Tue Nov  4 02:02:19 UTC 2025
✅ Commit 6 on Tue Nov  4 02:02:19 UTC 2025
✅ Commit 7 on Tue Nov  4 02:02:19 UTC 2025
✅ Commit 8 on Tue Nov  4 02:02:19 UTC 2025
✅ Commit 9 on Tue Nov  4 02:02:19 UTC 2025
✅ Commit 10 on Tue Nov  4 02:02:19 UTC 2025
✅ Commit 11 on Tue Nov  4 02:02:19 UTC 2025
✅ Commit 12 on Tue Nov  4 02:02:19 UTC 2025
✅ Commit 1 on Tue Nov  4 06:32:53 UTC 2025
✅ Commit 2 on Tue Nov  4 06:32:53 UTC 2025
✅ Commit 3 on Tue Nov  4 06:32:53 UTC 2025
✅ Commit 4 on Tue Nov  4 06:32:53 UTC 2025
✅ Commit 5 on Tue Nov  4 06:32:53 UTC 2025
✅ Commit 6 on Tue Nov  4 06:32:53 UTC 2025
✅ Commit 7 on Tue Nov  4 06:32:53 UTC 2025
✅ Commit 8 on Tue Nov  4 06:32:53 UTC 2025
✅ Commit 9 on Tue Nov  4 06:32:53 UTC 2025
✅ Commit 10 on Tue Nov  4 06:32:53 UTC 2025
✅ Commit 11 on Tue Nov  4 06:32:53 UTC 2025
✅ Commit 12 on Tue Nov  4 06:32:53 UTC 2025
✅ Commit 1 on Tue Nov  4 12:56:08 UTC 2025
✅ Commit 2 on Tue Nov  4 12:56:08 UTC 2025
✅ Commit 3 on Tue Nov  4 12:56:08 UTC 2025
✅ Commit 4 on Tue Nov  4 12:56:08 UTC 2025
✅ Commit 5 on Tue Nov  4 12:56:08 UTC 2025
✅ Commit 6 on Tue Nov  4 12:56:08 UTC 2025
✅ Commit 7 on Tue Nov  4 12:56:08 UTC 2025
✅ Commit 8 on Tue Nov  4 12:56:08 UTC 2025
✅ Commit 9 on Tue Nov  4 12:56:08 UTC 2025
✅ Commit 10 on Tue Nov  4 12:56:08 UTC 2025
✅ Commit 11 on Tue Nov  4 12:56:08 UTC 2025
✅ Commit 12 on Tue Nov  4 12:56:08 UTC 2025
✅ Commit 1 on Tue Nov  4 18:14:06 UTC 2025
✅ Commit 2 on Tue Nov  4 18:14:06 UTC 2025
✅ Commit 3 on Tue Nov  4 18:14:06 UTC 2025
✅ Commit 4 on Tue Nov  4 18:14:06 UTC 2025
✅ Commit 5 on Tue Nov  4 18:14:06 UTC 2025
✅ Commit 6 on Tue Nov  4 18:14:06 UTC 2025
✅ Commit 7 on Tue Nov  4 18:14:06 UTC 2025
✅ Commit 8 on Tue Nov  4 18:14:06 UTC 2025
✅ Commit 9 on Tue Nov  4 18:14:06 UTC 2025
✅ Commit 10 on Tue Nov  4 18:14:06 UTC 2025
✅ Commit 11 on Tue Nov  4 18:14:06 UTC 2025
✅ Commit 12 on Tue Nov  4 18:14:06 UTC 2025
✅ Commit 1 on Wed Nov  5 02:03:40 UTC 2025
✅ Commit 2 on Wed Nov  5 02:03:40 UTC 2025
✅ Commit 3 on Wed Nov  5 02:03:40 UTC 2025
✅ Commit 4 on Wed Nov  5 02:03:40 UTC 2025
✅ Commit 5 on Wed Nov  5 02:03:40 UTC 2025
✅ Commit 6 on Wed Nov  5 02:03:40 UTC 2025
✅ Commit 7 on Wed Nov  5 02:03:40 UTC 2025
✅ Commit 8 on Wed Nov  5 02:03:40 UTC 2025
✅ Commit 9 on Wed Nov  5 02:03:40 UTC 2025
✅ Commit 10 on Wed Nov  5 02:03:40 UTC 2025
✅ Commit 11 on Wed Nov  5 02:03:40 UTC 2025
✅ Commit 12 on Wed Nov  5 02:03:40 UTC 2025
✅ Commit 1 on Wed Nov  5 06:32:09 UTC 2025
✅ Commit 2 on Wed Nov  5 06:32:09 UTC 2025
✅ Commit 3 on Wed Nov  5 06:32:09 UTC 2025
✅ Commit 4 on Wed Nov  5 06:32:09 UTC 2025
✅ Commit 5 on Wed Nov  5 06:32:09 UTC 2025
✅ Commit 6 on Wed Nov  5 06:32:09 UTC 2025
✅ Commit 7 on Wed Nov  5 06:32:09 UTC 2025
✅ Commit 8 on Wed Nov  5 06:32:09 UTC 2025
✅ Commit 9 on Wed Nov  5 06:32:09 UTC 2025
✅ Commit 10 on Wed Nov  5 06:32:09 UTC 2025
✅ Commit 11 on Wed Nov  5 06:32:09 UTC 2025
✅ Commit 12 on Wed Nov  5 06:32:09 UTC 2025
✅ Commit 1 on Wed Nov  5 12:53:46 UTC 2025
✅ Commit 2 on Wed Nov  5 12:53:46 UTC 2025
✅ Commit 3 on Wed Nov  5 12:53:46 UTC 2025
✅ Commit 4 on Wed Nov  5 12:53:46 UTC 2025
✅ Commit 5 on Wed Nov  5 12:53:46 UTC 2025
✅ Commit 6 on Wed Nov  5 12:53:46 UTC 2025
✅ Commit 7 on Wed Nov  5 12:53:46 UTC 2025
✅ Commit 8 on Wed Nov  5 12:53:46 UTC 2025
✅ Commit 9 on Wed Nov  5 12:53:46 UTC 2025
✅ Commit 10 on Wed Nov  5 12:53:46 UTC 2025
✅ Commit 11 on Wed Nov  5 12:53:46 UTC 2025
✅ Commit 12 on Wed Nov  5 12:53:46 UTC 2025
✅ Commit 1 on Wed Nov  5 18:13:52 UTC 2025
✅ Commit 2 on Wed Nov  5 18:13:52 UTC 2025
✅ Commit 3 on Wed Nov  5 18:13:52 UTC 2025
✅ Commit 4 on Wed Nov  5 18:13:52 UTC 2025
✅ Commit 5 on Wed Nov  5 18:13:52 UTC 2025
✅ Commit 6 on Wed Nov  5 18:13:52 UTC 2025
✅ Commit 7 on Wed Nov  5 18:13:52 UTC 2025
✅ Commit 8 on Wed Nov  5 18:13:52 UTC 2025
✅ Commit 9 on Wed Nov  5 18:13:52 UTC 2025
✅ Commit 10 on Wed Nov  5 18:13:52 UTC 2025
✅ Commit 11 on Wed Nov  5 18:13:52 UTC 2025
✅ Commit 12 on Wed Nov  5 18:13:52 UTC 2025
✅ Commit 1 on Thu Nov  6 02:03:39 UTC 2025
✅ Commit 2 on Thu Nov  6 02:03:39 UTC 2025
✅ Commit 3 on Thu Nov  6 02:03:39 UTC 2025
✅ Commit 4 on Thu Nov  6 02:03:39 UTC 2025
✅ Commit 5 on Thu Nov  6 02:03:39 UTC 2025
✅ Commit 6 on Thu Nov  6 02:03:39 UTC 2025
✅ Commit 7 on Thu Nov  6 02:03:39 UTC 2025
✅ Commit 8 on Thu Nov  6 02:03:39 UTC 2025
✅ Commit 9 on Thu Nov  6 02:03:39 UTC 2025
✅ Commit 10 on Thu Nov  6 02:03:39 UTC 2025
✅ Commit 11 on Thu Nov  6 02:03:39 UTC 2025
✅ Commit 12 on Thu Nov  6 02:03:39 UTC 2025
✅ Commit 1 on Thu Nov  6 06:32:41 UTC 2025
✅ Commit 2 on Thu Nov  6 06:32:41 UTC 2025
✅ Commit 3 on Thu Nov  6 06:32:41 UTC 2025
✅ Commit 4 on Thu Nov  6 06:32:41 UTC 2025
✅ Commit 5 on Thu Nov  6 06:32:41 UTC 2025
✅ Commit 6 on Thu Nov  6 06:32:41 UTC 2025
✅ Commit 7 on Thu Nov  6 06:32:41 UTC 2025
✅ Commit 8 on Thu Nov  6 06:32:41 UTC 2025
✅ Commit 9 on Thu Nov  6 06:32:41 UTC 2025
✅ Commit 10 on Thu Nov  6 06:32:41 UTC 2025
✅ Commit 11 on Thu Nov  6 06:32:41 UTC 2025
✅ Commit 12 on Thu Nov  6 06:32:41 UTC 2025
✅ Commit 1 on Thu Nov  6 12:53:11 UTC 2025
✅ Commit 2 on Thu Nov  6 12:53:11 UTC 2025
✅ Commit 3 on Thu Nov  6 12:53:11 UTC 2025
✅ Commit 4 on Thu Nov  6 12:53:11 UTC 2025
✅ Commit 5 on Thu Nov  6 12:53:11 UTC 2025
✅ Commit 6 on Thu Nov  6 12:53:11 UTC 2025
✅ Commit 7 on Thu Nov  6 12:53:11 UTC 2025
✅ Commit 8 on Thu Nov  6 12:53:12 UTC 2025
✅ Commit 9 on Thu Nov  6 12:53:12 UTC 2025
✅ Commit 10 on Thu Nov  6 12:53:12 UTC 2025
✅ Commit 11 on Thu Nov  6 12:53:12 UTC 2025
✅ Commit 12 on Thu Nov  6 12:53:12 UTC 2025
✅ Commit 1 on Thu Nov  6 18:14:34 UTC 2025
✅ Commit 2 on Thu Nov  6 18:14:34 UTC 2025
✅ Commit 3 on Thu Nov  6 18:14:34 UTC 2025
✅ Commit 4 on Thu Nov  6 18:14:34 UTC 2025
✅ Commit 5 on Thu Nov  6 18:14:34 UTC 2025
✅ Commit 6 on Thu Nov  6 18:14:34 UTC 2025
✅ Commit 7 on Thu Nov  6 18:14:34 UTC 2025
✅ Commit 8 on Thu Nov  6 18:14:34 UTC 2025
✅ Commit 9 on Thu Nov  6 18:14:34 UTC 2025
✅ Commit 10 on Thu Nov  6 18:14:34 UTC 2025
✅ Commit 11 on Thu Nov  6 18:14:34 UTC 2025
✅ Commit 12 on Thu Nov  6 18:14:34 UTC 2025
✅ Commit 1 on Fri Nov  7 02:02:08 UTC 2025
✅ Commit 2 on Fri Nov  7 02:02:08 UTC 2025
✅ Commit 3 on Fri Nov  7 02:02:08 UTC 2025
✅ Commit 4 on Fri Nov  7 02:02:08 UTC 2025
✅ Commit 5 on Fri Nov  7 02:02:08 UTC 2025
✅ Commit 6 on Fri Nov  7 02:02:08 UTC 2025
✅ Commit 7 on Fri Nov  7 02:02:08 UTC 2025
✅ Commit 8 on Fri Nov  7 02:02:08 UTC 2025
✅ Commit 9 on Fri Nov  7 02:02:08 UTC 2025
✅ Commit 10 on Fri Nov  7 02:02:08 UTC 2025
✅ Commit 11 on Fri Nov  7 02:02:08 UTC 2025
✅ Commit 12 on Fri Nov  7 02:02:08 UTC 2025
✅ Commit 1 on Fri Nov  7 06:32:25 UTC 2025
✅ Commit 2 on Fri Nov  7 06:32:25 UTC 2025
✅ Commit 3 on Fri Nov  7 06:32:25 UTC 2025
✅ Commit 4 on Fri Nov  7 06:32:25 UTC 2025
✅ Commit 5 on Fri Nov  7 06:32:25 UTC 2025
✅ Commit 6 on Fri Nov  7 06:32:25 UTC 2025
✅ Commit 7 on Fri Nov  7 06:32:25 UTC 2025
✅ Commit 8 on Fri Nov  7 06:32:25 UTC 2025
✅ Commit 9 on Fri Nov  7 06:32:25 UTC 2025
✅ Commit 10 on Fri Nov  7 06:32:25 UTC 2025
✅ Commit 11 on Fri Nov  7 06:32:25 UTC 2025
✅ Commit 12 on Fri Nov  7 06:32:25 UTC 2025
✅ Commit 1 on Fri Nov  7 12:52:08 UTC 2025
✅ Commit 2 on Fri Nov  7 12:52:08 UTC 2025
✅ Commit 3 on Fri Nov  7 12:52:08 UTC 2025
✅ Commit 4 on Fri Nov  7 12:52:08 UTC 2025
✅ Commit 5 on Fri Nov  7 12:52:08 UTC 2025
✅ Commit 6 on Fri Nov  7 12:52:08 UTC 2025
✅ Commit 7 on Fri Nov  7 12:52:09 UTC 2025
✅ Commit 8 on Fri Nov  7 12:52:09 UTC 2025
✅ Commit 9 on Fri Nov  7 12:52:09 UTC 2025
✅ Commit 10 on Fri Nov  7 12:52:09 UTC 2025
✅ Commit 11 on Fri Nov  7 12:52:09 UTC 2025
✅ Commit 12 on Fri Nov  7 12:52:09 UTC 2025
✅ Commit 1 on Fri Nov  7 18:13:44 UTC 2025
✅ Commit 2 on Fri Nov  7 18:13:44 UTC 2025
✅ Commit 3 on Fri Nov  7 18:13:44 UTC 2025
✅ Commit 4 on Fri Nov  7 18:13:44 UTC 2025
✅ Commit 5 on Fri Nov  7 18:13:44 UTC 2025
✅ Commit 6 on Fri Nov  7 18:13:44 UTC 2025
✅ Commit 7 on Fri Nov  7 18:13:44 UTC 2025
✅ Commit 8 on Fri Nov  7 18:13:44 UTC 2025
✅ Commit 9 on Fri Nov  7 18:13:44 UTC 2025
✅ Commit 10 on Fri Nov  7 18:13:44 UTC 2025
✅ Commit 11 on Fri Nov  7 18:13:44 UTC 2025
✅ Commit 12 on Fri Nov  7 18:13:44 UTC 2025
✅ Commit 1 on Sat Nov  8 01:55:47 UTC 2025
✅ Commit 2 on Sat Nov  8 01:55:47 UTC 2025
✅ Commit 3 on Sat Nov  8 01:55:47 UTC 2025
✅ Commit 4 on Sat Nov  8 01:55:47 UTC 2025
✅ Commit 5 on Sat Nov  8 01:55:47 UTC 2025
✅ Commit 6 on Sat Nov  8 01:55:47 UTC 2025
✅ Commit 7 on Sat Nov  8 01:55:47 UTC 2025
✅ Commit 8 on Sat Nov  8 01:55:47 UTC 2025
✅ Commit 9 on Sat Nov  8 01:55:47 UTC 2025
✅ Commit 10 on Sat Nov  8 01:55:47 UTC 2025
✅ Commit 11 on Sat Nov  8 01:55:47 UTC 2025
✅ Commit 12 on Sat Nov  8 01:55:47 UTC 2025
✅ Commit 1 on Sat Nov  8 06:28:34 UTC 2025
✅ Commit 2 on Sat Nov  8 06:28:34 UTC 2025
✅ Commit 3 on Sat Nov  8 06:28:34 UTC 2025
✅ Commit 4 on Sat Nov  8 06:28:34 UTC 2025
✅ Commit 5 on Sat Nov  8 06:28:34 UTC 2025
✅ Commit 6 on Sat Nov  8 06:28:34 UTC 2025
✅ Commit 7 on Sat Nov  8 06:28:34 UTC 2025
✅ Commit 8 on Sat Nov  8 06:28:34 UTC 2025
✅ Commit 9 on Sat Nov  8 06:28:34 UTC 2025
✅ Commit 10 on Sat Nov  8 06:28:34 UTC 2025
✅ Commit 11 on Sat Nov  8 06:28:34 UTC 2025
✅ Commit 12 on Sat Nov  8 06:28:34 UTC 2025
✅ Commit 1 on Sat Nov  8 12:46:17 UTC 2025
✅ Commit 2 on Sat Nov  8 12:46:17 UTC 2025
✅ Commit 3 on Sat Nov  8 12:46:17 UTC 2025
✅ Commit 4 on Sat Nov  8 12:46:17 UTC 2025
✅ Commit 5 on Sat Nov  8 12:46:17 UTC 2025
✅ Commit 6 on Sat Nov  8 12:46:17 UTC 2025
✅ Commit 7 on Sat Nov  8 12:46:17 UTC 2025
✅ Commit 8 on Sat Nov  8 12:46:17 UTC 2025
✅ Commit 9 on Sat Nov  8 12:46:17 UTC 2025
✅ Commit 10 on Sat Nov  8 12:46:17 UTC 2025
✅ Commit 11 on Sat Nov  8 12:46:17 UTC 2025
✅ Commit 12 on Sat Nov  8 12:46:17 UTC 2025
✅ Commit 1 on Sat Nov  8 18:11:55 UTC 2025
✅ Commit 2 on Sat Nov  8 18:11:55 UTC 2025
✅ Commit 3 on Sat Nov  8 18:11:55 UTC 2025
✅ Commit 4 on Sat Nov  8 18:11:55 UTC 2025
✅ Commit 5 on Sat Nov  8 18:11:55 UTC 2025
✅ Commit 6 on Sat Nov  8 18:11:55 UTC 2025
✅ Commit 7 on Sat Nov  8 18:11:55 UTC 2025
✅ Commit 8 on Sat Nov  8 18:11:55 UTC 2025
✅ Commit 9 on Sat Nov  8 18:11:55 UTC 2025
✅ Commit 10 on Sat Nov  8 18:11:55 UTC 2025
✅ Commit 11 on Sat Nov  8 18:11:55 UTC 2025
✅ Commit 12 on Sat Nov  8 18:11:55 UTC 2025
✅ Commit 1 on Sun Nov  9 02:06:55 UTC 2025
✅ Commit 2 on Sun Nov  9 02:06:55 UTC 2025
✅ Commit 3 on Sun Nov  9 02:06:55 UTC 2025
✅ Commit 4 on Sun Nov  9 02:06:55 UTC 2025
✅ Commit 5 on Sun Nov  9 02:06:55 UTC 2025
✅ Commit 6 on Sun Nov  9 02:06:55 UTC 2025
✅ Commit 7 on Sun Nov  9 02:06:55 UTC 2025
✅ Commit 8 on Sun Nov  9 02:06:55 UTC 2025
✅ Commit 9 on Sun Nov  9 02:06:55 UTC 2025
✅ Commit 10 on Sun Nov  9 02:06:55 UTC 2025
✅ Commit 11 on Sun Nov  9 02:06:55 UTC 2025
✅ Commit 12 on Sun Nov  9 02:06:55 UTC 2025
✅ Commit 1 on Sun Nov  9 06:29:02 UTC 2025
✅ Commit 2 on Sun Nov  9 06:29:02 UTC 2025
✅ Commit 3 on Sun Nov  9 06:29:02 UTC 2025
✅ Commit 4 on Sun Nov  9 06:29:02 UTC 2025
✅ Commit 5 on Sun Nov  9 06:29:02 UTC 2025
✅ Commit 6 on Sun Nov  9 06:29:02 UTC 2025
✅ Commit 7 on Sun Nov  9 06:29:02 UTC 2025
✅ Commit 8 on Sun Nov  9 06:29:02 UTC 2025
✅ Commit 9 on Sun Nov  9 06:29:02 UTC 2025
✅ Commit 10 on Sun Nov  9 06:29:02 UTC 2025
✅ Commit 11 on Sun Nov  9 06:29:02 UTC 2025
✅ Commit 12 on Sun Nov  9 06:29:02 UTC 2025
✅ Commit 1 on Sun Nov  9 12:46:35 UTC 2025
✅ Commit 2 on Sun Nov  9 12:46:35 UTC 2025
✅ Commit 3 on Sun Nov  9 12:46:35 UTC 2025
✅ Commit 4 on Sun Nov  9 12:46:35 UTC 2025
✅ Commit 5 on Sun Nov  9 12:46:35 UTC 2025
✅ Commit 6 on Sun Nov  9 12:46:35 UTC 2025
✅ Commit 7 on Sun Nov  9 12:46:35 UTC 2025
✅ Commit 8 on Sun Nov  9 12:46:35 UTC 2025
✅ Commit 9 on Sun Nov  9 12:46:35 UTC 2025
✅ Commit 10 on Sun Nov  9 12:46:35 UTC 2025
✅ Commit 11 on Sun Nov  9 12:46:35 UTC 2025
✅ Commit 12 on Sun Nov  9 12:46:35 UTC 2025
✅ Commit 1 on Sun Nov  9 18:11:56 UTC 2025
✅ Commit 2 on Sun Nov  9 18:11:56 UTC 2025
✅ Commit 3 on Sun Nov  9 18:11:56 UTC 2025
✅ Commit 4 on Sun Nov  9 18:11:56 UTC 2025
✅ Commit 5 on Sun Nov  9 18:11:56 UTC 2025
✅ Commit 6 on Sun Nov  9 18:11:56 UTC 2025
✅ Commit 7 on Sun Nov  9 18:11:56 UTC 2025
✅ Commit 8 on Sun Nov  9 18:11:56 UTC 2025
✅ Commit 9 on Sun Nov  9 18:11:56 UTC 2025
✅ Commit 10 on Sun Nov  9 18:11:56 UTC 2025
✅ Commit 11 on Sun Nov  9 18:11:56 UTC 2025
✅ Commit 12 on Sun Nov  9 18:11:56 UTC 2025
✅ Commit 1 on Mon Nov 10 02:08:13 UTC 2025
✅ Commit 2 on Mon Nov 10 02:08:13 UTC 2025
✅ Commit 3 on Mon Nov 10 02:08:13 UTC 2025
✅ Commit 4 on Mon Nov 10 02:08:13 UTC 2025
✅ Commit 5 on Mon Nov 10 02:08:13 UTC 2025
✅ Commit 6 on Mon Nov 10 02:08:13 UTC 2025
✅ Commit 7 on Mon Nov 10 02:08:13 UTC 2025
✅ Commit 8 on Mon Nov 10 02:08:13 UTC 2025
✅ Commit 9 on Mon Nov 10 02:08:13 UTC 2025
✅ Commit 10 on Mon Nov 10 02:08:13 UTC 2025
✅ Commit 11 on Mon Nov 10 02:08:13 UTC 2025
✅ Commit 12 on Mon Nov 10 02:08:13 UTC 2025
✅ Commit 1 on Mon Nov 10 06:34:15 UTC 2025
✅ Commit 2 on Mon Nov 10 06:34:15 UTC 2025
✅ Commit 3 on Mon Nov 10 06:34:15 UTC 2025
✅ Commit 4 on Mon Nov 10 06:34:15 UTC 2025
✅ Commit 5 on Mon Nov 10 06:34:15 UTC 2025
✅ Commit 6 on Mon Nov 10 06:34:15 UTC 2025
✅ Commit 7 on Mon Nov 10 06:34:15 UTC 2025
✅ Commit 8 on Mon Nov 10 06:34:15 UTC 2025
✅ Commit 9 on Mon Nov 10 06:34:15 UTC 2025
✅ Commit 10 on Mon Nov 10 06:34:15 UTC 2025
✅ Commit 11 on Mon Nov 10 06:34:15 UTC 2025
✅ Commit 12 on Mon Nov 10 06:34:15 UTC 2025
✅ Commit 1 on Mon Nov 10 12:54:35 UTC 2025
✅ Commit 2 on Mon Nov 10 12:54:35 UTC 2025
✅ Commit 3 on Mon Nov 10 12:54:35 UTC 2025
✅ Commit 4 on Mon Nov 10 12:54:35 UTC 2025
✅ Commit 5 on Mon Nov 10 12:54:35 UTC 2025
✅ Commit 6 on Mon Nov 10 12:54:35 UTC 2025
✅ Commit 7 on Mon Nov 10 12:54:35 UTC 2025
✅ Commit 8 on Mon Nov 10 12:54:35 UTC 2025
✅ Commit 9 on Mon Nov 10 12:54:35 UTC 2025
✅ Commit 10 on Mon Nov 10 12:54:35 UTC 2025
✅ Commit 11 on Mon Nov 10 12:54:35 UTC 2025
✅ Commit 12 on Mon Nov 10 12:54:35 UTC 2025
✅ Commit 1 on Mon Nov 10 18:14:06 UTC 2025
✅ Commit 2 on Mon Nov 10 18:14:06 UTC 2025
✅ Commit 3 on Mon Nov 10 18:14:06 UTC 2025
✅ Commit 4 on Mon Nov 10 18:14:06 UTC 2025
✅ Commit 5 on Mon Nov 10 18:14:06 UTC 2025
✅ Commit 6 on Mon Nov 10 18:14:06 UTC 2025
✅ Commit 7 on Mon Nov 10 18:14:06 UTC 2025
✅ Commit 8 on Mon Nov 10 18:14:06 UTC 2025
✅ Commit 9 on Mon Nov 10 18:14:06 UTC 2025
✅ Commit 10 on Mon Nov 10 18:14:06 UTC 2025
✅ Commit 11 on Mon Nov 10 18:14:06 UTC 2025
✅ Commit 12 on Mon Nov 10 18:14:06 UTC 2025
✅ Commit 1 on Tue Nov 11 02:04:18 UTC 2025
✅ Commit 2 on Tue Nov 11 02:04:18 UTC 2025
✅ Commit 3 on Tue Nov 11 02:04:18 UTC 2025
✅ Commit 4 on Tue Nov 11 02:04:18 UTC 2025
✅ Commit 5 on Tue Nov 11 02:04:18 UTC 2025
✅ Commit 6 on Tue Nov 11 02:04:18 UTC 2025
✅ Commit 7 on Tue Nov 11 02:04:18 UTC 2025
✅ Commit 8 on Tue Nov 11 02:04:18 UTC 2025
✅ Commit 9 on Tue Nov 11 02:04:18 UTC 2025
✅ Commit 10 on Tue Nov 11 02:04:18 UTC 2025
✅ Commit 11 on Tue Nov 11 02:04:18 UTC 2025
✅ Commit 12 on Tue Nov 11 02:04:18 UTC 2025
✅ Commit 1 on Tue Nov 11 06:33:07 UTC 2025
✅ Commit 2 on Tue Nov 11 06:33:07 UTC 2025
✅ Commit 3 on Tue Nov 11 06:33:07 UTC 2025
✅ Commit 4 on Tue Nov 11 06:33:07 UTC 2025
✅ Commit 5 on Tue Nov 11 06:33:07 UTC 2025
✅ Commit 6 on Tue Nov 11 06:33:07 UTC 2025
✅ Commit 7 on Tue Nov 11 06:33:07 UTC 2025
✅ Commit 8 on Tue Nov 11 06:33:07 UTC 2025
✅ Commit 9 on Tue Nov 11 06:33:07 UTC 2025
✅ Commit 10 on Tue Nov 11 06:33:07 UTC 2025
✅ Commit 11 on Tue Nov 11 06:33:07 UTC 2025
✅ Commit 12 on Tue Nov 11 06:33:07 UTC 2025
✅ Commit 1 on Tue Nov 11 12:53:02 UTC 2025
✅ Commit 2 on Tue Nov 11 12:53:02 UTC 2025
✅ Commit 3 on Tue Nov 11 12:53:02 UTC 2025
✅ Commit 4 on Tue Nov 11 12:53:02 UTC 2025
✅ Commit 5 on Tue Nov 11 12:53:02 UTC 2025
✅ Commit 6 on Tue Nov 11 12:53:02 UTC 2025
✅ Commit 7 on Tue Nov 11 12:53:02 UTC 2025
✅ Commit 8 on Tue Nov 11 12:53:02 UTC 2025
✅ Commit 9 on Tue Nov 11 12:53:02 UTC 2025
✅ Commit 10 on Tue Nov 11 12:53:02 UTC 2025
✅ Commit 11 on Tue Nov 11 12:53:02 UTC 2025
✅ Commit 12 on Tue Nov 11 12:53:02 UTC 2025
✅ Commit 1 on Tue Nov 11 18:13:56 UTC 2025
✅ Commit 2 on Tue Nov 11 18:13:56 UTC 2025
✅ Commit 3 on Tue Nov 11 18:13:56 UTC 2025
✅ Commit 4 on Tue Nov 11 18:13:56 UTC 2025
✅ Commit 5 on Tue Nov 11 18:13:56 UTC 2025
✅ Commit 6 on Tue Nov 11 18:13:56 UTC 2025
✅ Commit 7 on Tue Nov 11 18:13:56 UTC 2025
✅ Commit 8 on Tue Nov 11 18:13:56 UTC 2025
✅ Commit 9 on Tue Nov 11 18:13:57 UTC 2025
✅ Commit 10 on Tue Nov 11 18:13:57 UTC 2025
✅ Commit 11 on Tue Nov 11 18:13:57 UTC 2025
✅ Commit 12 on Tue Nov 11 18:13:57 UTC 2025
✅ Commit 1 on Wed Nov 12 02:03:15 UTC 2025
✅ Commit 2 on Wed Nov 12 02:03:15 UTC 2025
✅ Commit 3 on Wed Nov 12 02:03:15 UTC 2025
✅ Commit 4 on Wed Nov 12 02:03:15 UTC 2025
✅ Commit 5 on Wed Nov 12 02:03:15 UTC 2025
✅ Commit 6 on Wed Nov 12 02:03:15 UTC 2025
✅ Commit 7 on Wed Nov 12 02:03:15 UTC 2025
✅ Commit 8 on Wed Nov 12 02:03:15 UTC 2025
✅ Commit 9 on Wed Nov 12 02:03:15 UTC 2025
✅ Commit 10 on Wed Nov 12 02:03:15 UTC 2025
✅ Commit 11 on Wed Nov 12 02:03:15 UTC 2025
✅ Commit 12 on Wed Nov 12 02:03:15 UTC 2025
✅ Commit 1 on Wed Nov 12 06:32:55 UTC 2025
✅ Commit 2 on Wed Nov 12 06:32:55 UTC 2025
✅ Commit 3 on Wed Nov 12 06:32:55 UTC 2025
✅ Commit 4 on Wed Nov 12 06:32:55 UTC 2025
✅ Commit 5 on Wed Nov 12 06:32:55 UTC 2025
✅ Commit 6 on Wed Nov 12 06:32:55 UTC 2025
✅ Commit 7 on Wed Nov 12 06:32:56 UTC 2025
✅ Commit 8 on Wed Nov 12 06:32:56 UTC 2025
✅ Commit 9 on Wed Nov 12 06:32:56 UTC 2025
✅ Commit 10 on Wed Nov 12 06:32:56 UTC 2025
✅ Commit 11 on Wed Nov 12 06:32:56 UTC 2025
✅ Commit 12 on Wed Nov 12 06:32:56 UTC 2025
✅ Commit 1 on Wed Nov 12 12:54:57 UTC 2025
✅ Commit 2 on Wed Nov 12 12:54:57 UTC 2025
✅ Commit 3 on Wed Nov 12 12:54:57 UTC 2025
✅ Commit 4 on Wed Nov 12 12:54:57 UTC 2025
✅ Commit 5 on Wed Nov 12 12:54:57 UTC 2025
✅ Commit 6 on Wed Nov 12 12:54:57 UTC 2025
✅ Commit 7 on Wed Nov 12 12:54:57 UTC 2025
✅ Commit 8 on Wed Nov 12 12:54:57 UTC 2025
✅ Commit 9 on Wed Nov 12 12:54:57 UTC 2025
✅ Commit 10 on Wed Nov 12 12:54:57 UTC 2025
✅ Commit 11 on Wed Nov 12 12:54:57 UTC 2025
✅ Commit 12 on Wed Nov 12 12:54:57 UTC 2025
✅ Commit 1 on Wed Nov 12 18:14:20 UTC 2025
✅ Commit 2 on Wed Nov 12 18:14:20 UTC 2025
✅ Commit 3 on Wed Nov 12 18:14:20 UTC 2025
✅ Commit 4 on Wed Nov 12 18:14:20 UTC 2025
✅ Commit 5 on Wed Nov 12 18:14:20 UTC 2025
✅ Commit 6 on Wed Nov 12 18:14:20 UTC 2025
✅ Commit 7 on Wed Nov 12 18:14:20 UTC 2025
✅ Commit 8 on Wed Nov 12 18:14:20 UTC 2025
✅ Commit 9 on Wed Nov 12 18:14:20 UTC 2025
✅ Commit 10 on Wed Nov 12 18:14:20 UTC 2025
✅ Commit 11 on Wed Nov 12 18:14:20 UTC 2025
✅ Commit 12 on Wed Nov 12 18:14:20 UTC 2025
✅ Commit 1 on Thu Nov 13 02:05:31 UTC 2025
✅ Commit 2 on Thu Nov 13 02:05:31 UTC 2025
✅ Commit 3 on Thu Nov 13 02:05:31 UTC 2025
✅ Commit 4 on Thu Nov 13 02:05:31 UTC 2025
✅ Commit 5 on Thu Nov 13 02:05:31 UTC 2025
✅ Commit 6 on Thu Nov 13 02:05:31 UTC 2025
✅ Commit 7 on Thu Nov 13 02:05:31 UTC 2025
✅ Commit 8 on Thu Nov 13 02:05:32 UTC 2025
✅ Commit 9 on Thu Nov 13 02:05:32 UTC 2025
✅ Commit 10 on Thu Nov 13 02:05:32 UTC 2025
✅ Commit 11 on Thu Nov 13 02:05:32 UTC 2025
✅ Commit 12 on Thu Nov 13 02:05:32 UTC 2025
✅ Commit 1 on Thu Nov 13 06:33:03 UTC 2025
✅ Commit 2 on Thu Nov 13 06:33:03 UTC 2025
✅ Commit 3 on Thu Nov 13 06:33:03 UTC 2025
✅ Commit 4 on Thu Nov 13 06:33:03 UTC 2025
✅ Commit 5 on Thu Nov 13 06:33:03 UTC 2025
✅ Commit 6 on Thu Nov 13 06:33:03 UTC 2025
✅ Commit 7 on Thu Nov 13 06:33:03 UTC 2025
✅ Commit 8 on Thu Nov 13 06:33:03 UTC 2025
✅ Commit 9 on Thu Nov 13 06:33:03 UTC 2025
✅ Commit 10 on Thu Nov 13 06:33:03 UTC 2025
✅ Commit 11 on Thu Nov 13 06:33:03 UTC 2025
✅ Commit 12 on Thu Nov 13 06:33:03 UTC 2025
✅ Commit 1 on Thu Nov 13 12:55:12 UTC 2025
✅ Commit 2 on Thu Nov 13 12:55:12 UTC 2025
✅ Commit 3 on Thu Nov 13 12:55:12 UTC 2025
✅ Commit 4 on Thu Nov 13 12:55:12 UTC 2025
✅ Commit 5 on Thu Nov 13 12:55:12 UTC 2025
✅ Commit 6 on Thu Nov 13 12:55:12 UTC 2025
✅ Commit 7 on Thu Nov 13 12:55:12 UTC 2025
✅ Commit 8 on Thu Nov 13 12:55:12 UTC 2025
✅ Commit 9 on Thu Nov 13 12:55:12 UTC 2025
✅ Commit 10 on Thu Nov 13 12:55:12 UTC 2025
✅ Commit 11 on Thu Nov 13 12:55:12 UTC 2025
✅ Commit 12 on Thu Nov 13 12:55:12 UTC 2025
✅ Commit 1 on Thu Nov 13 18:14:13 UTC 2025
✅ Commit 2 on Thu Nov 13 18:14:13 UTC 2025
✅ Commit 3 on Thu Nov 13 18:14:13 UTC 2025
✅ Commit 4 on Thu Nov 13 18:14:13 UTC 2025
✅ Commit 5 on Thu Nov 13 18:14:13 UTC 2025
✅ Commit 6 on Thu Nov 13 18:14:13 UTC 2025
✅ Commit 7 on Thu Nov 13 18:14:13 UTC 2025
✅ Commit 8 on Thu Nov 13 18:14:13 UTC 2025
✅ Commit 9 on Thu Nov 13 18:14:13 UTC 2025
✅ Commit 10 on Thu Nov 13 18:14:13 UTC 2025
✅ Commit 11 on Thu Nov 13 18:14:13 UTC 2025
✅ Commit 12 on Thu Nov 13 18:14:13 UTC 2025
✅ Commit 1 on Fri Nov 14 02:03:58 UTC 2025
✅ Commit 2 on Fri Nov 14 02:03:58 UTC 2025
✅ Commit 3 on Fri Nov 14 02:03:58 UTC 2025
✅ Commit 4 on Fri Nov 14 02:03:58 UTC 2025
✅ Commit 5 on Fri Nov 14 02:03:58 UTC 2025
✅ Commit 6 on Fri Nov 14 02:03:58 UTC 2025
✅ Commit 7 on Fri Nov 14 02:03:58 UTC 2025
✅ Commit 8 on Fri Nov 14 02:03:58 UTC 2025
✅ Commit 9 on Fri Nov 14 02:03:58 UTC 2025
✅ Commit 10 on Fri Nov 14 02:03:58 UTC 2025
✅ Commit 11 on Fri Nov 14 02:03:58 UTC 2025
✅ Commit 12 on Fri Nov 14 02:03:58 UTC 2025
✅ Commit 1 on Fri Nov 14 06:32:42 UTC 2025
✅ Commit 2 on Fri Nov 14 06:32:42 UTC 2025
✅ Commit 3 on Fri Nov 14 06:32:42 UTC 2025
✅ Commit 4 on Fri Nov 14 06:32:42 UTC 2025
✅ Commit 5 on Fri Nov 14 06:32:42 UTC 2025
✅ Commit 6 on Fri Nov 14 06:32:42 UTC 2025
✅ Commit 7 on Fri Nov 14 06:32:42 UTC 2025
✅ Commit 8 on Fri Nov 14 06:32:42 UTC 2025
✅ Commit 9 on Fri Nov 14 06:32:42 UTC 2025
✅ Commit 10 on Fri Nov 14 06:32:42 UTC 2025
✅ Commit 11 on Fri Nov 14 06:32:42 UTC 2025
✅ Commit 12 on Fri Nov 14 06:32:42 UTC 2025
✅ Commit 1 on Fri Nov 14 12:52:55 UTC 2025
✅ Commit 2 on Fri Nov 14 12:52:55 UTC 2025
✅ Commit 3 on Fri Nov 14 12:52:55 UTC 2025
✅ Commit 4 on Fri Nov 14 12:52:55 UTC 2025
✅ Commit 5 on Fri Nov 14 12:52:55 UTC 2025
✅ Commit 6 on Fri Nov 14 12:52:55 UTC 2025
✅ Commit 7 on Fri Nov 14 12:52:55 UTC 2025
✅ Commit 8 on Fri Nov 14 12:52:55 UTC 2025
✅ Commit 9 on Fri Nov 14 12:52:55 UTC 2025
✅ Commit 10 on Fri Nov 14 12:52:55 UTC 2025
✅ Commit 11 on Fri Nov 14 12:52:55 UTC 2025
✅ Commit 12 on Fri Nov 14 12:52:55 UTC 2025
✅ Commit 1 on Fri Nov 14 18:13:52 UTC 2025
✅ Commit 2 on Fri Nov 14 18:13:52 UTC 2025
✅ Commit 3 on Fri Nov 14 18:13:52 UTC 2025
✅ Commit 4 on Fri Nov 14 18:13:52 UTC 2025
✅ Commit 5 on Fri Nov 14 18:13:52 UTC 2025
✅ Commit 6 on Fri Nov 14 18:13:52 UTC 2025
✅ Commit 7 on Fri Nov 14 18:13:52 UTC 2025
✅ Commit 8 on Fri Nov 14 18:13:52 UTC 2025
✅ Commit 9 on Fri Nov 14 18:13:52 UTC 2025
✅ Commit 10 on Fri Nov 14 18:13:52 UTC 2025
✅ Commit 11 on Fri Nov 14 18:13:52 UTC 2025
✅ Commit 12 on Fri Nov 14 18:13:52 UTC 2025
✅ Commit 1 on Sat Nov 15 01:59:45 UTC 2025
✅ Commit 2 on Sat Nov 15 01:59:45 UTC 2025
✅ Commit 3 on Sat Nov 15 01:59:45 UTC 2025
✅ Commit 4 on Sat Nov 15 01:59:45 UTC 2025
✅ Commit 5 on Sat Nov 15 01:59:45 UTC 2025
✅ Commit 6 on Sat Nov 15 01:59:45 UTC 2025
✅ Commit 7 on Sat Nov 15 01:59:45 UTC 2025
✅ Commit 8 on Sat Nov 15 01:59:45 UTC 2025
✅ Commit 9 on Sat Nov 15 01:59:45 UTC 2025
✅ Commit 10 on Sat Nov 15 01:59:45 UTC 2025
✅ Commit 11 on Sat Nov 15 01:59:45 UTC 2025
✅ Commit 12 on Sat Nov 15 01:59:45 UTC 2025
✅ Commit 1 on Sat Nov 15 06:29:14 UTC 2025
✅ Commit 2 on Sat Nov 15 06:29:14 UTC 2025
✅ Commit 3 on Sat Nov 15 06:29:14 UTC 2025
✅ Commit 4 on Sat Nov 15 06:29:14 UTC 2025
✅ Commit 5 on Sat Nov 15 06:29:14 UTC 2025
✅ Commit 6 on Sat Nov 15 06:29:14 UTC 2025
✅ Commit 7 on Sat Nov 15 06:29:14 UTC 2025
✅ Commit 8 on Sat Nov 15 06:29:14 UTC 2025
✅ Commit 9 on Sat Nov 15 06:29:14 UTC 2025
✅ Commit 10 on Sat Nov 15 06:29:14 UTC 2025
✅ Commit 11 on Sat Nov 15 06:29:14 UTC 2025
✅ Commit 12 on Sat Nov 15 06:29:14 UTC 2025
✅ Commit 1 on Sat Nov 15 12:47:31 UTC 2025
✅ Commit 2 on Sat Nov 15 12:47:31 UTC 2025
✅ Commit 3 on Sat Nov 15 12:47:31 UTC 2025
✅ Commit 4 on Sat Nov 15 12:47:31 UTC 2025
✅ Commit 5 on Sat Nov 15 12:47:31 UTC 2025
✅ Commit 6 on Sat Nov 15 12:47:31 UTC 2025
✅ Commit 7 on Sat Nov 15 12:47:31 UTC 2025
✅ Commit 8 on Sat Nov 15 12:47:31 UTC 2025
✅ Commit 9 on Sat Nov 15 12:47:31 UTC 2025
✅ Commit 10 on Sat Nov 15 12:47:31 UTC 2025
✅ Commit 11 on Sat Nov 15 12:47:31 UTC 2025
✅ Commit 12 on Sat Nov 15 12:47:31 UTC 2025
✅ Commit 1 on Sat Nov 15 18:12:01 UTC 2025
✅ Commit 2 on Sat Nov 15 18:12:01 UTC 2025
✅ Commit 3 on Sat Nov 15 18:12:01 UTC 2025
✅ Commit 4 on Sat Nov 15 18:12:01 UTC 2025
✅ Commit 5 on Sat Nov 15 18:12:01 UTC 2025
✅ Commit 6 on Sat Nov 15 18:12:01 UTC 2025
✅ Commit 7 on Sat Nov 15 18:12:01 UTC 2025
✅ Commit 8 on Sat Nov 15 18:12:01 UTC 2025
✅ Commit 9 on Sat Nov 15 18:12:01 UTC 2025
✅ Commit 10 on Sat Nov 15 18:12:01 UTC 2025
✅ Commit 11 on Sat Nov 15 18:12:01 UTC 2025
✅ Commit 12 on Sat Nov 15 18:12:01 UTC 2025
✅ Commit 1 on Sun Nov 16 02:09:57 UTC 2025
✅ Commit 2 on Sun Nov 16 02:09:57 UTC 2025
✅ Commit 3 on Sun Nov 16 02:09:57 UTC 2025
✅ Commit 4 on Sun Nov 16 02:09:57 UTC 2025
✅ Commit 5 on Sun Nov 16 02:09:57 UTC 2025
✅ Commit 6 on Sun Nov 16 02:09:58 UTC 2025
✅ Commit 7 on Sun Nov 16 02:09:58 UTC 2025
✅ Commit 8 on Sun Nov 16 02:09:58 UTC 2025
✅ Commit 9 on Sun Nov 16 02:09:58 UTC 2025
✅ Commit 10 on Sun Nov 16 02:09:58 UTC 2025
✅ Commit 11 on Sun Nov 16 02:09:58 UTC 2025
✅ Commit 12 on Sun Nov 16 02:09:58 UTC 2025
✅ Commit 1 on Sun Nov 16 06:30:14 UTC 2025
✅ Commit 2 on Sun Nov 16 06:30:14 UTC 2025
✅ Commit 3 on Sun Nov 16 06:30:14 UTC 2025
✅ Commit 4 on Sun Nov 16 06:30:14 UTC 2025
✅ Commit 5 on Sun Nov 16 06:30:14 UTC 2025
✅ Commit 6 on Sun Nov 16 06:30:14 UTC 2025
✅ Commit 7 on Sun Nov 16 06:30:14 UTC 2025
✅ Commit 8 on Sun Nov 16 06:30:14 UTC 2025
✅ Commit 9 on Sun Nov 16 06:30:14 UTC 2025
✅ Commit 10 on Sun Nov 16 06:30:14 UTC 2025
✅ Commit 11 on Sun Nov 16 06:30:14 UTC 2025
✅ Commit 12 on Sun Nov 16 06:30:14 UTC 2025
✅ Commit 1 on Sun Nov 16 12:47:08 UTC 2025
✅ Commit 2 on Sun Nov 16 12:47:08 UTC 2025
✅ Commit 3 on Sun Nov 16 12:47:08 UTC 2025
✅ Commit 4 on Sun Nov 16 12:47:08 UTC 2025
✅ Commit 5 on Sun Nov 16 12:47:08 UTC 2025
✅ Commit 6 on Sun Nov 16 12:47:08 UTC 2025
✅ Commit 7 on Sun Nov 16 12:47:08 UTC 2025
✅ Commit 8 on Sun Nov 16 12:47:08 UTC 2025
✅ Commit 9 on Sun Nov 16 12:47:08 UTC 2025
✅ Commit 10 on Sun Nov 16 12:47:08 UTC 2025
✅ Commit 11 on Sun Nov 16 12:47:08 UTC 2025
✅ Commit 12 on Sun Nov 16 12:47:08 UTC 2025
✅ Commit 1 on Sun Nov 16 18:12:50 UTC 2025
✅ Commit 2 on Sun Nov 16 18:12:50 UTC 2025
✅ Commit 3 on Sun Nov 16 18:12:50 UTC 2025
✅ Commit 4 on Sun Nov 16 18:12:50 UTC 2025
✅ Commit 5 on Sun Nov 16 18:12:50 UTC 2025
✅ Commit 6 on Sun Nov 16 18:12:50 UTC 2025
✅ Commit 7 on Sun Nov 16 18:12:50 UTC 2025
✅ Commit 8 on Sun Nov 16 18:12:50 UTC 2025
✅ Commit 9 on Sun Nov 16 18:12:50 UTC 2025
✅ Commit 10 on Sun Nov 16 18:12:50 UTC 2025
✅ Commit 11 on Sun Nov 16 18:12:50 UTC 2025
✅ Commit 12 on Sun Nov 16 18:12:50 UTC 2025
✅ Commit 1 on Mon Nov 17 02:05:01 UTC 2025
✅ Commit 2 on Mon Nov 17 02:05:01 UTC 2025
✅ Commit 3 on Mon Nov 17 02:05:01 UTC 2025
✅ Commit 4 on Mon Nov 17 02:05:01 UTC 2025
✅ Commit 5 on Mon Nov 17 02:05:01 UTC 2025
✅ Commit 6 on Mon Nov 17 02:05:01 UTC 2025
✅ Commit 7 on Mon Nov 17 02:05:01 UTC 2025
✅ Commit 8 on Mon Nov 17 02:05:01 UTC 2025
✅ Commit 9 on Mon Nov 17 02:05:01 UTC 2025
✅ Commit 10 on Mon Nov 17 02:05:01 UTC 2025
✅ Commit 11 on Mon Nov 17 02:05:01 UTC 2025
✅ Commit 12 on Mon Nov 17 02:05:01 UTC 2025
✅ Commit 1 on Mon Nov 17 06:33:29 UTC 2025
✅ Commit 2 on Mon Nov 17 06:33:29 UTC 2025
✅ Commit 3 on Mon Nov 17 06:33:29 UTC 2025
✅ Commit 4 on Mon Nov 17 06:33:29 UTC 2025
✅ Commit 5 on Mon Nov 17 06:33:29 UTC 2025
✅ Commit 6 on Mon Nov 17 06:33:29 UTC 2025
✅ Commit 7 on Mon Nov 17 06:33:29 UTC 2025
✅ Commit 8 on Mon Nov 17 06:33:29 UTC 2025
✅ Commit 9 on Mon Nov 17 06:33:29 UTC 2025
✅ Commit 10 on Mon Nov 17 06:33:29 UTC 2025
✅ Commit 11 on Mon Nov 17 06:33:29 UTC 2025
✅ Commit 12 on Mon Nov 17 06:33:29 UTC 2025
✅ Commit 1 on Mon Nov 17 12:53:43 UTC 2025
✅ Commit 2 on Mon Nov 17 12:53:43 UTC 2025
✅ Commit 3 on Mon Nov 17 12:53:43 UTC 2025
✅ Commit 4 on Mon Nov 17 12:53:43 UTC 2025
✅ Commit 5 on Mon Nov 17 12:53:43 UTC 2025
✅ Commit 6 on Mon Nov 17 12:53:43 UTC 2025
✅ Commit 7 on Mon Nov 17 12:53:43 UTC 2025
✅ Commit 8 on Mon Nov 17 12:53:43 UTC 2025
✅ Commit 9 on Mon Nov 17 12:53:43 UTC 2025
✅ Commit 10 on Mon Nov 17 12:53:43 UTC 2025
✅ Commit 11 on Mon Nov 17 12:53:43 UTC 2025
✅ Commit 12 on Mon Nov 17 12:53:43 UTC 2025
✅ Commit 1 on Mon Nov 17 18:13:28 UTC 2025
✅ Commit 2 on Mon Nov 17 18:13:28 UTC 2025
✅ Commit 3 on Mon Nov 17 18:13:28 UTC 2025
✅ Commit 4 on Mon Nov 17 18:13:28 UTC 2025
✅ Commit 5 on Mon Nov 17 18:13:28 UTC 2025
✅ Commit 6 on Mon Nov 17 18:13:28 UTC 2025
✅ Commit 7 on Mon Nov 17 18:13:28 UTC 2025
✅ Commit 8 on Mon Nov 17 18:13:28 UTC 2025
✅ Commit 9 on Mon Nov 17 18:13:28 UTC 2025
✅ Commit 10 on Mon Nov 17 18:13:28 UTC 2025
✅ Commit 11 on Mon Nov 17 18:13:28 UTC 2025
✅ Commit 12 on Mon Nov 17 18:13:28 UTC 2025
✅ Commit 1 on Tue Nov 18 02:03:14 UTC 2025
✅ Commit 2 on Tue Nov 18 02:03:14 UTC 2025
✅ Commit 3 on Tue Nov 18 02:03:14 UTC 2025
✅ Commit 4 on Tue Nov 18 02:03:14 UTC 2025
✅ Commit 5 on Tue Nov 18 02:03:14 UTC 2025
✅ Commit 6 on Tue Nov 18 02:03:14 UTC 2025
✅ Commit 7 on Tue Nov 18 02:03:14 UTC 2025
✅ Commit 8 on Tue Nov 18 02:03:14 UTC 2025
✅ Commit 9 on Tue Nov 18 02:03:14 UTC 2025
✅ Commit 10 on Tue Nov 18 02:03:14 UTC 2025
✅ Commit 11 on Tue Nov 18 02:03:14 UTC 2025
✅ Commit 12 on Tue Nov 18 02:03:14 UTC 2025
✅ Commit 1 on Tue Nov 18 06:32:02 UTC 2025
✅ Commit 2 on Tue Nov 18 06:32:02 UTC 2025
✅ Commit 3 on Tue Nov 18 06:32:02 UTC 2025
✅ Commit 4 on Tue Nov 18 06:32:02 UTC 2025
✅ Commit 5 on Tue Nov 18 06:32:02 UTC 2025
✅ Commit 6 on Tue Nov 18 06:32:02 UTC 2025
✅ Commit 7 on Tue Nov 18 06:32:02 UTC 2025
✅ Commit 8 on Tue Nov 18 06:32:02 UTC 2025
✅ Commit 9 on Tue Nov 18 06:32:02 UTC 2025
✅ Commit 10 on Tue Nov 18 06:32:02 UTC 2025
✅ Commit 11 on Tue Nov 18 06:32:02 UTC 2025
✅ Commit 12 on Tue Nov 18 06:32:02 UTC 2025
✅ Commit 1 on Tue Nov 18 12:54:07 UTC 2025
✅ Commit 2 on Tue Nov 18 12:54:07 UTC 2025
✅ Commit 3 on Tue Nov 18 12:54:07 UTC 2025
✅ Commit 4 on Tue Nov 18 12:54:07 UTC 2025
✅ Commit 5 on Tue Nov 18 12:54:07 UTC 2025
✅ Commit 6 on Tue Nov 18 12:54:07 UTC 2025
✅ Commit 7 on Tue Nov 18 12:54:07 UTC 2025
✅ Commit 8 on Tue Nov 18 12:54:07 UTC 2025
✅ Commit 9 on Tue Nov 18 12:54:07 UTC 2025
✅ Commit 10 on Tue Nov 18 12:54:07 UTC 2025
✅ Commit 11 on Tue Nov 18 12:54:07 UTC 2025
✅ Commit 12 on Tue Nov 18 12:54:07 UTC 2025
✅ Commit 1 on Tue Nov 18 18:14:48 UTC 2025
✅ Commit 2 on Tue Nov 18 18:14:48 UTC 2025
✅ Commit 3 on Tue Nov 18 18:14:48 UTC 2025
✅ Commit 4 on Tue Nov 18 18:14:48 UTC 2025
✅ Commit 5 on Tue Nov 18 18:14:48 UTC 2025
✅ Commit 6 on Tue Nov 18 18:14:48 UTC 2025
✅ Commit 7 on Tue Nov 18 18:14:48 UTC 2025
✅ Commit 8 on Tue Nov 18 18:14:48 UTC 2025
✅ Commit 9 on Tue Nov 18 18:14:48 UTC 2025
✅ Commit 10 on Tue Nov 18 18:14:48 UTC 2025
✅ Commit 11 on Tue Nov 18 18:14:48 UTC 2025
✅ Commit 12 on Tue Nov 18 18:14:48 UTC 2025
✅ Commit 1 on Wed Nov 19 02:03:05 UTC 2025
✅ Commit 2 on Wed Nov 19 02:03:05 UTC 2025
✅ Commit 3 on Wed Nov 19 02:03:05 UTC 2025
✅ Commit 4 on Wed Nov 19 02:03:05 UTC 2025
✅ Commit 5 on Wed Nov 19 02:03:05 UTC 2025
✅ Commit 6 on Wed Nov 19 02:03:05 UTC 2025
✅ Commit 7 on Wed Nov 19 02:03:05 UTC 2025
✅ Commit 8 on Wed Nov 19 02:03:06 UTC 2025
✅ Commit 9 on Wed Nov 19 02:03:06 UTC 2025
✅ Commit 10 on Wed Nov 19 02:03:06 UTC 2025
✅ Commit 11 on Wed Nov 19 02:03:06 UTC 2025
✅ Commit 12 on Wed Nov 19 02:03:06 UTC 2025
✅ Commit 1 on Wed Nov 19 06:32:06 UTC 2025
✅ Commit 2 on Wed Nov 19 06:32:06 UTC 2025
✅ Commit 3 on Wed Nov 19 06:32:06 UTC 2025
✅ Commit 4 on Wed Nov 19 06:32:06 UTC 2025
✅ Commit 5 on Wed Nov 19 06:32:06 UTC 2025
✅ Commit 6 on Wed Nov 19 06:32:06 UTC 2025
✅ Commit 7 on Wed Nov 19 06:32:06 UTC 2025
✅ Commit 8 on Wed Nov 19 06:32:06 UTC 2025
✅ Commit 9 on Wed Nov 19 06:32:06 UTC 2025
✅ Commit 10 on Wed Nov 19 06:32:06 UTC 2025
✅ Commit 11 on Wed Nov 19 06:32:06 UTC 2025
✅ Commit 12 on Wed Nov 19 06:32:06 UTC 2025
✅ Commit 1 on Wed Nov 19 12:54:22 UTC 2025
✅ Commit 2 on Wed Nov 19 12:54:22 UTC 2025
✅ Commit 3 on Wed Nov 19 12:54:23 UTC 2025
✅ Commit 4 on Wed Nov 19 12:54:23 UTC 2025
✅ Commit 5 on Wed Nov 19 12:54:23 UTC 2025
✅ Commit 6 on Wed Nov 19 12:54:23 UTC 2025
✅ Commit 7 on Wed Nov 19 12:54:23 UTC 2025
✅ Commit 8 on Wed Nov 19 12:54:23 UTC 2025
✅ Commit 9 on Wed Nov 19 12:54:23 UTC 2025
✅ Commit 10 on Wed Nov 19 12:54:23 UTC 2025
✅ Commit 11 on Wed Nov 19 12:54:23 UTC 2025
✅ Commit 12 on Wed Nov 19 12:54:23 UTC 2025
✅ Commit 1 on Wed Nov 19 18:14:34 UTC 2025
✅ Commit 2 on Wed Nov 19 18:14:34 UTC 2025
✅ Commit 3 on Wed Nov 19 18:14:34 UTC 2025
✅ Commit 4 on Wed Nov 19 18:14:34 UTC 2025
✅ Commit 5 on Wed Nov 19 18:14:34 UTC 2025
✅ Commit 6 on Wed Nov 19 18:14:34 UTC 2025
✅ Commit 7 on Wed Nov 19 18:14:34 UTC 2025
✅ Commit 8 on Wed Nov 19 18:14:34 UTC 2025
✅ Commit 9 on Wed Nov 19 18:14:34 UTC 2025
✅ Commit 10 on Wed Nov 19 18:14:34 UTC 2025
✅ Commit 11 on Wed Nov 19 18:14:34 UTC 2025
✅ Commit 12 on Wed Nov 19 18:14:34 UTC 2025
✅ Commit 1 on Thu Nov 20 02:01:23 UTC 2025
✅ Commit 2 on Thu Nov 20 02:01:23 UTC 2025
✅ Commit 3 on Thu Nov 20 02:01:23 UTC 2025
✅ Commit 4 on Thu Nov 20 02:01:23 UTC 2025
✅ Commit 5 on Thu Nov 20 02:01:23 UTC 2025
✅ Commit 6 on Thu Nov 20 02:01:23 UTC 2025
✅ Commit 7 on Thu Nov 20 02:01:23 UTC 2025
✅ Commit 8 on Thu Nov 20 02:01:23 UTC 2025
✅ Commit 9 on Thu Nov 20 02:01:23 UTC 2025
✅ Commit 10 on Thu Nov 20 02:01:23 UTC 2025
✅ Commit 11 on Thu Nov 20 02:01:23 UTC 2025
✅ Commit 12 on Thu Nov 20 02:01:23 UTC 2025
✅ Commit 1 on Thu Nov 20 06:31:57 UTC 2025
✅ Commit 2 on Thu Nov 20 06:31:58 UTC 2025
✅ Commit 3 on Thu Nov 20 06:31:58 UTC 2025
✅ Commit 4 on Thu Nov 20 06:31:58 UTC 2025
✅ Commit 5 on Thu Nov 20 06:31:58 UTC 2025
✅ Commit 6 on Thu Nov 20 06:31:58 UTC 2025
✅ Commit 7 on Thu Nov 20 06:31:58 UTC 2025
✅ Commit 8 on Thu Nov 20 06:31:58 UTC 2025
✅ Commit 9 on Thu Nov 20 06:31:58 UTC 2025
✅ Commit 10 on Thu Nov 20 06:31:58 UTC 2025
✅ Commit 11 on Thu Nov 20 06:31:58 UTC 2025
✅ Commit 12 on Thu Nov 20 06:31:58 UTC 2025
✅ Commit 1 on Thu Nov 20 12:53:15 UTC 2025
✅ Commit 2 on Thu Nov 20 12:53:15 UTC 2025
✅ Commit 3 on Thu Nov 20 12:53:15 UTC 2025
✅ Commit 4 on Thu Nov 20 12:53:15 UTC 2025
✅ Commit 5 on Thu Nov 20 12:53:15 UTC 2025
✅ Commit 6 on Thu Nov 20 12:53:15 UTC 2025
✅ Commit 7 on Thu Nov 20 12:53:15 UTC 2025
✅ Commit 8 on Thu Nov 20 12:53:15 UTC 2025
✅ Commit 9 on Thu Nov 20 12:53:15 UTC 2025
✅ Commit 10 on Thu Nov 20 12:53:15 UTC 2025
✅ Commit 11 on Thu Nov 20 12:53:15 UTC 2025
✅ Commit 12 on Thu Nov 20 12:53:15 UTC 2025
✅ Commit 1 on Thu Nov 20 18:14:35 UTC 2025
✅ Commit 2 on Thu Nov 20 18:14:35 UTC 2025
✅ Commit 3 on Thu Nov 20 18:14:35 UTC 2025
✅ Commit 4 on Thu Nov 20 18:14:35 UTC 2025
✅ Commit 5 on Thu Nov 20 18:14:35 UTC 2025
✅ Commit 6 on Thu Nov 20 18:14:35 UTC 2025
✅ Commit 7 on Thu Nov 20 18:14:35 UTC 2025
✅ Commit 8 on Thu Nov 20 18:14:35 UTC 2025
✅ Commit 9 on Thu Nov 20 18:14:35 UTC 2025
✅ Commit 10 on Thu Nov 20 18:14:35 UTC 2025
✅ Commit 11 on Thu Nov 20 18:14:35 UTC 2025
✅ Commit 12 on Thu Nov 20 18:14:35 UTC 2025
✅ Commit 1 on Fri Nov 21 02:02:19 UTC 2025
✅ Commit 2 on Fri Nov 21 02:02:19 UTC 2025
✅ Commit 3 on Fri Nov 21 02:02:19 UTC 2025
✅ Commit 4 on Fri Nov 21 02:02:19 UTC 2025
✅ Commit 5 on Fri Nov 21 02:02:19 UTC 2025
✅ Commit 6 on Fri Nov 21 02:02:19 UTC 2025
✅ Commit 7 on Fri Nov 21 02:02:19 UTC 2025
✅ Commit 8 on Fri Nov 21 02:02:19 UTC 2025
✅ Commit 9 on Fri Nov 21 02:02:19 UTC 2025
✅ Commit 10 on Fri Nov 21 02:02:19 UTC 2025
✅ Commit 11 on Fri Nov 21 02:02:19 UTC 2025
✅ Commit 12 on Fri Nov 21 02:02:19 UTC 2025
✅ Commit 1 on Fri Nov 21 06:33:12 UTC 2025
✅ Commit 2 on Fri Nov 21 06:33:12 UTC 2025
✅ Commit 3 on Fri Nov 21 06:33:12 UTC 2025
✅ Commit 4 on Fri Nov 21 06:33:12 UTC 2025
✅ Commit 5 on Fri Nov 21 06:33:12 UTC 2025
✅ Commit 6 on Fri Nov 21 06:33:12 UTC 2025
✅ Commit 7 on Fri Nov 21 06:33:12 UTC 2025
✅ Commit 8 on Fri Nov 21 06:33:12 UTC 2025
✅ Commit 9 on Fri Nov 21 06:33:12 UTC 2025
✅ Commit 10 on Fri Nov 21 06:33:12 UTC 2025
✅ Commit 11 on Fri Nov 21 06:33:12 UTC 2025
✅ Commit 12 on Fri Nov 21 06:33:12 UTC 2025
✅ Commit 1 on Fri Nov 21 12:52:26 UTC 2025
✅ Commit 2 on Fri Nov 21 12:52:26 UTC 2025
✅ Commit 3 on Fri Nov 21 12:52:26 UTC 2025
✅ Commit 4 on Fri Nov 21 12:52:26 UTC 2025
✅ Commit 5 on Fri Nov 21 12:52:26 UTC 2025
✅ Commit 6 on Fri Nov 21 12:52:26 UTC 2025
✅ Commit 7 on Fri Nov 21 12:52:26 UTC 2025
✅ Commit 8 on Fri Nov 21 12:52:26 UTC 2025
✅ Commit 9 on Fri Nov 21 12:52:26 UTC 2025
✅ Commit 10 on Fri Nov 21 12:52:26 UTC 2025
✅ Commit 11 on Fri Nov 21 12:52:26 UTC 2025
✅ Commit 12 on Fri Nov 21 12:52:26 UTC 2025
✅ Commit 1 on Fri Nov 21 18:14:29 UTC 2025
✅ Commit 2 on Fri Nov 21 18:14:29 UTC 2025
✅ Commit 3 on Fri Nov 21 18:14:29 UTC 2025
✅ Commit 4 on Fri Nov 21 18:14:29 UTC 2025
✅ Commit 5 on Fri Nov 21 18:14:29 UTC 2025
✅ Commit 6 on Fri Nov 21 18:14:29 UTC 2025
✅ Commit 7 on Fri Nov 21 18:14:29 UTC 2025
✅ Commit 8 on Fri Nov 21 18:14:29 UTC 2025
✅ Commit 9 on Fri Nov 21 18:14:29 UTC 2025
✅ Commit 10 on Fri Nov 21 18:14:29 UTC 2025
✅ Commit 11 on Fri Nov 21 18:14:29 UTC 2025
✅ Commit 12 on Fri Nov 21 18:14:29 UTC 2025
✅ Commit 1 on Sat Nov 22 01:58:07 UTC 2025
✅ Commit 2 on Sat Nov 22 01:58:07 UTC 2025
✅ Commit 3 on Sat Nov 22 01:58:07 UTC 2025
✅ Commit 4 on Sat Nov 22 01:58:07 UTC 2025
✅ Commit 5 on Sat Nov 22 01:58:07 UTC 2025
✅ Commit 6 on Sat Nov 22 01:58:07 UTC 2025
✅ Commit 7 on Sat Nov 22 01:58:07 UTC 2025
✅ Commit 8 on Sat Nov 22 01:58:07 UTC 2025
✅ Commit 9 on Sat Nov 22 01:58:07 UTC 2025
✅ Commit 10 on Sat Nov 22 01:58:07 UTC 2025
✅ Commit 11 on Sat Nov 22 01:58:07 UTC 2025
✅ Commit 12 on Sat Nov 22 01:58:07 UTC 2025
✅ Commit 1 on Sat Nov 22 06:29:17 UTC 2025
✅ Commit 2 on Sat Nov 22 06:29:17 UTC 2025
✅ Commit 3 on Sat Nov 22 06:29:17 UTC 2025
✅ Commit 4 on Sat Nov 22 06:29:17 UTC 2025
✅ Commit 5 on Sat Nov 22 06:29:17 UTC 2025
✅ Commit 6 on Sat Nov 22 06:29:17 UTC 2025
✅ Commit 7 on Sat Nov 22 06:29:17 UTC 2025
✅ Commit 8 on Sat Nov 22 06:29:17 UTC 2025
✅ Commit 9 on Sat Nov 22 06:29:17 UTC 2025
✅ Commit 10 on Sat Nov 22 06:29:17 UTC 2025
✅ Commit 11 on Sat Nov 22 06:29:17 UTC 2025
✅ Commit 12 on Sat Nov 22 06:29:17 UTC 2025
✅ Commit 1 on Sat Nov 22 12:45:55 UTC 2025
✅ Commit 2 on Sat Nov 22 12:45:55 UTC 2025
✅ Commit 3 on Sat Nov 22 12:45:55 UTC 2025
✅ Commit 4 on Sat Nov 22 12:45:55 UTC 2025
✅ Commit 5 on Sat Nov 22 12:45:55 UTC 2025
✅ Commit 6 on Sat Nov 22 12:45:55 UTC 2025
✅ Commit 7 on Sat Nov 22 12:45:55 UTC 2025
✅ Commit 8 on Sat Nov 22 12:45:55 UTC 2025
✅ Commit 9 on Sat Nov 22 12:45:55 UTC 2025
✅ Commit 10 on Sat Nov 22 12:45:55 UTC 2025
✅ Commit 11 on Sat Nov 22 12:45:55 UTC 2025
✅ Commit 12 on Sat Nov 22 12:45:55 UTC 2025
✅ Commit 1 on Sat Nov 22 18:12:33 UTC 2025
✅ Commit 2 on Sat Nov 22 18:12:33 UTC 2025
✅ Commit 3 on Sat Nov 22 18:12:33 UTC 2025
✅ Commit 4 on Sat Nov 22 18:12:33 UTC 2025
✅ Commit 5 on Sat Nov 22 18:12:33 UTC 2025
✅ Commit 6 on Sat Nov 22 18:12:33 UTC 2025
✅ Commit 7 on Sat Nov 22 18:12:33 UTC 2025
✅ Commit 8 on Sat Nov 22 18:12:33 UTC 2025
✅ Commit 9 on Sat Nov 22 18:12:33 UTC 2025
✅ Commit 10 on Sat Nov 22 18:12:33 UTC 2025
✅ Commit 11 on Sat Nov 22 18:12:33 UTC 2025
✅ Commit 12 on Sat Nov 22 18:12:33 UTC 2025
✅ Commit 1 on Sun Nov 23 02:23:30 UTC 2025
✅ Commit 2 on Sun Nov 23 02:23:30 UTC 2025
✅ Commit 3 on Sun Nov 23 02:23:30 UTC 2025
✅ Commit 4 on Sun Nov 23 02:23:30 UTC 2025
✅ Commit 5 on Sun Nov 23 02:23:30 UTC 2025
✅ Commit 6 on Sun Nov 23 02:23:30 UTC 2025
✅ Commit 7 on Sun Nov 23 02:23:30 UTC 2025
✅ Commit 8 on Sun Nov 23 02:23:30 UTC 2025
✅ Commit 9 on Sun Nov 23 02:23:30 UTC 2025
✅ Commit 10 on Sun Nov 23 02:23:30 UTC 2025
✅ Commit 11 on Sun Nov 23 02:23:30 UTC 2025
✅ Commit 12 on Sun Nov 23 02:23:30 UTC 2025
✅ Commit 1 on Sun Nov 23 06:30:25 UTC 2025
✅ Commit 2 on Sun Nov 23 06:30:25 UTC 2025
✅ Commit 3 on Sun Nov 23 06:30:25 UTC 2025
✅ Commit 4 on Sun Nov 23 06:30:25 UTC 2025
✅ Commit 5 on Sun Nov 23 06:30:25 UTC 2025
✅ Commit 6 on Sun Nov 23 06:30:25 UTC 2025
✅ Commit 7 on Sun Nov 23 06:30:25 UTC 2025
✅ Commit 8 on Sun Nov 23 06:30:25 UTC 2025
✅ Commit 9 on Sun Nov 23 06:30:25 UTC 2025
✅ Commit 10 on Sun Nov 23 06:30:25 UTC 2025
✅ Commit 11 on Sun Nov 23 06:30:25 UTC 2025
✅ Commit 12 on Sun Nov 23 06:30:25 UTC 2025
✅ Commit 1 on Sun Nov 23 12:45:22 UTC 2025
✅ Commit 2 on Sun Nov 23 12:45:22 UTC 2025
✅ Commit 3 on Sun Nov 23 12:45:22 UTC 2025
✅ Commit 4 on Sun Nov 23 12:45:22 UTC 2025
✅ Commit 5 on Sun Nov 23 12:45:22 UTC 2025
✅ Commit 6 on Sun Nov 23 12:45:22 UTC 2025
✅ Commit 7 on Sun Nov 23 12:45:22 UTC 2025
✅ Commit 8 on Sun Nov 23 12:45:22 UTC 2025
✅ Commit 9 on Sun Nov 23 12:45:22 UTC 2025
✅ Commit 10 on Sun Nov 23 12:45:22 UTC 2025
✅ Commit 11 on Sun Nov 23 12:45:22 UTC 2025
✅ Commit 12 on Sun Nov 23 12:45:22 UTC 2025
✅ Commit 1 on Sun Nov 23 18:12:56 UTC 2025
✅ Commit 2 on Sun Nov 23 18:12:56 UTC 2025
✅ Commit 3 on Sun Nov 23 18:12:56 UTC 2025
✅ Commit 4 on Sun Nov 23 18:12:56 UTC 2025
✅ Commit 5 on Sun Nov 23 18:12:56 UTC 2025
✅ Commit 6 on Sun Nov 23 18:12:56 UTC 2025
✅ Commit 7 on Sun Nov 23 18:12:56 UTC 2025
✅ Commit 8 on Sun Nov 23 18:12:56 UTC 2025
✅ Commit 9 on Sun Nov 23 18:12:56 UTC 2025
✅ Commit 10 on Sun Nov 23 18:12:56 UTC 2025
✅ Commit 11 on Sun Nov 23 18:12:56 UTC 2025
✅ Commit 12 on Sun Nov 23 18:12:56 UTC 2025
✅ Commit 1 on Mon Nov 24 02:11:28 UTC 2025
✅ Commit 2 on Mon Nov 24 02:11:28 UTC 2025
✅ Commit 3 on Mon Nov 24 02:11:28 UTC 2025
✅ Commit 4 on Mon Nov 24 02:11:28 UTC 2025
✅ Commit 5 on Mon Nov 24 02:11:28 UTC 2025
✅ Commit 6 on Mon Nov 24 02:11:28 UTC 2025
✅ Commit 7 on Mon Nov 24 02:11:28 UTC 2025
✅ Commit 8 on Mon Nov 24 02:11:28 UTC 2025
✅ Commit 9 on Mon Nov 24 02:11:28 UTC 2025
✅ Commit 10 on Mon Nov 24 02:11:29 UTC 2025
✅ Commit 11 on Mon Nov 24 02:11:29 UTC 2025
✅ Commit 12 on Mon Nov 24 02:11:29 UTC 2025
✅ Commit 1 on Mon Nov 24 06:33:43 UTC 2025
✅ Commit 2 on Mon Nov 24 06:33:43 UTC 2025
✅ Commit 3 on Mon Nov 24 06:33:43 UTC 2025
✅ Commit 4 on Mon Nov 24 06:33:43 UTC 2025
✅ Commit 5 on Mon Nov 24 06:33:43 UTC 2025
✅ Commit 6 on Mon Nov 24 06:33:43 UTC 2025
✅ Commit 7 on Mon Nov 24 06:33:43 UTC 2025
✅ Commit 8 on Mon Nov 24 06:33:43 UTC 2025
✅ Commit 9 on Mon Nov 24 06:33:43 UTC 2025
✅ Commit 10 on Mon Nov 24 06:33:43 UTC 2025
✅ Commit 11 on Mon Nov 24 06:33:43 UTC 2025
✅ Commit 12 on Mon Nov 24 06:33:43 UTC 2025
✅ Commit 1 on Mon Nov 24 12:55:21 UTC 2025
✅ Commit 2 on Mon Nov 24 12:55:21 UTC 2025
✅ Commit 3 on Mon Nov 24 12:55:21 UTC 2025
✅ Commit 4 on Mon Nov 24 12:55:21 UTC 2025
✅ Commit 5 on Mon Nov 24 12:55:21 UTC 2025
✅ Commit 6 on Mon Nov 24 12:55:21 UTC 2025
✅ Commit 7 on Mon Nov 24 12:55:21 UTC 2025
✅ Commit 8 on Mon Nov 24 12:55:21 UTC 2025
✅ Commit 9 on Mon Nov 24 12:55:21 UTC 2025
✅ Commit 10 on Mon Nov 24 12:55:21 UTC 2025
✅ Commit 11 on Mon Nov 24 12:55:21 UTC 2025
✅ Commit 12 on Mon Nov 24 12:55:21 UTC 2025
✅ Commit 1 on Mon Nov 24 18:15:00 UTC 2025
✅ Commit 2 on Mon Nov 24 18:15:00 UTC 2025
✅ Commit 3 on Mon Nov 24 18:15:00 UTC 2025
✅ Commit 4 on Mon Nov 24 18:15:00 UTC 2025
✅ Commit 5 on Mon Nov 24 18:15:00 UTC 2025
✅ Commit 6 on Mon Nov 24 18:15:00 UTC 2025
✅ Commit 7 on Mon Nov 24 18:15:00 UTC 2025
✅ Commit 8 on Mon Nov 24 18:15:00 UTC 2025
✅ Commit 9 on Mon Nov 24 18:15:00 UTC 2025
✅ Commit 10 on Mon Nov 24 18:15:00 UTC 2025
✅ Commit 11 on Mon Nov 24 18:15:00 UTC 2025
✅ Commit 12 on Mon Nov 24 18:15:00 UTC 2025
✅ Commit 1 on Tue Nov 25 02:04:39 UTC 2025
✅ Commit 2 on Tue Nov 25 02:04:39 UTC 2025
✅ Commit 3 on Tue Nov 25 02:04:39 UTC 2025
✅ Commit 4 on Tue Nov 25 02:04:39 UTC 2025
✅ Commit 5 on Tue Nov 25 02:04:39 UTC 2025
✅ Commit 6 on Tue Nov 25 02:04:39 UTC 2025
✅ Commit 7 on Tue Nov 25 02:04:39 UTC 2025
✅ Commit 8 on Tue Nov 25 02:04:39 UTC 2025
✅ Commit 9 on Tue Nov 25 02:04:39 UTC 2025
✅ Commit 10 on Tue Nov 25 02:04:39 UTC 2025
✅ Commit 11 on Tue Nov 25 02:04:39 UTC 2025
✅ Commit 12 on Tue Nov 25 02:04:39 UTC 2025
✅ Commit 1 on Tue Nov 25 06:34:19 UTC 2025
✅ Commit 2 on Tue Nov 25 06:34:19 UTC 2025
✅ Commit 3 on Tue Nov 25 06:34:19 UTC 2025
✅ Commit 4 on Tue Nov 25 06:34:19 UTC 2025
✅ Commit 5 on Tue Nov 25 06:34:19 UTC 2025
✅ Commit 6 on Tue Nov 25 06:34:19 UTC 2025
✅ Commit 7 on Tue Nov 25 06:34:19 UTC 2025
✅ Commit 8 on Tue Nov 25 06:34:19 UTC 2025
✅ Commit 9 on Tue Nov 25 06:34:19 UTC 2025
✅ Commit 10 on Tue Nov 25 06:34:19 UTC 2025
✅ Commit 11 on Tue Nov 25 06:34:19 UTC 2025
✅ Commit 12 on Tue Nov 25 06:34:19 UTC 2025
✅ Commit 1 on Tue Nov 25 12:54:43 UTC 2025
✅ Commit 2 on Tue Nov 25 12:54:43 UTC 2025
✅ Commit 3 on Tue Nov 25 12:54:43 UTC 2025
✅ Commit 4 on Tue Nov 25 12:54:43 UTC 2025
✅ Commit 5 on Tue Nov 25 12:54:43 UTC 2025
✅ Commit 6 on Tue Nov 25 12:54:43 UTC 2025
✅ Commit 7 on Tue Nov 25 12:54:43 UTC 2025
✅ Commit 8 on Tue Nov 25 12:54:43 UTC 2025
✅ Commit 9 on Tue Nov 25 12:54:43 UTC 2025
✅ Commit 10 on Tue Nov 25 12:54:43 UTC 2025
✅ Commit 11 on Tue Nov 25 12:54:43 UTC 2025
✅ Commit 12 on Tue Nov 25 12:54:43 UTC 2025
✅ Commit 1 on Tue Nov 25 18:15:11 UTC 2025
✅ Commit 2 on Tue Nov 25 18:15:11 UTC 2025
✅ Commit 3 on Tue Nov 25 18:15:11 UTC 2025
✅ Commit 4 on Tue Nov 25 18:15:11 UTC 2025
✅ Commit 5 on Tue Nov 25 18:15:11 UTC 2025
✅ Commit 6 on Tue Nov 25 18:15:11 UTC 2025
✅ Commit 7 on Tue Nov 25 18:15:11 UTC 2025
✅ Commit 8 on Tue Nov 25 18:15:11 UTC 2025
✅ Commit 9 on Tue Nov 25 18:15:11 UTC 2025
✅ Commit 10 on Tue Nov 25 18:15:11 UTC 2025
✅ Commit 11 on Tue Nov 25 18:15:11 UTC 2025
✅ Commit 12 on Tue Nov 25 18:15:11 UTC 2025
✅ Commit 1 on Wed Nov 26 02:05:00 UTC 2025
✅ Commit 2 on Wed Nov 26 02:05:00 UTC 2025
✅ Commit 3 on Wed Nov 26 02:05:00 UTC 2025
✅ Commit 4 on Wed Nov 26 02:05:00 UTC 2025
✅ Commit 5 on Wed Nov 26 02:05:00 UTC 2025
✅ Commit 6 on Wed Nov 26 02:05:00 UTC 2025
✅ Commit 7 on Wed Nov 26 02:05:00 UTC 2025
✅ Commit 8 on Wed Nov 26 02:05:00 UTC 2025
✅ Commit 9 on Wed Nov 26 02:05:00 UTC 2025
✅ Commit 10 on Wed Nov 26 02:05:00 UTC 2025
✅ Commit 11 on Wed Nov 26 02:05:00 UTC 2025
✅ Commit 12 on Wed Nov 26 02:05:00 UTC 2025
✅ Commit 1 on Wed Nov 26 06:33:53 UTC 2025
✅ Commit 2 on Wed Nov 26 06:33:53 UTC 2025
✅ Commit 3 on Wed Nov 26 06:33:53 UTC 2025
✅ Commit 4 on Wed Nov 26 06:33:53 UTC 2025
✅ Commit 5 on Wed Nov 26 06:33:53 UTC 2025
✅ Commit 6 on Wed Nov 26 06:33:53 UTC 2025
✅ Commit 7 on Wed Nov 26 06:33:53 UTC 2025
✅ Commit 8 on Wed Nov 26 06:33:53 UTC 2025
✅ Commit 9 on Wed Nov 26 06:33:53 UTC 2025
✅ Commit 10 on Wed Nov 26 06:33:53 UTC 2025
✅ Commit 11 on Wed Nov 26 06:33:53 UTC 2025
✅ Commit 12 on Wed Nov 26 06:33:53 UTC 2025
✅ Commit 1 on Wed Nov 26 12:56:14 UTC 2025
✅ Commit 2 on Wed Nov 26 12:56:14 UTC 2025
✅ Commit 3 on Wed Nov 26 12:56:14 UTC 2025
✅ Commit 4 on Wed Nov 26 12:56:14 UTC 2025
✅ Commit 5 on Wed Nov 26 12:56:14 UTC 2025
✅ Commit 6 on Wed Nov 26 12:56:14 UTC 2025
✅ Commit 7 on Wed Nov 26 12:56:14 UTC 2025
✅ Commit 8 on Wed Nov 26 12:56:14 UTC 2025
✅ Commit 9 on Wed Nov 26 12:56:14 UTC 2025
✅ Commit 10 on Wed Nov 26 12:56:14 UTC 2025
✅ Commit 11 on Wed Nov 26 12:56:14 UTC 2025
✅ Commit 12 on Wed Nov 26 12:56:14 UTC 2025
✅ Commit 1 on Wed Nov 26 18:12:26 UTC 2025
✅ Commit 2 on Wed Nov 26 18:12:26 UTC 2025
✅ Commit 3 on Wed Nov 26 18:12:26 UTC 2025
✅ Commit 4 on Wed Nov 26 18:12:26 UTC 2025
✅ Commit 5 on Wed Nov 26 18:12:26 UTC 2025
✅ Commit 6 on Wed Nov 26 18:12:26 UTC 2025
✅ Commit 7 on Wed Nov 26 18:12:26 UTC 2025
✅ Commit 8 on Wed Nov 26 18:12:26 UTC 2025
✅ Commit 9 on Wed Nov 26 18:12:26 UTC 2025
✅ Commit 10 on Wed Nov 26 18:12:26 UTC 2025
✅ Commit 11 on Wed Nov 26 18:12:26 UTC 2025
✅ Commit 12 on Wed Nov 26 18:12:26 UTC 2025
✅ Commit 1 on Thu Nov 27 02:02:31 UTC 2025
✅ Commit 2 on Thu Nov 27 02:02:31 UTC 2025
✅ Commit 3 on Thu Nov 27 02:02:31 UTC 2025
✅ Commit 4 on Thu Nov 27 02:02:31 UTC 2025
✅ Commit 5 on Thu Nov 27 02:02:31 UTC 2025
✅ Commit 6 on Thu Nov 27 02:02:31 UTC 2025
✅ Commit 7 on Thu Nov 27 02:02:31 UTC 2025
✅ Commit 8 on Thu Nov 27 02:02:31 UTC 2025
✅ Commit 9 on Thu Nov 27 02:02:31 UTC 2025
✅ Commit 10 on Thu Nov 27 02:02:31 UTC 2025
✅ Commit 11 on Thu Nov 27 02:02:31 UTC 2025
✅ Commit 12 on Thu Nov 27 02:02:31 UTC 2025
✅ Commit 1 on Thu Nov 27 06:34:12 UTC 2025
✅ Commit 2 on Thu Nov 27 06:34:12 UTC 2025
✅ Commit 3 on Thu Nov 27 06:34:12 UTC 2025
✅ Commit 4 on Thu Nov 27 06:34:12 UTC 2025
✅ Commit 5 on Thu Nov 27 06:34:12 UTC 2025
✅ Commit 6 on Thu Nov 27 06:34:12 UTC 2025
✅ Commit 7 on Thu Nov 27 06:34:12 UTC 2025
✅ Commit 8 on Thu Nov 27 06:34:12 UTC 2025
✅ Commit 9 on Thu Nov 27 06:34:12 UTC 2025
✅ Commit 10 on Thu Nov 27 06:34:12 UTC 2025
✅ Commit 11 on Thu Nov 27 06:34:12 UTC 2025
✅ Commit 12 on Thu Nov 27 06:34:12 UTC 2025
✅ Commit 1 on Thu Nov 27 12:54:45 UTC 2025
✅ Commit 2 on Thu Nov 27 12:54:45 UTC 2025
✅ Commit 3 on Thu Nov 27 12:54:45 UTC 2025
✅ Commit 4 on Thu Nov 27 12:54:45 UTC 2025
✅ Commit 5 on Thu Nov 27 12:54:45 UTC 2025
✅ Commit 6 on Thu Nov 27 12:54:45 UTC 2025
✅ Commit 7 on Thu Nov 27 12:54:45 UTC 2025
✅ Commit 8 on Thu Nov 27 12:54:45 UTC 2025
✅ Commit 9 on Thu Nov 27 12:54:45 UTC 2025
✅ Commit 10 on Thu Nov 27 12:54:45 UTC 2025
✅ Commit 11 on Thu Nov 27 12:54:45 UTC 2025
✅ Commit 12 on Thu Nov 27 12:54:45 UTC 2025
✅ Commit 1 on Thu Nov 27 18:13:59 UTC 2025
✅ Commit 2 on Thu Nov 27 18:13:59 UTC 2025
✅ Commit 3 on Thu Nov 27 18:13:59 UTC 2025
✅ Commit 4 on Thu Nov 27 18:13:59 UTC 2025
✅ Commit 5 on Thu Nov 27 18:13:59 UTC 2025
✅ Commit 6 on Thu Nov 27 18:13:59 UTC 2025
✅ Commit 7 on Thu Nov 27 18:13:59 UTC 2025
✅ Commit 8 on Thu Nov 27 18:13:59 UTC 2025
✅ Commit 9 on Thu Nov 27 18:13:59 UTC 2025
✅ Commit 10 on Thu Nov 27 18:13:59 UTC 2025
✅ Commit 11 on Thu Nov 27 18:13:59 UTC 2025
✅ Commit 12 on Thu Nov 27 18:13:59 UTC 2025
✅ Commit 1 on Fri Nov 28 02:02:03 UTC 2025
✅ Commit 2 on Fri Nov 28 02:02:03 UTC 2025
✅ Commit 3 on Fri Nov 28 02:02:03 UTC 2025
✅ Commit 4 on Fri Nov 28 02:02:03 UTC 2025
✅ Commit 5 on Fri Nov 28 02:02:03 UTC 2025
✅ Commit 6 on Fri Nov 28 02:02:03 UTC 2025
✅ Commit 7 on Fri Nov 28 02:02:03 UTC 2025
✅ Commit 8 on Fri Nov 28 02:02:03 UTC 2025
✅ Commit 9 on Fri Nov 28 02:02:03 UTC 2025
✅ Commit 10 on Fri Nov 28 02:02:03 UTC 2025
✅ Commit 11 on Fri Nov 28 02:02:03 UTC 2025
✅ Commit 12 on Fri Nov 28 02:02:03 UTC 2025
✅ Commit 1 on Fri Nov 28 06:34:05 UTC 2025
✅ Commit 2 on Fri Nov 28 06:34:05 UTC 2025
✅ Commit 3 on Fri Nov 28 06:34:05 UTC 2025
✅ Commit 4 on Fri Nov 28 06:34:05 UTC 2025
✅ Commit 5 on Fri Nov 28 06:34:05 UTC 2025
✅ Commit 6 on Fri Nov 28 06:34:06 UTC 2025
✅ Commit 7 on Fri Nov 28 06:34:06 UTC 2025
✅ Commit 8 on Fri Nov 28 06:34:06 UTC 2025
✅ Commit 9 on Fri Nov 28 06:34:06 UTC 2025
✅ Commit 10 on Fri Nov 28 06:34:06 UTC 2025
✅ Commit 11 on Fri Nov 28 06:34:06 UTC 2025
✅ Commit 12 on Fri Nov 28 06:34:06 UTC 2025
✅ Commit 1 on Fri Nov 28 12:53:21 UTC 2025
✅ Commit 2 on Fri Nov 28 12:53:21 UTC 2025
✅ Commit 3 on Fri Nov 28 12:53:21 UTC 2025
✅ Commit 4 on Fri Nov 28 12:53:21 UTC 2025
✅ Commit 5 on Fri Nov 28 12:53:21 UTC 2025
✅ Commit 6 on Fri Nov 28 12:53:21 UTC 2025
✅ Commit 7 on Fri Nov 28 12:53:21 UTC 2025
✅ Commit 8 on Fri Nov 28 12:53:21 UTC 2025
✅ Commit 9 on Fri Nov 28 12:53:21 UTC 2025
✅ Commit 10 on Fri Nov 28 12:53:21 UTC 2025
✅ Commit 11 on Fri Nov 28 12:53:21 UTC 2025
✅ Commit 12 on Fri Nov 28 12:53:21 UTC 2025
✅ Commit 1 on Fri Nov 28 18:13:34 UTC 2025
✅ Commit 2 on Fri Nov 28 18:13:34 UTC 2025
✅ Commit 3 on Fri Nov 28 18:13:34 UTC 2025
✅ Commit 4 on Fri Nov 28 18:13:34 UTC 2025
✅ Commit 5 on Fri Nov 28 18:13:34 UTC 2025
✅ Commit 6 on Fri Nov 28 18:13:34 UTC 2025
✅ Commit 7 on Fri Nov 28 18:13:34 UTC 2025
✅ Commit 8 on Fri Nov 28 18:13:34 UTC 2025
✅ Commit 9 on Fri Nov 28 18:13:34 UTC 2025
✅ Commit 10 on Fri Nov 28 18:13:34 UTC 2025
✅ Commit 11 on Fri Nov 28 18:13:34 UTC 2025
✅ Commit 12 on Fri Nov 28 18:13:34 UTC 2025
✅ Commit 1 on Sat Nov 29 02:01:52 UTC 2025
✅ Commit 2 on Sat Nov 29 02:01:52 UTC 2025
✅ Commit 3 on Sat Nov 29 02:01:52 UTC 2025
✅ Commit 4 on Sat Nov 29 02:01:52 UTC 2025
✅ Commit 5 on Sat Nov 29 02:01:52 UTC 2025
✅ Commit 6 on Sat Nov 29 02:01:53 UTC 2025
✅ Commit 7 on Sat Nov 29 02:01:53 UTC 2025
✅ Commit 8 on Sat Nov 29 02:01:53 UTC 2025
✅ Commit 9 on Sat Nov 29 02:01:53 UTC 2025
✅ Commit 10 on Sat Nov 29 02:01:53 UTC 2025
✅ Commit 11 on Sat Nov 29 02:01:53 UTC 2025
✅ Commit 12 on Sat Nov 29 02:01:53 UTC 2025
✅ Commit 1 on Sat Nov 29 06:30:47 UTC 2025
✅ Commit 2 on Sat Nov 29 06:30:47 UTC 2025
✅ Commit 3 on Sat Nov 29 06:30:47 UTC 2025
✅ Commit 4 on Sat Nov 29 06:30:47 UTC 2025
✅ Commit 5 on Sat Nov 29 06:30:47 UTC 2025
✅ Commit 6 on Sat Nov 29 06:30:47 UTC 2025
✅ Commit 7 on Sat Nov 29 06:30:47 UTC 2025
✅ Commit 8 on Sat Nov 29 06:30:47 UTC 2025
✅ Commit 9 on Sat Nov 29 06:30:47 UTC 2025
✅ Commit 10 on Sat Nov 29 06:30:47 UTC 2025
✅ Commit 11 on Sat Nov 29 06:30:47 UTC 2025
✅ Commit 12 on Sat Nov 29 06:30:47 UTC 2025
✅ Commit 1 on Sat Nov 29 12:49:54 UTC 2025
✅ Commit 2 on Sat Nov 29 12:49:54 UTC 2025
✅ Commit 3 on Sat Nov 29 12:49:54 UTC 2025
✅ Commit 4 on Sat Nov 29 12:49:54 UTC 2025
✅ Commit 5 on Sat Nov 29 12:49:54 UTC 2025
✅ Commit 6 on Sat Nov 29 12:49:54 UTC 2025
✅ Commit 7 on Sat Nov 29 12:49:54 UTC 2025
✅ Commit 8 on Sat Nov 29 12:49:54 UTC 2025
✅ Commit 9 on Sat Nov 29 12:49:54 UTC 2025
✅ Commit 10 on Sat Nov 29 12:49:54 UTC 2025
✅ Commit 11 on Sat Nov 29 12:49:54 UTC 2025
✅ Commit 12 on Sat Nov 29 12:49:54 UTC 2025
✅ Commit 1 on Sat Nov 29 18:13:05 UTC 2025
✅ Commit 2 on Sat Nov 29 18:13:05 UTC 2025
✅ Commit 3 on Sat Nov 29 18:13:05 UTC 2025
✅ Commit 4 on Sat Nov 29 18:13:05 UTC 2025
✅ Commit 5 on Sat Nov 29 18:13:05 UTC 2025
✅ Commit 6 on Sat Nov 29 18:13:05 UTC 2025
✅ Commit 7 on Sat Nov 29 18:13:05 UTC 2025
✅ Commit 8 on Sat Nov 29 18:13:05 UTC 2025
✅ Commit 9 on Sat Nov 29 18:13:05 UTC 2025
✅ Commit 10 on Sat Nov 29 18:13:05 UTC 2025
✅ Commit 11 on Sat Nov 29 18:13:05 UTC 2025
✅ Commit 12 on Sat Nov 29 18:13:05 UTC 2025
✅ Commit 1 on Sun Nov 30 02:22:05 UTC 2025
✅ Commit 2 on Sun Nov 30 02:22:05 UTC 2025
✅ Commit 3 on Sun Nov 30 02:22:05 UTC 2025
✅ Commit 4 on Sun Nov 30 02:22:05 UTC 2025
✅ Commit 5 on Sun Nov 30 02:22:05 UTC 2025
✅ Commit 6 on Sun Nov 30 02:22:05 UTC 2025
✅ Commit 7 on Sun Nov 30 02:22:05 UTC 2025
✅ Commit 8 on Sun Nov 30 02:22:05 UTC 2025
✅ Commit 9 on Sun Nov 30 02:22:05 UTC 2025
✅ Commit 10 on Sun Nov 30 02:22:05 UTC 2025
✅ Commit 11 on Sun Nov 30 02:22:05 UTC 2025
✅ Commit 12 on Sun Nov 30 02:22:05 UTC 2025
✅ Commit 1 on Sun Nov 30 06:32:08 UTC 2025
✅ Commit 2 on Sun Nov 30 06:32:08 UTC 2025
✅ Commit 3 on Sun Nov 30 06:32:08 UTC 2025
✅ Commit 4 on Sun Nov 30 06:32:08 UTC 2025
✅ Commit 5 on Sun Nov 30 06:32:08 UTC 2025
✅ Commit 6 on Sun Nov 30 06:32:08 UTC 2025
✅ Commit 7 on Sun Nov 30 06:32:08 UTC 2025
✅ Commit 8 on Sun Nov 30 06:32:08 UTC 2025
✅ Commit 9 on Sun Nov 30 06:32:08 UTC 2025
✅ Commit 10 on Sun Nov 30 06:32:08 UTC 2025
✅ Commit 11 on Sun Nov 30 06:32:08 UTC 2025
✅ Commit 12 on Sun Nov 30 06:32:08 UTC 2025
✅ Commit 1 on Sun Nov 30 12:49:31 UTC 2025
✅ Commit 2 on Sun Nov 30 12:49:31 UTC 2025
✅ Commit 3 on Sun Nov 30 12:49:31 UTC 2025
✅ Commit 4 on Sun Nov 30 12:49:31 UTC 2025
✅ Commit 5 on Sun Nov 30 12:49:31 UTC 2025
✅ Commit 6 on Sun Nov 30 12:49:31 UTC 2025
✅ Commit 7 on Sun Nov 30 12:49:31 UTC 2025
✅ Commit 8 on Sun Nov 30 12:49:31 UTC 2025
✅ Commit 9 on Sun Nov 30 12:49:31 UTC 2025
✅ Commit 10 on Sun Nov 30 12:49:31 UTC 2025
✅ Commit 11 on Sun Nov 30 12:49:31 UTC 2025
✅ Commit 12 on Sun Nov 30 12:49:31 UTC 2025
✅ Commit 1 on Sun Nov 30 18:13:08 UTC 2025
✅ Commit 2 on Sun Nov 30 18:13:08 UTC 2025
✅ Commit 3 on Sun Nov 30 18:13:08 UTC 2025
✅ Commit 4 on Sun Nov 30 18:13:08 UTC 2025
✅ Commit 5 on Sun Nov 30 18:13:08 UTC 2025
✅ Commit 6 on Sun Nov 30 18:13:08 UTC 2025
✅ Commit 7 on Sun Nov 30 18:13:08 UTC 2025
✅ Commit 8 on Sun Nov 30 18:13:08 UTC 2025
✅ Commit 9 on Sun Nov 30 18:13:08 UTC 2025
✅ Commit 10 on Sun Nov 30 18:13:08 UTC 2025
✅ Commit 11 on Sun Nov 30 18:13:08 UTC 2025
✅ Commit 12 on Sun Nov 30 18:13:08 UTC 2025
✅ Commit 1 on Mon Dec  1 02:30:58 UTC 2025
✅ Commit 2 on Mon Dec  1 02:30:58 UTC 2025
✅ Commit 3 on Mon Dec  1 02:30:58 UTC 2025
✅ Commit 4 on Mon Dec  1 02:30:58 UTC 2025
✅ Commit 5 on Mon Dec  1 02:30:58 UTC 2025
✅ Commit 6 on Mon Dec  1 02:30:58 UTC 2025
✅ Commit 7 on Mon Dec  1 02:30:58 UTC 2025
✅ Commit 8 on Mon Dec  1 02:30:58 UTC 2025
✅ Commit 9 on Mon Dec  1 02:30:58 UTC 2025
✅ Commit 10 on Mon Dec  1 02:30:58 UTC 2025
✅ Commit 11 on Mon Dec  1 02:30:58 UTC 2025
✅ Commit 12 on Mon Dec  1 02:30:58 UTC 2025
✅ Commit 1 on Mon Dec  1 06:36:18 UTC 2025
✅ Commit 2 on Mon Dec  1 06:36:18 UTC 2025
✅ Commit 3 on Mon Dec  1 06:36:18 UTC 2025
✅ Commit 4 on Mon Dec  1 06:36:18 UTC 2025
✅ Commit 5 on Mon Dec  1 06:36:18 UTC 2025
✅ Commit 6 on Mon Dec  1 06:36:18 UTC 2025
✅ Commit 7 on Mon Dec  1 06:36:18 UTC 2025
✅ Commit 8 on Mon Dec  1 06:36:18 UTC 2025
✅ Commit 9 on Mon Dec  1 06:36:18 UTC 2025
✅ Commit 10 on Mon Dec  1 06:36:18 UTC 2025
✅ Commit 11 on Mon Dec  1 06:36:18 UTC 2025
✅ Commit 12 on Mon Dec  1 06:36:18 UTC 2025
✅ Commit 1 on Mon Dec  1 12:56:34 UTC 2025
✅ Commit 2 on Mon Dec  1 12:56:34 UTC 2025
✅ Commit 3 on Mon Dec  1 12:56:34 UTC 2025
✅ Commit 4 on Mon Dec  1 12:56:34 UTC 2025
✅ Commit 5 on Mon Dec  1 12:56:34 UTC 2025
✅ Commit 6 on Mon Dec  1 12:56:34 UTC 2025
✅ Commit 7 on Mon Dec  1 12:56:34 UTC 2025
✅ Commit 8 on Mon Dec  1 12:56:34 UTC 2025
✅ Commit 9 on Mon Dec  1 12:56:34 UTC 2025
✅ Commit 10 on Mon Dec  1 12:56:34 UTC 2025
✅ Commit 11 on Mon Dec  1 12:56:34 UTC 2025
✅ Commit 12 on Mon Dec  1 12:56:34 UTC 2025
✅ Commit 1 on Mon Dec  1 18:16:07 UTC 2025
✅ Commit 2 on Mon Dec  1 18:16:07 UTC 2025
✅ Commit 3 on Mon Dec  1 18:16:07 UTC 2025
✅ Commit 4 on Mon Dec  1 18:16:07 UTC 2025
✅ Commit 5 on Mon Dec  1 18:16:07 UTC 2025
✅ Commit 6 on Mon Dec  1 18:16:07 UTC 2025
✅ Commit 7 on Mon Dec  1 18:16:07 UTC 2025
✅ Commit 8 on Mon Dec  1 18:16:07 UTC 2025
✅ Commit 9 on Mon Dec  1 18:16:07 UTC 2025
✅ Commit 10 on Mon Dec  1 18:16:07 UTC 2025
✅ Commit 11 on Mon Dec  1 18:16:07 UTC 2025
✅ Commit 12 on Mon Dec  1 18:16:07 UTC 2025
✅ Commit 1 on Tue Dec  2 02:06:46 UTC 2025
✅ Commit 2 on Tue Dec  2 02:06:46 UTC 2025
✅ Commit 3 on Tue Dec  2 02:06:46 UTC 2025
✅ Commit 4 on Tue Dec  2 02:06:46 UTC 2025
✅ Commit 5 on Tue Dec  2 02:06:46 UTC 2025
✅ Commit 6 on Tue Dec  2 02:06:46 UTC 2025
✅ Commit 7 on Tue Dec  2 02:06:47 UTC 2025
✅ Commit 8 on Tue Dec  2 02:06:47 UTC 2025
✅ Commit 9 on Tue Dec  2 02:06:47 UTC 2025
✅ Commit 10 on Tue Dec  2 02:06:47 UTC 2025
✅ Commit 11 on Tue Dec  2 02:06:47 UTC 2025
✅ Commit 12 on Tue Dec  2 02:06:47 UTC 2025
✅ Commit 1 on Tue Dec  2 06:35:07 UTC 2025
✅ Commit 2 on Tue Dec  2 06:35:07 UTC 2025
✅ Commit 3 on Tue Dec  2 06:35:07 UTC 2025
✅ Commit 4 on Tue Dec  2 06:35:07 UTC 2025
✅ Commit 5 on Tue Dec  2 06:35:07 UTC 2025
✅ Commit 6 on Tue Dec  2 06:35:07 UTC 2025
✅ Commit 7 on Tue Dec  2 06:35:07 UTC 2025
✅ Commit 8 on Tue Dec  2 06:35:07 UTC 2025
✅ Commit 9 on Tue Dec  2 06:35:07 UTC 2025
✅ Commit 10 on Tue Dec  2 06:35:07 UTC 2025
✅ Commit 11 on Tue Dec  2 06:35:07 UTC 2025
✅ Commit 12 on Tue Dec  2 06:35:07 UTC 2025
✅ Commit 1 on Tue Dec  2 12:57:00 UTC 2025
✅ Commit 2 on Tue Dec  2 12:57:00 UTC 2025
✅ Commit 3 on Tue Dec  2 12:57:00 UTC 2025
✅ Commit 4 on Tue Dec  2 12:57:00 UTC 2025
✅ Commit 5 on Tue Dec  2 12:57:00 UTC 2025
✅ Commit 6 on Tue Dec  2 12:57:01 UTC 2025
✅ Commit 7 on Tue Dec  2 12:57:01 UTC 2025
✅ Commit 8 on Tue Dec  2 12:57:01 UTC 2025
✅ Commit 9 on Tue Dec  2 12:57:01 UTC 2025
✅ Commit 10 on Tue Dec  2 12:57:01 UTC 2025
✅ Commit 11 on Tue Dec  2 12:57:01 UTC 2025
✅ Commit 12 on Tue Dec  2 12:57:01 UTC 2025
✅ Commit 1 on Tue Dec  2 18:16:11 UTC 2025
✅ Commit 2 on Tue Dec  2 18:16:11 UTC 2025
✅ Commit 3 on Tue Dec  2 18:16:11 UTC 2025
✅ Commit 4 on Tue Dec  2 18:16:11 UTC 2025
✅ Commit 5 on Tue Dec  2 18:16:11 UTC 2025
✅ Commit 6 on Tue Dec  2 18:16:11 UTC 2025
✅ Commit 7 on Tue Dec  2 18:16:11 UTC 2025
✅ Commit 8 on Tue Dec  2 18:16:11 UTC 2025
✅ Commit 9 on Tue Dec  2 18:16:11 UTC 2025
✅ Commit 10 on Tue Dec  2 18:16:11 UTC 2025
✅ Commit 11 on Tue Dec  2 18:16:11 UTC 2025
✅ Commit 12 on Tue Dec  2 18:16:11 UTC 2025
✅ Commit 1 on Wed Dec  3 02:06:25 UTC 2025
✅ Commit 2 on Wed Dec  3 02:06:26 UTC 2025
✅ Commit 3 on Wed Dec  3 02:06:26 UTC 2025
✅ Commit 4 on Wed Dec  3 02:06:26 UTC 2025
✅ Commit 5 on Wed Dec  3 02:06:27 UTC 2025
✅ Commit 6 on Wed Dec  3 02:06:27 UTC 2025
✅ Commit 7 on Wed Dec  3 02:06:27 UTC 2025
✅ Commit 8 on Wed Dec  3 02:06:27 UTC 2025
✅ Commit 9 on Wed Dec  3 02:06:27 UTC 2025
✅ Commit 10 on Wed Dec  3 02:06:27 UTC 2025
✅ Commit 11 on Wed Dec  3 02:06:27 UTC 2025
✅ Commit 12 on Wed Dec  3 02:06:27 UTC 2025
✅ Commit 1 on Wed Dec  3 06:34:33 UTC 2025
✅ Commit 2 on Wed Dec  3 06:34:33 UTC 2025
✅ Commit 3 on Wed Dec  3 06:34:33 UTC 2025
✅ Commit 4 on Wed Dec  3 06:34:33 UTC 2025
✅ Commit 5 on Wed Dec  3 06:34:33 UTC 2025
✅ Commit 6 on Wed Dec  3 06:34:33 UTC 2025
✅ Commit 7 on Wed Dec  3 06:34:33 UTC 2025
✅ Commit 8 on Wed Dec  3 06:34:33 UTC 2025
✅ Commit 9 on Wed Dec  3 06:34:33 UTC 2025
✅ Commit 10 on Wed Dec  3 06:34:33 UTC 2025
✅ Commit 11 on Wed Dec  3 06:34:33 UTC 2025
✅ Commit 12 on Wed Dec  3 06:34:33 UTC 2025
✅ Commit 1 on Wed Dec  3 12:57:21 UTC 2025
✅ Commit 2 on Wed Dec  3 12:57:21 UTC 2025
✅ Commit 3 on Wed Dec  3 12:57:21 UTC 2025
✅ Commit 4 on Wed Dec  3 12:57:21 UTC 2025
✅ Commit 5 on Wed Dec  3 12:57:21 UTC 2025
✅ Commit 6 on Wed Dec  3 12:57:21 UTC 2025
✅ Commit 7 on Wed Dec  3 12:57:21 UTC 2025
✅ Commit 8 on Wed Dec  3 12:57:21 UTC 2025
✅ Commit 9 on Wed Dec  3 12:57:21 UTC 2025
✅ Commit 10 on Wed Dec  3 12:57:21 UTC 2025
✅ Commit 11 on Wed Dec  3 12:57:21 UTC 2025
✅ Commit 12 on Wed Dec  3 12:57:21 UTC 2025
✅ Commit 1 on Wed Dec  3 18:15:39 UTC 2025
✅ Commit 2 on Wed Dec  3 18:15:39 UTC 2025
✅ Commit 3 on Wed Dec  3 18:15:39 UTC 2025
✅ Commit 4 on Wed Dec  3 18:15:39 UTC 2025
✅ Commit 5 on Wed Dec  3 18:15:39 UTC 2025
✅ Commit 6 on Wed Dec  3 18:15:39 UTC 2025
✅ Commit 7 on Wed Dec  3 18:15:39 UTC 2025
✅ Commit 8 on Wed Dec  3 18:15:39 UTC 2025
✅ Commit 9 on Wed Dec  3 18:15:39 UTC 2025
✅ Commit 10 on Wed Dec  3 18:15:39 UTC 2025
✅ Commit 11 on Wed Dec  3 18:15:39 UTC 2025
✅ Commit 12 on Wed Dec  3 18:15:39 UTC 2025
✅ Commit 1 on Thu Dec  4 02:07:32 UTC 2025
✅ Commit 2 on Thu Dec  4 02:07:32 UTC 2025
✅ Commit 3 on Thu Dec  4 02:07:32 UTC 2025
✅ Commit 4 on Thu Dec  4 02:07:32 UTC 2025
✅ Commit 5 on Thu Dec  4 02:07:32 UTC 2025
✅ Commit 6 on Thu Dec  4 02:07:32 UTC 2025
✅ Commit 7 on Thu Dec  4 02:07:32 UTC 2025
✅ Commit 8 on Thu Dec  4 02:07:32 UTC 2025
✅ Commit 9 on Thu Dec  4 02:07:32 UTC 2025
✅ Commit 10 on Thu Dec  4 02:07:32 UTC 2025
✅ Commit 11 on Thu Dec  4 02:07:32 UTC 2025
✅ Commit 12 on Thu Dec  4 02:07:32 UTC 2025
✅ Commit 1 on Thu Dec  4 06:34:26 UTC 2025
✅ Commit 2 on Thu Dec  4 06:34:26 UTC 2025
✅ Commit 3 on Thu Dec  4 06:34:26 UTC 2025
✅ Commit 4 on Thu Dec  4 06:34:26 UTC 2025
✅ Commit 5 on Thu Dec  4 06:34:26 UTC 2025
✅ Commit 6 on Thu Dec  4 06:34:26 UTC 2025
✅ Commit 7 on Thu Dec  4 06:34:26 UTC 2025
✅ Commit 8 on Thu Dec  4 06:34:26 UTC 2025
✅ Commit 9 on Thu Dec  4 06:34:26 UTC 2025
✅ Commit 10 on Thu Dec  4 06:34:26 UTC 2025
✅ Commit 11 on Thu Dec  4 06:34:26 UTC 2025
✅ Commit 12 on Thu Dec  4 06:34:26 UTC 2025
✅ Commit 1 on Thu Dec  4 12:57:36 UTC 2025
✅ Commit 2 on Thu Dec  4 12:57:36 UTC 2025
✅ Commit 3 on Thu Dec  4 12:57:36 UTC 2025
✅ Commit 4 on Thu Dec  4 12:57:36 UTC 2025
✅ Commit 5 on Thu Dec  4 12:57:36 UTC 2025
✅ Commit 6 on Thu Dec  4 12:57:36 UTC 2025
✅ Commit 7 on Thu Dec  4 12:57:36 UTC 2025
✅ Commit 8 on Thu Dec  4 12:57:36 UTC 2025
✅ Commit 9 on Thu Dec  4 12:57:36 UTC 2025
✅ Commit 10 on Thu Dec  4 12:57:36 UTC 2025
✅ Commit 11 on Thu Dec  4 12:57:36 UTC 2025
✅ Commit 12 on Thu Dec  4 12:57:36 UTC 2025
✅ Commit 1 on Thu Dec  4 18:15:55 UTC 2025
✅ Commit 2 on Thu Dec  4 18:15:55 UTC 2025
✅ Commit 3 on Thu Dec  4 18:15:55 UTC 2025
✅ Commit 4 on Thu Dec  4 18:15:55 UTC 2025
✅ Commit 5 on Thu Dec  4 18:15:55 UTC 2025
✅ Commit 6 on Thu Dec  4 18:15:55 UTC 2025
✅ Commit 7 on Thu Dec  4 18:15:55 UTC 2025
✅ Commit 8 on Thu Dec  4 18:15:55 UTC 2025
✅ Commit 9 on Thu Dec  4 18:15:55 UTC 2025
✅ Commit 10 on Thu Dec  4 18:15:55 UTC 2025
✅ Commit 11 on Thu Dec  4 18:15:55 UTC 2025
✅ Commit 12 on Thu Dec  4 18:15:55 UTC 2025
✅ Commit 1 on Fri Dec  5 02:07:38 UTC 2025
✅ Commit 2 on Fri Dec  5 02:07:38 UTC 2025
✅ Commit 3 on Fri Dec  5 02:07:38 UTC 2025
✅ Commit 4 on Fri Dec  5 02:07:38 UTC 2025
✅ Commit 5 on Fri Dec  5 02:07:38 UTC 2025
✅ Commit 6 on Fri Dec  5 02:07:38 UTC 2025
✅ Commit 7 on Fri Dec  5 02:07:38 UTC 2025
✅ Commit 8 on Fri Dec  5 02:07:38 UTC 2025
✅ Commit 9 on Fri Dec  5 02:07:38 UTC 2025
✅ Commit 10 on Fri Dec  5 02:07:38 UTC 2025
✅ Commit 11 on Fri Dec  5 02:07:38 UTC 2025
✅ Commit 12 on Fri Dec  5 02:07:38 UTC 2025
✅ Commit 1 on Fri Dec  5 06:34:37 UTC 2025
✅ Commit 2 on Fri Dec  5 06:34:37 UTC 2025
✅ Commit 3 on Fri Dec  5 06:34:37 UTC 2025
✅ Commit 4 on Fri Dec  5 06:34:37 UTC 2025
✅ Commit 5 on Fri Dec  5 06:34:37 UTC 2025
✅ Commit 6 on Fri Dec  5 06:34:37 UTC 2025
✅ Commit 7 on Fri Dec  5 06:34:37 UTC 2025
✅ Commit 8 on Fri Dec  5 06:34:37 UTC 2025
✅ Commit 9 on Fri Dec  5 06:34:37 UTC 2025
✅ Commit 10 on Fri Dec  5 06:34:37 UTC 2025
✅ Commit 11 on Fri Dec  5 06:34:37 UTC 2025
✅ Commit 12 on Fri Dec  5 06:34:37 UTC 2025
✅ Commit 1 on Fri Dec  5 12:54:36 UTC 2025
✅ Commit 2 on Fri Dec  5 12:54:36 UTC 2025
✅ Commit 3 on Fri Dec  5 12:54:36 UTC 2025
✅ Commit 4 on Fri Dec  5 12:54:36 UTC 2025
✅ Commit 5 on Fri Dec  5 12:54:36 UTC 2025
✅ Commit 6 on Fri Dec  5 12:54:36 UTC 2025
✅ Commit 7 on Fri Dec  5 12:54:36 UTC 2025
✅ Commit 8 on Fri Dec  5 12:54:36 UTC 2025
✅ Commit 9 on Fri Dec  5 12:54:36 UTC 2025
✅ Commit 10 on Fri Dec  5 12:54:36 UTC 2025
✅ Commit 11 on Fri Dec  5 12:54:36 UTC 2025
✅ Commit 12 on Fri Dec  5 12:54:36 UTC 2025
✅ Commit 1 on Fri Dec  5 18:13:23 UTC 2025
✅ Commit 2 on Fri Dec  5 18:13:23 UTC 2025
✅ Commit 3 on Fri Dec  5 18:13:23 UTC 2025
✅ Commit 4 on Fri Dec  5 18:13:23 UTC 2025
✅ Commit 5 on Fri Dec  5 18:13:23 UTC 2025
✅ Commit 6 on Fri Dec  5 18:13:23 UTC 2025
✅ Commit 7 on Fri Dec  5 18:13:23 UTC 2025
✅ Commit 8 on Fri Dec  5 18:13:23 UTC 2025
✅ Commit 9 on Fri Dec  5 18:13:23 UTC 2025
✅ Commit 10 on Fri Dec  5 18:13:23 UTC 2025
✅ Commit 11 on Fri Dec  5 18:13:23 UTC 2025
✅ Commit 12 on Fri Dec  5 18:13:23 UTC 2025
✅ Commit 1 on Sat Dec  6 02:01:06 UTC 2025
✅ Commit 2 on Sat Dec  6 02:01:06 UTC 2025
✅ Commit 3 on Sat Dec  6 02:01:06 UTC 2025
✅ Commit 4 on Sat Dec  6 02:01:06 UTC 2025
✅ Commit 5 on Sat Dec  6 02:01:06 UTC 2025
✅ Commit 6 on Sat Dec  6 02:01:06 UTC 2025
✅ Commit 7 on Sat Dec  6 02:01:06 UTC 2025
✅ Commit 8 on Sat Dec  6 02:01:06 UTC 2025
✅ Commit 9 on Sat Dec  6 02:01:06 UTC 2025
✅ Commit 10 on Sat Dec  6 02:01:06 UTC 2025
✅ Commit 11 on Sat Dec  6 02:01:06 UTC 2025
✅ Commit 12 on Sat Dec  6 02:01:06 UTC 2025
✅ Commit 1 on Sat Dec  6 06:30:59 UTC 2025
✅ Commit 2 on Sat Dec  6 06:30:59 UTC 2025
✅ Commit 3 on Sat Dec  6 06:30:59 UTC 2025
✅ Commit 4 on Sat Dec  6 06:30:59 UTC 2025
✅ Commit 5 on Sat Dec  6 06:30:59 UTC 2025
✅ Commit 6 on Sat Dec  6 06:30:59 UTC 2025
✅ Commit 7 on Sat Dec  6 06:30:59 UTC 2025
✅ Commit 8 on Sat Dec  6 06:30:59 UTC 2025
✅ Commit 9 on Sat Dec  6 06:30:59 UTC 2025
✅ Commit 10 on Sat Dec  6 06:30:59 UTC 2025
✅ Commit 11 on Sat Dec  6 06:30:59 UTC 2025
✅ Commit 12 on Sat Dec  6 06:30:59 UTC 2025
✅ Commit 1 on Sat Dec  6 12:50:17 UTC 2025
✅ Commit 2 on Sat Dec  6 12:50:17 UTC 2025
✅ Commit 3 on Sat Dec  6 12:50:17 UTC 2025
✅ Commit 4 on Sat Dec  6 12:50:17 UTC 2025
✅ Commit 5 on Sat Dec  6 12:50:17 UTC 2025
✅ Commit 6 on Sat Dec  6 12:50:17 UTC 2025
✅ Commit 7 on Sat Dec  6 12:50:17 UTC 2025
✅ Commit 8 on Sat Dec  6 12:50:17 UTC 2025
✅ Commit 9 on Sat Dec  6 12:50:17 UTC 2025
✅ Commit 10 on Sat Dec  6 12:50:17 UTC 2025
✅ Commit 11 on Sat Dec  6 12:50:17 UTC 2025
✅ Commit 12 on Sat Dec  6 12:50:17 UTC 2025
✅ Commit 1 on Sat Dec  6 18:12:44 UTC 2025
✅ Commit 2 on Sat Dec  6 18:12:44 UTC 2025
✅ Commit 3 on Sat Dec  6 18:12:44 UTC 2025
✅ Commit 4 on Sat Dec  6 18:12:44 UTC 2025
✅ Commit 5 on Sat Dec  6 18:12:44 UTC 2025
✅ Commit 6 on Sat Dec  6 18:12:44 UTC 2025
✅ Commit 7 on Sat Dec  6 18:12:44 UTC 2025
✅ Commit 8 on Sat Dec  6 18:12:44 UTC 2025
✅ Commit 9 on Sat Dec  6 18:12:45 UTC 2025
✅ Commit 10 on Sat Dec  6 18:12:45 UTC 2025
✅ Commit 11 on Sat Dec  6 18:12:45 UTC 2025
✅ Commit 12 on Sat Dec  6 18:12:45 UTC 2025
✅ Commit 1 on Sun Dec  7 02:22:47 UTC 2025
✅ Commit 2 on Sun Dec  7 02:22:47 UTC 2025
✅ Commit 3 on Sun Dec  7 02:22:47 UTC 2025
✅ Commit 4 on Sun Dec  7 02:22:47 UTC 2025
✅ Commit 5 on Sun Dec  7 02:22:47 UTC 2025
✅ Commit 6 on Sun Dec  7 02:22:47 UTC 2025
✅ Commit 7 on Sun Dec  7 02:22:47 UTC 2025
✅ Commit 8 on Sun Dec  7 02:22:48 UTC 2025
✅ Commit 9 on Sun Dec  7 02:22:48 UTC 2025
✅ Commit 10 on Sun Dec  7 02:22:48 UTC 2025
✅ Commit 11 on Sun Dec  7 02:22:48 UTC 2025
✅ Commit 12 on Sun Dec  7 02:22:48 UTC 2025
✅ Commit 1 on Sun Dec  7 06:30:41 UTC 2025
✅ Commit 2 on Sun Dec  7 06:30:41 UTC 2025
✅ Commit 3 on Sun Dec  7 06:30:41 UTC 2025
✅ Commit 4 on Sun Dec  7 06:30:41 UTC 2025
✅ Commit 5 on Sun Dec  7 06:30:41 UTC 2025
✅ Commit 6 on Sun Dec  7 06:30:41 UTC 2025
✅ Commit 7 on Sun Dec  7 06:30:41 UTC 2025
✅ Commit 8 on Sun Dec  7 06:30:41 UTC 2025
✅ Commit 9 on Sun Dec  7 06:30:41 UTC 2025
✅ Commit 10 on Sun Dec  7 06:30:41 UTC 2025
✅ Commit 11 on Sun Dec  7 06:30:41 UTC 2025
✅ Commit 12 on Sun Dec  7 06:30:41 UTC 2025
✅ Commit 1 on Sun Dec  7 12:48:52 UTC 2025
✅ Commit 2 on Sun Dec  7 12:48:52 UTC 2025
✅ Commit 3 on Sun Dec  7 12:48:52 UTC 2025
✅ Commit 4 on Sun Dec  7 12:48:52 UTC 2025
✅ Commit 5 on Sun Dec  7 12:48:53 UTC 2025
✅ Commit 6 on Sun Dec  7 12:48:53 UTC 2025
✅ Commit 7 on Sun Dec  7 12:48:53 UTC 2025
✅ Commit 8 on Sun Dec  7 12:48:53 UTC 2025
✅ Commit 9 on Sun Dec  7 12:48:53 UTC 2025
✅ Commit 10 on Sun Dec  7 12:48:53 UTC 2025
✅ Commit 11 on Sun Dec  7 12:48:53 UTC 2025
✅ Commit 12 on Sun Dec  7 12:48:53 UTC 2025
✅ Commit 1 on Sun Dec  7 18:13:07 UTC 2025
✅ Commit 2 on Sun Dec  7 18:13:07 UTC 2025
✅ Commit 3 on Sun Dec  7 18:13:07 UTC 2025
✅ Commit 4 on Sun Dec  7 18:13:07 UTC 2025
✅ Commit 5 on Sun Dec  7 18:13:07 UTC 2025
✅ Commit 6 on Sun Dec  7 18:13:07 UTC 2025
✅ Commit 7 on Sun Dec  7 18:13:07 UTC 2025
✅ Commit 8 on Sun Dec  7 18:13:07 UTC 2025
✅ Commit 9 on Sun Dec  7 18:13:07 UTC 2025
✅ Commit 10 on Sun Dec  7 18:13:07 UTC 2025
✅ Commit 11 on Sun Dec  7 18:13:07 UTC 2025
✅ Commit 12 on Sun Dec  7 18:13:07 UTC 2025
✅ Commit 1 on Mon Dec  8 02:08:55 UTC 2025
✅ Commit 2 on Mon Dec  8 02:08:55 UTC 2025
✅ Commit 3 on Mon Dec  8 02:08:55 UTC 2025
✅ Commit 4 on Mon Dec  8 02:08:55 UTC 2025
✅ Commit 5 on Mon Dec  8 02:08:55 UTC 2025
✅ Commit 6 on Mon Dec  8 02:08:55 UTC 2025
✅ Commit 7 on Mon Dec  8 02:08:55 UTC 2025
✅ Commit 8 on Mon Dec  8 02:08:55 UTC 2025
✅ Commit 9 on Mon Dec  8 02:08:55 UTC 2025
✅ Commit 10 on Mon Dec  8 02:08:55 UTC 2025
✅ Commit 11 on Mon Dec  8 02:08:55 UTC 2025
✅ Commit 12 on Mon Dec  8 02:08:55 UTC 2025
✅ Commit 1 on Mon Dec  8 06:37:17 UTC 2025
✅ Commit 2 on Mon Dec  8 06:37:17 UTC 2025
✅ Commit 3 on Mon Dec  8 06:37:17 UTC 2025
✅ Commit 4 on Mon Dec  8 06:37:17 UTC 2025
✅ Commit 5 on Mon Dec  8 06:37:17 UTC 2025
✅ Commit 6 on Mon Dec  8 06:37:18 UTC 2025
✅ Commit 7 on Mon Dec  8 06:37:18 UTC 2025
✅ Commit 8 on Mon Dec  8 06:37:18 UTC 2025
✅ Commit 9 on Mon Dec  8 06:37:18 UTC 2025
✅ Commit 10 on Mon Dec  8 06:37:18 UTC 2025
✅ Commit 11 on Mon Dec  8 06:37:18 UTC 2025
✅ Commit 12 on Mon Dec  8 06:37:18 UTC 2025
✅ Commit 1 on Mon Dec  8 12:56:01 UTC 2025
✅ Commit 2 on Mon Dec  8 12:56:01 UTC 2025
✅ Commit 3 on Mon Dec  8 12:56:01 UTC 2025
✅ Commit 4 on Mon Dec  8 12:56:01 UTC 2025
✅ Commit 5 on Mon Dec  8 12:56:01 UTC 2025
✅ Commit 6 on Mon Dec  8 12:56:01 UTC 2025
✅ Commit 7 on Mon Dec  8 12:56:01 UTC 2025
✅ Commit 8 on Mon Dec  8 12:56:01 UTC 2025
✅ Commit 9 on Mon Dec  8 12:56:01 UTC 2025
✅ Commit 10 on Mon Dec  8 12:56:01 UTC 2025
✅ Commit 11 on Mon Dec  8 12:56:01 UTC 2025
✅ Commit 12 on Mon Dec  8 12:56:01 UTC 2025
✅ Commit 1 on Mon Dec  8 18:15:54 UTC 2025
✅ Commit 2 on Mon Dec  8 18:15:54 UTC 2025
✅ Commit 3 on Mon Dec  8 18:15:54 UTC 2025
✅ Commit 4 on Mon Dec  8 18:15:54 UTC 2025
✅ Commit 5 on Mon Dec  8 18:15:54 UTC 2025
✅ Commit 6 on Mon Dec  8 18:15:54 UTC 2025
✅ Commit 7 on Mon Dec  8 18:15:54 UTC 2025
✅ Commit 8 on Mon Dec  8 18:15:54 UTC 2025
✅ Commit 9 on Mon Dec  8 18:15:54 UTC 2025
✅ Commit 10 on Mon Dec  8 18:15:54 UTC 2025
✅ Commit 11 on Mon Dec  8 18:15:54 UTC 2025
✅ Commit 12 on Mon Dec  8 18:15:54 UTC 2025
✅ Commit 1 on Tue Dec  9 02:07:26 UTC 2025
✅ Commit 2 on Tue Dec  9 02:07:26 UTC 2025
✅ Commit 3 on Tue Dec  9 02:07:26 UTC 2025
✅ Commit 4 on Tue Dec  9 02:07:26 UTC 2025
✅ Commit 5 on Tue Dec  9 02:07:26 UTC 2025
✅ Commit 6 on Tue Dec  9 02:07:26 UTC 2025
✅ Commit 7 on Tue Dec  9 02:07:26 UTC 2025
✅ Commit 8 on Tue Dec  9 02:07:26 UTC 2025
✅ Commit 9 on Tue Dec  9 02:07:26 UTC 2025
✅ Commit 10 on Tue Dec  9 02:07:26 UTC 2025
✅ Commit 11 on Tue Dec  9 02:07:26 UTC 2025
✅ Commit 12 on Tue Dec  9 02:07:26 UTC 2025
✅ Commit 1 on Tue Dec  9 06:35:35 UTC 2025
✅ Commit 2 on Tue Dec  9 06:35:35 UTC 2025
✅ Commit 3 on Tue Dec  9 06:35:35 UTC 2025
✅ Commit 4 on Tue Dec  9 06:35:35 UTC 2025
✅ Commit 5 on Tue Dec  9 06:35:35 UTC 2025
✅ Commit 6 on Tue Dec  9 06:35:35 UTC 2025
✅ Commit 7 on Tue Dec  9 06:35:35 UTC 2025
✅ Commit 8 on Tue Dec  9 06:35:35 UTC 2025
✅ Commit 9 on Tue Dec  9 06:35:35 UTC 2025
✅ Commit 10 on Tue Dec  9 06:35:35 UTC 2025
✅ Commit 11 on Tue Dec  9 06:35:35 UTC 2025
✅ Commit 12 on Tue Dec  9 06:35:35 UTC 2025
✅ Commit 1 on Tue Dec  9 12:57:46 UTC 2025
✅ Commit 2 on Tue Dec  9 12:57:46 UTC 2025
✅ Commit 3 on Tue Dec  9 12:57:46 UTC 2025
✅ Commit 4 on Tue Dec  9 12:57:46 UTC 2025
✅ Commit 5 on Tue Dec  9 12:57:46 UTC 2025
✅ Commit 6 on Tue Dec  9 12:57:46 UTC 2025
✅ Commit 7 on Tue Dec  9 12:57:46 UTC 2025
✅ Commit 8 on Tue Dec  9 12:57:46 UTC 2025
✅ Commit 9 on Tue Dec  9 12:57:46 UTC 2025
✅ Commit 10 on Tue Dec  9 12:57:46 UTC 2025
✅ Commit 11 on Tue Dec  9 12:57:46 UTC 2025
✅ Commit 12 on Tue Dec  9 12:57:46 UTC 2025
✅ Commit 1 on Tue Dec  9 18:13:15 UTC 2025
✅ Commit 2 on Tue Dec  9 18:13:15 UTC 2025
✅ Commit 3 on Tue Dec  9 18:13:15 UTC 2025
✅ Commit 4 on Tue Dec  9 18:13:15 UTC 2025
✅ Commit 5 on Tue Dec  9 18:13:15 UTC 2025
✅ Commit 6 on Tue Dec  9 18:13:15 UTC 2025
✅ Commit 7 on Tue Dec  9 18:13:15 UTC 2025
✅ Commit 8 on Tue Dec  9 18:13:15 UTC 2025
✅ Commit 9 on Tue Dec  9 18:13:15 UTC 2025
✅ Commit 10 on Tue Dec  9 18:13:15 UTC 2025
✅ Commit 11 on Tue Dec  9 18:13:15 UTC 2025
✅ Commit 12 on Tue Dec  9 18:13:15 UTC 2025
✅ Commit 1 on Wed Dec 10 02:09:49 UTC 2025
✅ Commit 2 on Wed Dec 10 02:09:49 UTC 2025
✅ Commit 3 on Wed Dec 10 02:09:49 UTC 2025
✅ Commit 4 on Wed Dec 10 02:09:49 UTC 2025
✅ Commit 5 on Wed Dec 10 02:09:49 UTC 2025
✅ Commit 6 on Wed Dec 10 02:09:49 UTC 2025
✅ Commit 7 on Wed Dec 10 02:09:49 UTC 2025
✅ Commit 8 on Wed Dec 10 02:09:49 UTC 2025
✅ Commit 9 on Wed Dec 10 02:09:49 UTC 2025
✅ Commit 10 on Wed Dec 10 02:09:49 UTC 2025
✅ Commit 11 on Wed Dec 10 02:09:49 UTC 2025
✅ Commit 12 on Wed Dec 10 02:09:49 UTC 2025
✅ Commit 1 on Wed Dec 10 06:35:47 UTC 2025
✅ Commit 2 on Wed Dec 10 06:35:47 UTC 2025
✅ Commit 3 on Wed Dec 10 06:35:47 UTC 2025
✅ Commit 4 on Wed Dec 10 06:35:48 UTC 2025
✅ Commit 5 on Wed Dec 10 06:35:48 UTC 2025
✅ Commit 6 on Wed Dec 10 06:35:48 UTC 2025
✅ Commit 7 on Wed Dec 10 06:35:48 UTC 2025
✅ Commit 8 on Wed Dec 10 06:35:48 UTC 2025
✅ Commit 9 on Wed Dec 10 06:35:48 UTC 2025
✅ Commit 10 on Wed Dec 10 06:35:48 UTC 2025
✅ Commit 11 on Wed Dec 10 06:35:48 UTC 2025
✅ Commit 12 on Wed Dec 10 06:35:48 UTC 2025
✅ Commit 1 on Wed Dec 10 12:58:04 UTC 2025
✅ Commit 2 on Wed Dec 10 12:58:04 UTC 2025
✅ Commit 3 on Wed Dec 10 12:58:04 UTC 2025
✅ Commit 4 on Wed Dec 10 12:58:04 UTC 2025
✅ Commit 5 on Wed Dec 10 12:58:04 UTC 2025
✅ Commit 6 on Wed Dec 10 12:58:04 UTC 2025
✅ Commit 7 on Wed Dec 10 12:58:04 UTC 2025
✅ Commit 8 on Wed Dec 10 12:58:04 UTC 2025
✅ Commit 9 on Wed Dec 10 12:58:04 UTC 2025
✅ Commit 10 on Wed Dec 10 12:58:04 UTC 2025
✅ Commit 11 on Wed Dec 10 12:58:04 UTC 2025
✅ Commit 12 on Wed Dec 10 12:58:04 UTC 2025
✅ Commit 1 on Wed Dec 10 18:16:09 UTC 2025
✅ Commit 2 on Wed Dec 10 18:16:09 UTC 2025
✅ Commit 3 on Wed Dec 10 18:16:09 UTC 2025
✅ Commit 4 on Wed Dec 10 18:16:09 UTC 2025
✅ Commit 5 on Wed Dec 10 18:16:09 UTC 2025
✅ Commit 6 on Wed Dec 10 18:16:09 UTC 2025
✅ Commit 7 on Wed Dec 10 18:16:09 UTC 2025
✅ Commit 8 on Wed Dec 10 18:16:09 UTC 2025
✅ Commit 9 on Wed Dec 10 18:16:09 UTC 2025
✅ Commit 10 on Wed Dec 10 18:16:09 UTC 2025
✅ Commit 11 on Wed Dec 10 18:16:09 UTC 2025
✅ Commit 12 on Wed Dec 10 18:16:09 UTC 2025
✅ Commit 1 on Thu Dec 11 02:11:14 UTC 2025
✅ Commit 2 on Thu Dec 11 02:11:14 UTC 2025
✅ Commit 3 on Thu Dec 11 02:11:14 UTC 2025
✅ Commit 4 on Thu Dec 11 02:11:14 UTC 2025
✅ Commit 5 on Thu Dec 11 02:11:14 UTC 2025
✅ Commit 6 on Thu Dec 11 02:11:14 UTC 2025
✅ Commit 7 on Thu Dec 11 02:11:14 UTC 2025
✅ Commit 8 on Thu Dec 11 02:11:14 UTC 2025
✅ Commit 9 on Thu Dec 11 02:11:14 UTC 2025
✅ Commit 10 on Thu Dec 11 02:11:14 UTC 2025
✅ Commit 11 on Thu Dec 11 02:11:15 UTC 2025
✅ Commit 12 on Thu Dec 11 02:11:15 UTC 2025
✅ Commit 1 on Thu Dec 11 06:36:18 UTC 2025
✅ Commit 2 on Thu Dec 11 06:36:18 UTC 2025
✅ Commit 3 on Thu Dec 11 06:36:18 UTC 2025
✅ Commit 4 on Thu Dec 11 06:36:18 UTC 2025
✅ Commit 5 on Thu Dec 11 06:36:18 UTC 2025
✅ Commit 6 on Thu Dec 11 06:36:18 UTC 2025
✅ Commit 7 on Thu Dec 11 06:36:18 UTC 2025
✅ Commit 8 on Thu Dec 11 06:36:18 UTC 2025
✅ Commit 9 on Thu Dec 11 06:36:18 UTC 2025
✅ Commit 10 on Thu Dec 11 06:36:18 UTC 2025
✅ Commit 11 on Thu Dec 11 06:36:18 UTC 2025
✅ Commit 12 on Thu Dec 11 06:36:18 UTC 2025
✅ Commit 1 on Thu Dec 11 12:59:27 UTC 2025
✅ Commit 2 on Thu Dec 11 12:59:27 UTC 2025
✅ Commit 3 on Thu Dec 11 12:59:27 UTC 2025
✅ Commit 4 on Thu Dec 11 12:59:27 UTC 2025
✅ Commit 5 on Thu Dec 11 12:59:27 UTC 2025
✅ Commit 6 on Thu Dec 11 12:59:27 UTC 2025
✅ Commit 7 on Thu Dec 11 12:59:27 UTC 2025
✅ Commit 8 on Thu Dec 11 12:59:27 UTC 2025
✅ Commit 9 on Thu Dec 11 12:59:27 UTC 2025
✅ Commit 10 on Thu Dec 11 12:59:27 UTC 2025
✅ Commit 11 on Thu Dec 11 12:59:27 UTC 2025
✅ Commit 12 on Thu Dec 11 12:59:27 UTC 2025
✅ Commit 1 on Thu Dec 11 18:14:13 UTC 2025
✅ Commit 2 on Thu Dec 11 18:14:13 UTC 2025
✅ Commit 3 on Thu Dec 11 18:14:13 UTC 2025
✅ Commit 4 on Thu Dec 11 18:14:13 UTC 2025
✅ Commit 5 on Thu Dec 11 18:14:13 UTC 2025
✅ Commit 6 on Thu Dec 11 18:14:13 UTC 2025
✅ Commit 7 on Thu Dec 11 18:14:13 UTC 2025
✅ Commit 8 on Thu Dec 11 18:14:13 UTC 2025
✅ Commit 9 on Thu Dec 11 18:14:13 UTC 2025
✅ Commit 10 on Thu Dec 11 18:14:13 UTC 2025
✅ Commit 11 on Thu Dec 11 18:14:13 UTC 2025
✅ Commit 12 on Thu Dec 11 18:14:13 UTC 2025
✅ Commit 1 on Fri Dec 12 02:11:14 UTC 2025
✅ Commit 2 on Fri Dec 12 02:11:14 UTC 2025
✅ Commit 3 on Fri Dec 12 02:11:14 UTC 2025
✅ Commit 4 on Fri Dec 12 02:11:14 UTC 2025
✅ Commit 5 on Fri Dec 12 02:11:14 UTC 2025
✅ Commit 6 on Fri Dec 12 02:11:15 UTC 2025
✅ Commit 7 on Fri Dec 12 02:11:15 UTC 2025
✅ Commit 8 on Fri Dec 12 02:11:15 UTC 2025
✅ Commit 9 on Fri Dec 12 02:11:15 UTC 2025
✅ Commit 10 on Fri Dec 12 02:11:15 UTC 2025
✅ Commit 11 on Fri Dec 12 02:11:15 UTC 2025
✅ Commit 12 on Fri Dec 12 02:11:15 UTC 2025
✅ Commit 1 on Fri Dec 12 06:36:10 UTC 2025
✅ Commit 2 on Fri Dec 12 06:36:10 UTC 2025
✅ Commit 3 on Fri Dec 12 06:36:10 UTC 2025
✅ Commit 4 on Fri Dec 12 06:36:10 UTC 2025
✅ Commit 5 on Fri Dec 12 06:36:10 UTC 2025
✅ Commit 6 on Fri Dec 12 06:36:10 UTC 2025
✅ Commit 7 on Fri Dec 12 06:36:10 UTC 2025
✅ Commit 8 on Fri Dec 12 06:36:10 UTC 2025
✅ Commit 9 on Fri Dec 12 06:36:10 UTC 2025
✅ Commit 10 on Fri Dec 12 06:36:10 UTC 2025
✅ Commit 11 on Fri Dec 12 06:36:10 UTC 2025
✅ Commit 12 on Fri Dec 12 06:36:10 UTC 2025
✅ Commit 1 on Fri Dec 12 12:56:20 UTC 2025
✅ Commit 2 on Fri Dec 12 12:56:20 UTC 2025
✅ Commit 3 on Fri Dec 12 12:56:20 UTC 2025
✅ Commit 4 on Fri Dec 12 12:56:20 UTC 2025
✅ Commit 5 on Fri Dec 12 12:56:20 UTC 2025
✅ Commit 6 on Fri Dec 12 12:56:20 UTC 2025
✅ Commit 7 on Fri Dec 12 12:56:20 UTC 2025
✅ Commit 8 on Fri Dec 12 12:56:20 UTC 2025
✅ Commit 9 on Fri Dec 12 12:56:20 UTC 2025
✅ Commit 10 on Fri Dec 12 12:56:20 UTC 2025
✅ Commit 11 on Fri Dec 12 12:56:20 UTC 2025
✅ Commit 12 on Fri Dec 12 12:56:20 UTC 2025
✅ Commit 1 on Fri Dec 12 18:15:50 UTC 2025
✅ Commit 2 on Fri Dec 12 18:15:50 UTC 2025
✅ Commit 3 on Fri Dec 12 18:15:50 UTC 2025
✅ Commit 4 on Fri Dec 12 18:15:50 UTC 2025
✅ Commit 5 on Fri Dec 12 18:15:50 UTC 2025
✅ Commit 6 on Fri Dec 12 18:15:50 UTC 2025
✅ Commit 7 on Fri Dec 12 18:15:50 UTC 2025
✅ Commit 8 on Fri Dec 12 18:15:50 UTC 2025
✅ Commit 9 on Fri Dec 12 18:15:50 UTC 2025
✅ Commit 10 on Fri Dec 12 18:15:50 UTC 2025
✅ Commit 11 on Fri Dec 12 18:15:50 UTC 2025
✅ Commit 12 on Fri Dec 12 18:15:50 UTC 2025
✅ Commit 1 on Sat Dec 13 02:04:08 UTC 2025
✅ Commit 2 on Sat Dec 13 02:04:08 UTC 2025
✅ Commit 3 on Sat Dec 13 02:04:08 UTC 2025
✅ Commit 4 on Sat Dec 13 02:04:08 UTC 2025
✅ Commit 5 on Sat Dec 13 02:04:08 UTC 2025
✅ Commit 6 on Sat Dec 13 02:04:08 UTC 2025
✅ Commit 7 on Sat Dec 13 02:04:08 UTC 2025
✅ Commit 8 on Sat Dec 13 02:04:08 UTC 2025
✅ Commit 9 on Sat Dec 13 02:04:08 UTC 2025
✅ Commit 10 on Sat Dec 13 02:04:08 UTC 2025
✅ Commit 11 on Sat Dec 13 02:04:08 UTC 2025
✅ Commit 12 on Sat Dec 13 02:04:08 UTC 2025
✅ Commit 1 on Sat Dec 13 06:32:34 UTC 2025
✅ Commit 2 on Sat Dec 13 06:32:34 UTC 2025
✅ Commit 3 on Sat Dec 13 06:32:34 UTC 2025
✅ Commit 4 on Sat Dec 13 06:32:34 UTC 2025
✅ Commit 5 on Sat Dec 13 06:32:34 UTC 2025
✅ Commit 6 on Sat Dec 13 06:32:34 UTC 2025
✅ Commit 7 on Sat Dec 13 06:32:34 UTC 2025
✅ Commit 8 on Sat Dec 13 06:32:34 UTC 2025
✅ Commit 9 on Sat Dec 13 06:32:34 UTC 2025
✅ Commit 10 on Sat Dec 13 06:32:34 UTC 2025
✅ Commit 11 on Sat Dec 13 06:32:34 UTC 2025
✅ Commit 12 on Sat Dec 13 06:32:34 UTC 2025
✅ Commit 1 on Sat Dec 13 12:51:03 UTC 2025
✅ Commit 2 on Sat Dec 13 12:51:03 UTC 2025
✅ Commit 3 on Sat Dec 13 12:51:03 UTC 2025
✅ Commit 4 on Sat Dec 13 12:51:03 UTC 2025
✅ Commit 5 on Sat Dec 13 12:51:03 UTC 2025
✅ Commit 6 on Sat Dec 13 12:51:04 UTC 2025
✅ Commit 7 on Sat Dec 13 12:51:04 UTC 2025
✅ Commit 8 on Sat Dec 13 12:51:04 UTC 2025
✅ Commit 9 on Sat Dec 13 12:51:04 UTC 2025
✅ Commit 10 on Sat Dec 13 12:51:04 UTC 2025
✅ Commit 11 on Sat Dec 13 12:51:04 UTC 2025
✅ Commit 12 on Sat Dec 13 12:51:04 UTC 2025
✅ Commit 1 on Sat Dec 13 18:12:52 UTC 2025
✅ Commit 2 on Sat Dec 13 18:12:52 UTC 2025
✅ Commit 3 on Sat Dec 13 18:12:52 UTC 2025
✅ Commit 4 on Sat Dec 13 18:12:52 UTC 2025
✅ Commit 5 on Sat Dec 13 18:12:52 UTC 2025
✅ Commit 6 on Sat Dec 13 18:12:52 UTC 2025
✅ Commit 7 on Sat Dec 13 18:12:52 UTC 2025
✅ Commit 8 on Sat Dec 13 18:12:52 UTC 2025
✅ Commit 9 on Sat Dec 13 18:12:52 UTC 2025
✅ Commit 10 on Sat Dec 13 18:12:52 UTC 2025
✅ Commit 11 on Sat Dec 13 18:12:52 UTC 2025
✅ Commit 12 on Sat Dec 13 18:12:52 UTC 2025
✅ Commit 1 on Sun Dec 14 02:23:36 UTC 2025
✅ Commit 2 on Sun Dec 14 02:23:36 UTC 2025
✅ Commit 3 on Sun Dec 14 02:23:37 UTC 2025
✅ Commit 4 on Sun Dec 14 02:23:37 UTC 2025
✅ Commit 5 on Sun Dec 14 02:23:37 UTC 2025
✅ Commit 6 on Sun Dec 14 02:23:37 UTC 2025
✅ Commit 7 on Sun Dec 14 02:23:37 UTC 2025
✅ Commit 8 on Sun Dec 14 02:23:37 UTC 2025
✅ Commit 9 on Sun Dec 14 02:23:37 UTC 2025
✅ Commit 10 on Sun Dec 14 02:23:37 UTC 2025
✅ Commit 11 on Sun Dec 14 02:23:37 UTC 2025
✅ Commit 12 on Sun Dec 14 02:23:37 UTC 2025
✅ Commit 1 on Sun Dec 14 06:32:10 UTC 2025
✅ Commit 2 on Sun Dec 14 06:32:10 UTC 2025
✅ Commit 3 on Sun Dec 14 06:32:10 UTC 2025
✅ Commit 4 on Sun Dec 14 06:32:10 UTC 2025
✅ Commit 5 on Sun Dec 14 06:32:10 UTC 2025
✅ Commit 6 on Sun Dec 14 06:32:10 UTC 2025
✅ Commit 7 on Sun Dec 14 06:32:10 UTC 2025
✅ Commit 8 on Sun Dec 14 06:32:10 UTC 2025
✅ Commit 9 on Sun Dec 14 06:32:10 UTC 2025
✅ Commit 10 on Sun Dec 14 06:32:10 UTC 2025
✅ Commit 11 on Sun Dec 14 06:32:10 UTC 2025
✅ Commit 12 on Sun Dec 14 06:32:10 UTC 2025
✅ Commit 1 on Sun Dec 14 12:51:04 UTC 2025
✅ Commit 2 on Sun Dec 14 12:51:04 UTC 2025
✅ Commit 3 on Sun Dec 14 12:51:04 UTC 2025
✅ Commit 4 on Sun Dec 14 12:51:04 UTC 2025
✅ Commit 5 on Sun Dec 14 12:51:04 UTC 2025
✅ Commit 6 on Sun Dec 14 12:51:04 UTC 2025
✅ Commit 7 on Sun Dec 14 12:51:04 UTC 2025
✅ Commit 8 on Sun Dec 14 12:51:04 UTC 2025
✅ Commit 9 on Sun Dec 14 12:51:04 UTC 2025
✅ Commit 10 on Sun Dec 14 12:51:04 UTC 2025
✅ Commit 11 on Sun Dec 14 12:51:04 UTC 2025
✅ Commit 12 on Sun Dec 14 12:51:04 UTC 2025
✅ Commit 1 on Sun Dec 14 18:13:45 UTC 2025
✅ Commit 2 on Sun Dec 14 18:13:45 UTC 2025
✅ Commit 3 on Sun Dec 14 18:13:45 UTC 2025
✅ Commit 4 on Sun Dec 14 18:13:45 UTC 2025
✅ Commit 5 on Sun Dec 14 18:13:45 UTC 2025
✅ Commit 6 on Sun Dec 14 18:13:45 UTC 2025
✅ Commit 7 on Sun Dec 14 18:13:45 UTC 2025
✅ Commit 8 on Sun Dec 14 18:13:45 UTC 2025
✅ Commit 9 on Sun Dec 14 18:13:45 UTC 2025
✅ Commit 10 on Sun Dec 14 18:13:45 UTC 2025
✅ Commit 11 on Sun Dec 14 18:13:45 UTC 2025
✅ Commit 12 on Sun Dec 14 18:13:45 UTC 2025
✅ Commit 1 on Mon Dec 15 02:20:57 UTC 2025
✅ Commit 2 on Mon Dec 15 02:20:57 UTC 2025
✅ Commit 3 on Mon Dec 15 02:20:57 UTC 2025
✅ Commit 4 on Mon Dec 15 02:20:57 UTC 2025
✅ Commit 5 on Mon Dec 15 02:20:57 UTC 2025
✅ Commit 6 on Mon Dec 15 02:20:57 UTC 2025
✅ Commit 7 on Mon Dec 15 02:20:57 UTC 2025
✅ Commit 8 on Mon Dec 15 02:20:57 UTC 2025
✅ Commit 9 on Mon Dec 15 02:20:57 UTC 2025
✅ Commit 10 on Mon Dec 15 02:20:57 UTC 2025
✅ Commit 11 on Mon Dec 15 02:20:57 UTC 2025
✅ Commit 12 on Mon Dec 15 02:20:57 UTC 2025
✅ Commit 1 on Mon Dec 15 06:37:55 UTC 2025
✅ Commit 2 on Mon Dec 15 06:37:56 UTC 2025
✅ Commit 3 on Mon Dec 15 06:37:56 UTC 2025
✅ Commit 4 on Mon Dec 15 06:37:56 UTC 2025
✅ Commit 5 on Mon Dec 15 06:37:56 UTC 2025
✅ Commit 6 on Mon Dec 15 06:37:56 UTC 2025
✅ Commit 7 on Mon Dec 15 06:37:56 UTC 2025
✅ Commit 8 on Mon Dec 15 06:37:56 UTC 2025
✅ Commit 9 on Mon Dec 15 06:37:56 UTC 2025
✅ Commit 10 on Mon Dec 15 06:37:56 UTC 2025
✅ Commit 11 on Mon Dec 15 06:37:56 UTC 2025
✅ Commit 12 on Mon Dec 15 06:37:56 UTC 2025
✅ Commit 1 on Mon Dec 15 13:00:01 UTC 2025
✅ Commit 2 on Mon Dec 15 13:00:01 UTC 2025
✅ Commit 3 on Mon Dec 15 13:00:01 UTC 2025
✅ Commit 4 on Mon Dec 15 13:00:01 UTC 2025
✅ Commit 5 on Mon Dec 15 13:00:01 UTC 2025
✅ Commit 6 on Mon Dec 15 13:00:01 UTC 2025
✅ Commit 7 on Mon Dec 15 13:00:01 UTC 2025
✅ Commit 8 on Mon Dec 15 13:00:01 UTC 2025
✅ Commit 9 on Mon Dec 15 13:00:01 UTC 2025
✅ Commit 10 on Mon Dec 15 13:00:01 UTC 2025
✅ Commit 11 on Mon Dec 15 13:00:01 UTC 2025
✅ Commit 12 on Mon Dec 15 13:00:01 UTC 2025
✅ Commit 1 on Mon Dec 15 18:16:01 UTC 2025
✅ Commit 2 on Mon Dec 15 18:16:01 UTC 2025
✅ Commit 3 on Mon Dec 15 18:16:01 UTC 2025
✅ Commit 4 on Mon Dec 15 18:16:01 UTC 2025
✅ Commit 5 on Mon Dec 15 18:16:01 UTC 2025
✅ Commit 6 on Mon Dec 15 18:16:01 UTC 2025
✅ Commit 7 on Mon Dec 15 18:16:01 UTC 2025
✅ Commit 8 on Mon Dec 15 18:16:01 UTC 2025
✅ Commit 9 on Mon Dec 15 18:16:01 UTC 2025
✅ Commit 10 on Mon Dec 15 18:16:01 UTC 2025
✅ Commit 11 on Mon Dec 15 18:16:01 UTC 2025
✅ Commit 12 on Mon Dec 15 18:16:01 UTC 2025
✅ Commit 1 on Tue Dec 16 02:11:52 UTC 2025
✅ Commit 2 on Tue Dec 16 02:11:52 UTC 2025
✅ Commit 3 on Tue Dec 16 02:11:52 UTC 2025
✅ Commit 4 on Tue Dec 16 02:11:52 UTC 2025
✅ Commit 5 on Tue Dec 16 02:11:52 UTC 2025
✅ Commit 6 on Tue Dec 16 02:11:52 UTC 2025
✅ Commit 7 on Tue Dec 16 02:11:52 UTC 2025
✅ Commit 8 on Tue Dec 16 02:11:52 UTC 2025
✅ Commit 9 on Tue Dec 16 02:11:52 UTC 2025
✅ Commit 10 on Tue Dec 16 02:11:52 UTC 2025
✅ Commit 11 on Tue Dec 16 02:11:52 UTC 2025
✅ Commit 12 on Tue Dec 16 02:11:52 UTC 2025
✅ Commit 1 on Tue Dec 16 06:36:15 UTC 2025
✅ Commit 2 on Tue Dec 16 06:36:15 UTC 2025
✅ Commit 3 on Tue Dec 16 06:36:15 UTC 2025
✅ Commit 4 on Tue Dec 16 06:36:15 UTC 2025
✅ Commit 5 on Tue Dec 16 06:36:15 UTC 2025
✅ Commit 6 on Tue Dec 16 06:36:15 UTC 2025
✅ Commit 7 on Tue Dec 16 06:36:15 UTC 2025
✅ Commit 8 on Tue Dec 16 06:36:15 UTC 2025
✅ Commit 9 on Tue Dec 16 06:36:15 UTC 2025
✅ Commit 10 on Tue Dec 16 06:36:15 UTC 2025
✅ Commit 11 on Tue Dec 16 06:36:16 UTC 2025
✅ Commit 12 on Tue Dec 16 06:36:16 UTC 2025
✅ Commit 1 on Tue Dec 16 12:58:10 UTC 2025
✅ Commit 2 on Tue Dec 16 12:58:10 UTC 2025
✅ Commit 3 on Tue Dec 16 12:58:10 UTC 2025
✅ Commit 4 on Tue Dec 16 12:58:10 UTC 2025
✅ Commit 5 on Tue Dec 16 12:58:10 UTC 2025
✅ Commit 6 on Tue Dec 16 12:58:10 UTC 2025
✅ Commit 7 on Tue Dec 16 12:58:10 UTC 2025
✅ Commit 8 on Tue Dec 16 12:58:10 UTC 2025
✅ Commit 9 on Tue Dec 16 12:58:10 UTC 2025
✅ Commit 10 on Tue Dec 16 12:58:10 UTC 2025
✅ Commit 11 on Tue Dec 16 12:58:10 UTC 2025
✅ Commit 12 on Tue Dec 16 12:58:10 UTC 2025
✅ Commit 1 on Tue Dec 16 18:16:09 UTC 2025
✅ Commit 2 on Tue Dec 16 18:16:09 UTC 2025
✅ Commit 3 on Tue Dec 16 18:16:09 UTC 2025
✅ Commit 4 on Tue Dec 16 18:16:09 UTC 2025
✅ Commit 5 on Tue Dec 16 18:16:09 UTC 2025
✅ Commit 6 on Tue Dec 16 18:16:09 UTC 2025
✅ Commit 7 on Tue Dec 16 18:16:09 UTC 2025
✅ Commit 8 on Tue Dec 16 18:16:09 UTC 2025
✅ Commit 9 on Tue Dec 16 18:16:09 UTC 2025
✅ Commit 10 on Tue Dec 16 18:16:09 UTC 2025
✅ Commit 11 on Tue Dec 16 18:16:09 UTC 2025
✅ Commit 12 on Tue Dec 16 18:16:09 UTC 2025
✅ Commit 1 on Wed Dec 17 02:06:52 UTC 2025
✅ Commit 2 on Wed Dec 17 02:06:52 UTC 2025
✅ Commit 3 on Wed Dec 17 02:06:52 UTC 2025
✅ Commit 4 on Wed Dec 17 02:06:53 UTC 2025
✅ Commit 5 on Wed Dec 17 02:06:53 UTC 2025
✅ Commit 6 on Wed Dec 17 02:06:53 UTC 2025
✅ Commit 7 on Wed Dec 17 02:06:53 UTC 2025
✅ Commit 8 on Wed Dec 17 02:06:53 UTC 2025
✅ Commit 9 on Wed Dec 17 02:06:53 UTC 2025
✅ Commit 10 on Wed Dec 17 02:06:53 UTC 2025
✅ Commit 11 on Wed Dec 17 02:06:53 UTC 2025
✅ Commit 12 on Wed Dec 17 02:06:53 UTC 2025
✅ Commit 1 on Wed Dec 17 06:35:59 UTC 2025
✅ Commit 2 on Wed Dec 17 06:35:59 UTC 2025
✅ Commit 3 on Wed Dec 17 06:35:59 UTC 2025
✅ Commit 4 on Wed Dec 17 06:36:00 UTC 2025
✅ Commit 5 on Wed Dec 17 06:36:00 UTC 2025
✅ Commit 6 on Wed Dec 17 06:36:00 UTC 2025
✅ Commit 7 on Wed Dec 17 06:36:00 UTC 2025
✅ Commit 8 on Wed Dec 17 06:36:00 UTC 2025
✅ Commit 9 on Wed Dec 17 06:36:00 UTC 2025
✅ Commit 10 on Wed Dec 17 06:36:00 UTC 2025
✅ Commit 11 on Wed Dec 17 06:36:00 UTC 2025
✅ Commit 12 on Wed Dec 17 06:36:00 UTC 2025
✅ Commit 1 on Wed Dec 17 12:58:26 UTC 2025
✅ Commit 2 on Wed Dec 17 12:58:26 UTC 2025
✅ Commit 3 on Wed Dec 17 12:58:26 UTC 2025
✅ Commit 4 on Wed Dec 17 12:58:26 UTC 2025
✅ Commit 5 on Wed Dec 17 12:58:26 UTC 2025
✅ Commit 6 on Wed Dec 17 12:58:26 UTC 2025
✅ Commit 7 on Wed Dec 17 12:58:26 UTC 2025
✅ Commit 8 on Wed Dec 17 12:58:26 UTC 2025
✅ Commit 9 on Wed Dec 17 12:58:26 UTC 2025
✅ Commit 10 on Wed Dec 17 12:58:26 UTC 2025
✅ Commit 11 on Wed Dec 17 12:58:26 UTC 2025
✅ Commit 12 on Wed Dec 17 12:58:26 UTC 2025
✅ Commit 1 on Wed Dec 17 18:16:31 UTC 2025
✅ Commit 2 on Wed Dec 17 18:16:31 UTC 2025
✅ Commit 3 on Wed Dec 17 18:16:31 UTC 2025
✅ Commit 4 on Wed Dec 17 18:16:31 UTC 2025
✅ Commit 5 on Wed Dec 17 18:16:31 UTC 2025
✅ Commit 6 on Wed Dec 17 18:16:31 UTC 2025
✅ Commit 7 on Wed Dec 17 18:16:31 UTC 2025
✅ Commit 8 on Wed Dec 17 18:16:31 UTC 2025
✅ Commit 9 on Wed Dec 17 18:16:31 UTC 2025
✅ Commit 10 on Wed Dec 17 18:16:31 UTC 2025
✅ Commit 11 on Wed Dec 17 18:16:31 UTC 2025
✅ Commit 12 on Wed Dec 17 18:16:31 UTC 2025
✅ Commit 1 on Thu Dec 18 02:07:25 UTC 2025
✅ Commit 2 on Thu Dec 18 02:07:25 UTC 2025
✅ Commit 3 on Thu Dec 18 02:07:25 UTC 2025
✅ Commit 4 on Thu Dec 18 02:07:25 UTC 2025
✅ Commit 5 on Thu Dec 18 02:07:25 UTC 2025
✅ Commit 6 on Thu Dec 18 02:07:25 UTC 2025
✅ Commit 7 on Thu Dec 18 02:07:25 UTC 2025
✅ Commit 8 on Thu Dec 18 02:07:25 UTC 2025
✅ Commit 9 on Thu Dec 18 02:07:25 UTC 2025
✅ Commit 10 on Thu Dec 18 02:07:25 UTC 2025
✅ Commit 11 on Thu Dec 18 02:07:25 UTC 2025
✅ Commit 12 on Thu Dec 18 02:07:25 UTC 2025
✅ Commit 1 on Thu Dec 18 06:35:56 UTC 2025
✅ Commit 2 on Thu Dec 18 06:35:56 UTC 2025
✅ Commit 3 on Thu Dec 18 06:35:56 UTC 2025
✅ Commit 4 on Thu Dec 18 06:35:56 UTC 2025
✅ Commit 5 on Thu Dec 18 06:35:56 UTC 2025
✅ Commit 6 on Thu Dec 18 06:35:56 UTC 2025
✅ Commit 7 on Thu Dec 18 06:35:56 UTC 2025
✅ Commit 8 on Thu Dec 18 06:35:56 UTC 2025
✅ Commit 9 on Thu Dec 18 06:35:56 UTC 2025
✅ Commit 10 on Thu Dec 18 06:35:56 UTC 2025
✅ Commit 11 on Thu Dec 18 06:35:56 UTC 2025
✅ Commit 12 on Thu Dec 18 06:35:56 UTC 2025
✅ Commit 1 on Thu Dec 18 12:56:31 UTC 2025
✅ Commit 2 on Thu Dec 18 12:56:31 UTC 2025
✅ Commit 3 on Thu Dec 18 12:56:31 UTC 2025
✅ Commit 4 on Thu Dec 18 12:56:31 UTC 2025
✅ Commit 5 on Thu Dec 18 12:56:31 UTC 2025
✅ Commit 6 on Thu Dec 18 12:56:31 UTC 2025
✅ Commit 7 on Thu Dec 18 12:56:31 UTC 2025
✅ Commit 8 on Thu Dec 18 12:56:31 UTC 2025
✅ Commit 9 on Thu Dec 18 12:56:31 UTC 2025
✅ Commit 10 on Thu Dec 18 12:56:31 UTC 2025
✅ Commit 11 on Thu Dec 18 12:56:31 UTC 2025
✅ Commit 12 on Thu Dec 18 12:56:31 UTC 2025
✅ Commit 1 on Thu Dec 18 18:15:59 UTC 2025
✅ Commit 2 on Thu Dec 18 18:15:59 UTC 2025
✅ Commit 3 on Thu Dec 18 18:15:59 UTC 2025
✅ Commit 4 on Thu Dec 18 18:15:59 UTC 2025
✅ Commit 5 on Thu Dec 18 18:15:59 UTC 2025
✅ Commit 6 on Thu Dec 18 18:15:59 UTC 2025
✅ Commit 7 on Thu Dec 18 18:15:59 UTC 2025
✅ Commit 8 on Thu Dec 18 18:15:59 UTC 2025
✅ Commit 9 on Thu Dec 18 18:15:59 UTC 2025
✅ Commit 10 on Thu Dec 18 18:15:59 UTC 2025
✅ Commit 11 on Thu Dec 18 18:15:59 UTC 2025
✅ Commit 12 on Thu Dec 18 18:15:59 UTC 2025
✅ Commit 1 on Fri Dec 19 02:10:38 UTC 2025
✅ Commit 2 on Fri Dec 19 02:10:38 UTC 2025
✅ Commit 3 on Fri Dec 19 02:10:38 UTC 2025
✅ Commit 4 on Fri Dec 19 02:10:38 UTC 2025
✅ Commit 5 on Fri Dec 19 02:10:38 UTC 2025
✅ Commit 6 on Fri Dec 19 02:10:38 UTC 2025
✅ Commit 7 on Fri Dec 19 02:10:38 UTC 2025
✅ Commit 8 on Fri Dec 19 02:10:38 UTC 2025
✅ Commit 9 on Fri Dec 19 02:10:38 UTC 2025
✅ Commit 10 on Fri Dec 19 02:10:38 UTC 2025
✅ Commit 11 on Fri Dec 19 02:10:38 UTC 2025
✅ Commit 12 on Fri Dec 19 02:10:38 UTC 2025
✅ Commit 1 on Fri Dec 19 06:34:37 UTC 2025
✅ Commit 2 on Fri Dec 19 06:34:37 UTC 2025
✅ Commit 3 on Fri Dec 19 06:34:37 UTC 2025
✅ Commit 4 on Fri Dec 19 06:34:37 UTC 2025
✅ Commit 5 on Fri Dec 19 06:34:37 UTC 2025
✅ Commit 6 on Fri Dec 19 06:34:37 UTC 2025
✅ Commit 7 on Fri Dec 19 06:34:37 UTC 2025
✅ Commit 8 on Fri Dec 19 06:34:37 UTC 2025
✅ Commit 9 on Fri Dec 19 06:34:37 UTC 2025
✅ Commit 10 on Fri Dec 19 06:34:37 UTC 2025
✅ Commit 11 on Fri Dec 19 06:34:37 UTC 2025
✅ Commit 12 on Fri Dec 19 06:34:37 UTC 2025
✅ Commit 1 on Fri Dec 19 12:55:02 UTC 2025
✅ Commit 2 on Fri Dec 19 12:55:02 UTC 2025
✅ Commit 3 on Fri Dec 19 12:55:02 UTC 2025
✅ Commit 4 on Fri Dec 19 12:55:02 UTC 2025
✅ Commit 5 on Fri Dec 19 12:55:02 UTC 2025
✅ Commit 6 on Fri Dec 19 12:55:02 UTC 2025
✅ Commit 7 on Fri Dec 19 12:55:02 UTC 2025
✅ Commit 8 on Fri Dec 19 12:55:02 UTC 2025
✅ Commit 9 on Fri Dec 19 12:55:02 UTC 2025
✅ Commit 10 on Fri Dec 19 12:55:02 UTC 2025
✅ Commit 11 on Fri Dec 19 12:55:02 UTC 2025
✅ Commit 12 on Fri Dec 19 12:55:02 UTC 2025
✅ Commit 1 on Fri Dec 19 18:14:50 UTC 2025
✅ Commit 2 on Fri Dec 19 18:14:50 UTC 2025
✅ Commit 3 on Fri Dec 19 18:14:51 UTC 2025
✅ Commit 4 on Fri Dec 19 18:14:51 UTC 2025
✅ Commit 5 on Fri Dec 19 18:14:51 UTC 2025
✅ Commit 6 on Fri Dec 19 18:14:51 UTC 2025
✅ Commit 7 on Fri Dec 19 18:14:51 UTC 2025
✅ Commit 8 on Fri Dec 19 18:14:51 UTC 2025
✅ Commit 9 on Fri Dec 19 18:14:51 UTC 2025
✅ Commit 10 on Fri Dec 19 18:14:51 UTC 2025
✅ Commit 11 on Fri Dec 19 18:14:51 UTC 2025
✅ Commit 12 on Fri Dec 19 18:14:51 UTC 2025
✅ Commit 1 on Sat Dec 20 02:03:46 UTC 2025
✅ Commit 2 on Sat Dec 20 02:03:46 UTC 2025
✅ Commit 3 on Sat Dec 20 02:03:46 UTC 2025
✅ Commit 4 on Sat Dec 20 02:03:46 UTC 2025
✅ Commit 5 on Sat Dec 20 02:03:46 UTC 2025
✅ Commit 6 on Sat Dec 20 02:03:46 UTC 2025
✅ Commit 7 on Sat Dec 20 02:03:46 UTC 2025
✅ Commit 8 on Sat Dec 20 02:03:46 UTC 2025
✅ Commit 9 on Sat Dec 20 02:03:46 UTC 2025
✅ Commit 10 on Sat Dec 20 02:03:46 UTC 2025
✅ Commit 11 on Sat Dec 20 02:03:46 UTC 2025
✅ Commit 12 on Sat Dec 20 02:03:46 UTC 2025
✅ Commit 1 on Sat Dec 20 06:33:05 UTC 2025
✅ Commit 2 on Sat Dec 20 06:33:05 UTC 2025
✅ Commit 3 on Sat Dec 20 06:33:05 UTC 2025
✅ Commit 4 on Sat Dec 20 06:33:05 UTC 2025
✅ Commit 5 on Sat Dec 20 06:33:05 UTC 2025
✅ Commit 6 on Sat Dec 20 06:33:05 UTC 2025
✅ Commit 7 on Sat Dec 20 06:33:05 UTC 2025
✅ Commit 8 on Sat Dec 20 06:33:05 UTC 2025
✅ Commit 9 on Sat Dec 20 06:33:05 UTC 2025
✅ Commit 10 on Sat Dec 20 06:33:05 UTC 2025
✅ Commit 11 on Sat Dec 20 06:33:05 UTC 2025
✅ Commit 12 on Sat Dec 20 06:33:05 UTC 2025
✅ Commit 1 on Sat Dec 20 12:51:03 UTC 2025
✅ Commit 2 on Sat Dec 20 12:51:03 UTC 2025
✅ Commit 3 on Sat Dec 20 12:51:03 UTC 2025
✅ Commit 4 on Sat Dec 20 12:51:03 UTC 2025
✅ Commit 5 on Sat Dec 20 12:51:03 UTC 2025
✅ Commit 6 on Sat Dec 20 12:51:03 UTC 2025
✅ Commit 7 on Sat Dec 20 12:51:03 UTC 2025
✅ Commit 8 on Sat Dec 20 12:51:03 UTC 2025
✅ Commit 9 on Sat Dec 20 12:51:03 UTC 2025
✅ Commit 10 on Sat Dec 20 12:51:03 UTC 2025
✅ Commit 11 on Sat Dec 20 12:51:03 UTC 2025
✅ Commit 12 on Sat Dec 20 12:51:03 UTC 2025
✅ Commit 1 on Sat Dec 20 18:12:49 UTC 2025
✅ Commit 2 on Sat Dec 20 18:12:49 UTC 2025
✅ Commit 3 on Sat Dec 20 18:12:49 UTC 2025
✅ Commit 4 on Sat Dec 20 18:12:49 UTC 2025
✅ Commit 5 on Sat Dec 20 18:12:49 UTC 2025
✅ Commit 6 on Sat Dec 20 18:12:49 UTC 2025
✅ Commit 7 on Sat Dec 20 18:12:49 UTC 2025
✅ Commit 8 on Sat Dec 20 18:12:49 UTC 2025
✅ Commit 9 on Sat Dec 20 18:12:49 UTC 2025
✅ Commit 10 on Sat Dec 20 18:12:49 UTC 2025
✅ Commit 11 on Sat Dec 20 18:12:49 UTC 2025
✅ Commit 12 on Sat Dec 20 18:12:49 UTC 2025
✅ Commit 1 on Sun Dec 21 02:23:41 UTC 2025
✅ Commit 2 on Sun Dec 21 02:23:41 UTC 2025
✅ Commit 3 on Sun Dec 21 02:23:41 UTC 2025
✅ Commit 4 on Sun Dec 21 02:23:41 UTC 2025
✅ Commit 5 on Sun Dec 21 02:23:41 UTC 2025
✅ Commit 6 on Sun Dec 21 02:23:41 UTC 2025
✅ Commit 7 on Sun Dec 21 02:23:41 UTC 2025
✅ Commit 8 on Sun Dec 21 02:23:41 UTC 2025
✅ Commit 9 on Sun Dec 21 02:23:41 UTC 2025
✅ Commit 10 on Sun Dec 21 02:23:42 UTC 2025
✅ Commit 11 on Sun Dec 21 02:23:42 UTC 2025
✅ Commit 12 on Sun Dec 21 02:23:42 UTC 2025
✅ Commit 1 on Sun Dec 21 06:33:15 UTC 2025
✅ Commit 2 on Sun Dec 21 06:33:15 UTC 2025
✅ Commit 3 on Sun Dec 21 06:33:15 UTC 2025
✅ Commit 4 on Sun Dec 21 06:33:15 UTC 2025
✅ Commit 5 on Sun Dec 21 06:33:15 UTC 2025
✅ Commit 6 on Sun Dec 21 06:33:15 UTC 2025
✅ Commit 7 on Sun Dec 21 06:33:15 UTC 2025
✅ Commit 8 on Sun Dec 21 06:33:15 UTC 2025
✅ Commit 9 on Sun Dec 21 06:33:15 UTC 2025
✅ Commit 10 on Sun Dec 21 06:33:15 UTC 2025
✅ Commit 11 on Sun Dec 21 06:33:15 UTC 2025
✅ Commit 12 on Sun Dec 21 06:33:15 UTC 2025
✅ Commit 1 on Sun Dec 21 12:51:35 UTC 2025
✅ Commit 2 on Sun Dec 21 12:51:35 UTC 2025
✅ Commit 3 on Sun Dec 21 12:51:35 UTC 2025
✅ Commit 4 on Sun Dec 21 12:51:35 UTC 2025
✅ Commit 5 on Sun Dec 21 12:51:35 UTC 2025
✅ Commit 6 on Sun Dec 21 12:51:35 UTC 2025
✅ Commit 7 on Sun Dec 21 12:51:35 UTC 2025
✅ Commit 8 on Sun Dec 21 12:51:35 UTC 2025
✅ Commit 9 on Sun Dec 21 12:51:35 UTC 2025
✅ Commit 10 on Sun Dec 21 12:51:35 UTC 2025
✅ Commit 11 on Sun Dec 21 12:51:35 UTC 2025
✅ Commit 12 on Sun Dec 21 12:51:35 UTC 2025
✅ Commit 1 on Sun Dec 21 18:14:02 UTC 2025
✅ Commit 2 on Sun Dec 21 18:14:02 UTC 2025
✅ Commit 3 on Sun Dec 21 18:14:02 UTC 2025
✅ Commit 4 on Sun Dec 21 18:14:02 UTC 2025
✅ Commit 5 on Sun Dec 21 18:14:02 UTC 2025
✅ Commit 6 on Sun Dec 21 18:14:02 UTC 2025
✅ Commit 7 on Sun Dec 21 18:14:02 UTC 2025
✅ Commit 8 on Sun Dec 21 18:14:02 UTC 2025
✅ Commit 9 on Sun Dec 21 18:14:02 UTC 2025
✅ Commit 10 on Sun Dec 21 18:14:02 UTC 2025
✅ Commit 11 on Sun Dec 21 18:14:02 UTC 2025
✅ Commit 12 on Sun Dec 21 18:14:02 UTC 2025
✅ Commit 1 on Mon Dec 22 02:22:33 UTC 2025
✅ Commit 2 on Mon Dec 22 02:22:33 UTC 2025
✅ Commit 3 on Mon Dec 22 02:22:33 UTC 2025
✅ Commit 4 on Mon Dec 22 02:22:33 UTC 2025
✅ Commit 5 on Mon Dec 22 02:22:33 UTC 2025
✅ Commit 6 on Mon Dec 22 02:22:33 UTC 2025
✅ Commit 7 on Mon Dec 22 02:22:33 UTC 2025
✅ Commit 8 on Mon Dec 22 02:22:33 UTC 2025
✅ Commit 9 on Mon Dec 22 02:22:33 UTC 2025
✅ Commit 10 on Mon Dec 22 02:22:33 UTC 2025
✅ Commit 11 on Mon Dec 22 02:22:33 UTC 2025
✅ Commit 12 on Mon Dec 22 02:22:33 UTC 2025
✅ Commit 1 on Mon Dec 22 06:37:27 UTC 2025
✅ Commit 2 on Mon Dec 22 06:37:27 UTC 2025
✅ Commit 3 on Mon Dec 22 06:37:27 UTC 2025
✅ Commit 4 on Mon Dec 22 06:37:27 UTC 2025
✅ Commit 5 on Mon Dec 22 06:37:27 UTC 2025
✅ Commit 6 on Mon Dec 22 06:37:27 UTC 2025
✅ Commit 7 on Mon Dec 22 06:37:27 UTC 2025
✅ Commit 8 on Mon Dec 22 06:37:27 UTC 2025
✅ Commit 9 on Mon Dec 22 06:37:27 UTC 2025
✅ Commit 10 on Mon Dec 22 06:37:27 UTC 2025
✅ Commit 11 on Mon Dec 22 06:37:27 UTC 2025
✅ Commit 12 on Mon Dec 22 06:37:27 UTC 2025
✅ Commit 1 on Mon Dec 22 12:55:49 UTC 2025
✅ Commit 2 on Mon Dec 22 12:55:49 UTC 2025
✅ Commit 3 on Mon Dec 22 12:55:49 UTC 2025
✅ Commit 4 on Mon Dec 22 12:55:49 UTC 2025
✅ Commit 5 on Mon Dec 22 12:55:49 UTC 2025
✅ Commit 6 on Mon Dec 22 12:55:49 UTC 2025
✅ Commit 7 on Mon Dec 22 12:55:49 UTC 2025
✅ Commit 8 on Mon Dec 22 12:55:49 UTC 2025
✅ Commit 9 on Mon Dec 22 12:55:49 UTC 2025
✅ Commit 10 on Mon Dec 22 12:55:49 UTC 2025
✅ Commit 11 on Mon Dec 22 12:55:49 UTC 2025
✅ Commit 12 on Mon Dec 22 12:55:49 UTC 2025
✅ Commit 1 on Mon Dec 22 18:15:12 UTC 2025
✅ Commit 2 on Mon Dec 22 18:15:12 UTC 2025
✅ Commit 3 on Mon Dec 22 18:15:12 UTC 2025
✅ Commit 4 on Mon Dec 22 18:15:12 UTC 2025
✅ Commit 5 on Mon Dec 22 18:15:12 UTC 2025
✅ Commit 6 on Mon Dec 22 18:15:12 UTC 2025
✅ Commit 7 on Mon Dec 22 18:15:12 UTC 2025
✅ Commit 8 on Mon Dec 22 18:15:12 UTC 2025
✅ Commit 9 on Mon Dec 22 18:15:12 UTC 2025
✅ Commit 10 on Mon Dec 22 18:15:12 UTC 2025
✅ Commit 11 on Mon Dec 22 18:15:12 UTC 2025
✅ Commit 12 on Mon Dec 22 18:15:12 UTC 2025
✅ Commit 1 on Tue Dec 23 02:12:04 UTC 2025
✅ Commit 2 on Tue Dec 23 02:12:04 UTC 2025
✅ Commit 3 on Tue Dec 23 02:12:04 UTC 2025
✅ Commit 4 on Tue Dec 23 02:12:04 UTC 2025
✅ Commit 5 on Tue Dec 23 02:12:04 UTC 2025
✅ Commit 6 on Tue Dec 23 02:12:04 UTC 2025
✅ Commit 7 on Tue Dec 23 02:12:04 UTC 2025
✅ Commit 8 on Tue Dec 23 02:12:04 UTC 2025
✅ Commit 9 on Tue Dec 23 02:12:04 UTC 2025
✅ Commit 10 on Tue Dec 23 02:12:04 UTC 2025
✅ Commit 11 on Tue Dec 23 02:12:04 UTC 2025
✅ Commit 12 on Tue Dec 23 02:12:04 UTC 2025
✅ Commit 1 on Tue Dec 23 06:36:53 UTC 2025
✅ Commit 2 on Tue Dec 23 06:36:53 UTC 2025
✅ Commit 3 on Tue Dec 23 06:36:54 UTC 2025
✅ Commit 4 on Tue Dec 23 06:36:54 UTC 2025
✅ Commit 5 on Tue Dec 23 06:36:54 UTC 2025
✅ Commit 6 on Tue Dec 23 06:36:54 UTC 2025
✅ Commit 7 on Tue Dec 23 06:36:54 UTC 2025
✅ Commit 8 on Tue Dec 23 06:36:54 UTC 2025
✅ Commit 9 on Tue Dec 23 06:36:54 UTC 2025
✅ Commit 10 on Tue Dec 23 06:36:54 UTC 2025
✅ Commit 11 on Tue Dec 23 06:36:54 UTC 2025
✅ Commit 12 on Tue Dec 23 06:36:54 UTC 2025
✅ Commit 1 on Tue Dec 23 12:57:11 UTC 2025
✅ Commit 2 on Tue Dec 23 12:57:11 UTC 2025
✅ Commit 3 on Tue Dec 23 12:57:11 UTC 2025
✅ Commit 4 on Tue Dec 23 12:57:11 UTC 2025
✅ Commit 5 on Tue Dec 23 12:57:11 UTC 2025
✅ Commit 6 on Tue Dec 23 12:57:11 UTC 2025
✅ Commit 7 on Tue Dec 23 12:57:11 UTC 2025
✅ Commit 8 on Tue Dec 23 12:57:11 UTC 2025
✅ Commit 9 on Tue Dec 23 12:57:11 UTC 2025
✅ Commit 10 on Tue Dec 23 12:57:11 UTC 2025
✅ Commit 11 on Tue Dec 23 12:57:11 UTC 2025
✅ Commit 12 on Tue Dec 23 12:57:11 UTC 2025
✅ Commit 1 on Tue Dec 23 18:15:32 UTC 2025
✅ Commit 2 on Tue Dec 23 18:15:32 UTC 2025
✅ Commit 3 on Tue Dec 23 18:15:32 UTC 2025
✅ Commit 4 on Tue Dec 23 18:15:32 UTC 2025
✅ Commit 5 on Tue Dec 23 18:15:32 UTC 2025
✅ Commit 6 on Tue Dec 23 18:15:32 UTC 2025
✅ Commit 7 on Tue Dec 23 18:15:32 UTC 2025
✅ Commit 8 on Tue Dec 23 18:15:32 UTC 2025
✅ Commit 9 on Tue Dec 23 18:15:32 UTC 2025
✅ Commit 10 on Tue Dec 23 18:15:32 UTC 2025
✅ Commit 11 on Tue Dec 23 18:15:32 UTC 2025
✅ Commit 12 on Tue Dec 23 18:15:32 UTC 2025
✅ Commit 1 on Wed Dec 24 02:09:55 UTC 2025
✅ Commit 2 on Wed Dec 24 02:09:55 UTC 2025
✅ Commit 3 on Wed Dec 24 02:09:55 UTC 2025
✅ Commit 4 on Wed Dec 24 02:09:55 UTC 2025
✅ Commit 5 on Wed Dec 24 02:09:55 UTC 2025
✅ Commit 6 on Wed Dec 24 02:09:55 UTC 2025
✅ Commit 7 on Wed Dec 24 02:09:55 UTC 2025
✅ Commit 8 on Wed Dec 24 02:09:55 UTC 2025
✅ Commit 9 on Wed Dec 24 02:09:55 UTC 2025
✅ Commit 10 on Wed Dec 24 02:09:55 UTC 2025
✅ Commit 11 on Wed Dec 24 02:09:55 UTC 2025
✅ Commit 12 on Wed Dec 24 02:09:55 UTC 2025
✅ Commit 1 on Wed Dec 24 06:36:39 UTC 2025
✅ Commit 2 on Wed Dec 24 06:36:39 UTC 2025
✅ Commit 3 on Wed Dec 24 06:36:39 UTC 2025
✅ Commit 4 on Wed Dec 24 06:36:39 UTC 2025
✅ Commit 5 on Wed Dec 24 06:36:39 UTC 2025
✅ Commit 6 on Wed Dec 24 06:36:39 UTC 2025
✅ Commit 7 on Wed Dec 24 06:36:39 UTC 2025
✅ Commit 8 on Wed Dec 24 06:36:39 UTC 2025
✅ Commit 9 on Wed Dec 24 06:36:39 UTC 2025
✅ Commit 10 on Wed Dec 24 06:36:39 UTC 2025
✅ Commit 11 on Wed Dec 24 06:36:39 UTC 2025
✅ Commit 12 on Wed Dec 24 06:36:39 UTC 2025
✅ Commit 1 on Wed Dec 24 12:55:23 UTC 2025
✅ Commit 2 on Wed Dec 24 12:55:23 UTC 2025
✅ Commit 3 on Wed Dec 24 12:55:23 UTC 2025
✅ Commit 4 on Wed Dec 24 12:55:23 UTC 2025
✅ Commit 5 on Wed Dec 24 12:55:23 UTC 2025
✅ Commit 6 on Wed Dec 24 12:55:23 UTC 2025
✅ Commit 7 on Wed Dec 24 12:55:23 UTC 2025
✅ Commit 8 on Wed Dec 24 12:55:23 UTC 2025
✅ Commit 9 on Wed Dec 24 12:55:23 UTC 2025
✅ Commit 10 on Wed Dec 24 12:55:23 UTC 2025
✅ Commit 11 on Wed Dec 24 12:55:23 UTC 2025
✅ Commit 12 on Wed Dec 24 12:55:23 UTC 2025
✅ Commit 1 on Wed Dec 24 18:15:01 UTC 2025
✅ Commit 2 on Wed Dec 24 18:15:01 UTC 2025
✅ Commit 3 on Wed Dec 24 18:15:01 UTC 2025
✅ Commit 4 on Wed Dec 24 18:15:01 UTC 2025
✅ Commit 5 on Wed Dec 24 18:15:01 UTC 2025
✅ Commit 6 on Wed Dec 24 18:15:01 UTC 2025
✅ Commit 7 on Wed Dec 24 18:15:01 UTC 2025
✅ Commit 8 on Wed Dec 24 18:15:01 UTC 2025
✅ Commit 9 on Wed Dec 24 18:15:01 UTC 2025
✅ Commit 10 on Wed Dec 24 18:15:01 UTC 2025
✅ Commit 11 on Wed Dec 24 18:15:01 UTC 2025
✅ Commit 12 on Wed Dec 24 18:15:01 UTC 2025
✅ Commit 1 on Thu Dec 25 02:12:38 UTC 2025
✅ Commit 2 on Thu Dec 25 02:12:38 UTC 2025
✅ Commit 3 on Thu Dec 25 02:12:38 UTC 2025
✅ Commit 4 on Thu Dec 25 02:12:38 UTC 2025
✅ Commit 5 on Thu Dec 25 02:12:38 UTC 2025
✅ Commit 6 on Thu Dec 25 02:12:38 UTC 2025
✅ Commit 7 on Thu Dec 25 02:12:38 UTC 2025
✅ Commit 8 on Thu Dec 25 02:12:38 UTC 2025
✅ Commit 9 on Thu Dec 25 02:12:38 UTC 2025
✅ Commit 10 on Thu Dec 25 02:12:38 UTC 2025
✅ Commit 11 on Thu Dec 25 02:12:38 UTC 2025
✅ Commit 12 on Thu Dec 25 02:12:38 UTC 2025
✅ Commit 1 on Thu Dec 25 06:35:51 UTC 2025
✅ Commit 2 on Thu Dec 25 06:35:51 UTC 2025
✅ Commit 3 on Thu Dec 25 06:35:51 UTC 2025
✅ Commit 4 on Thu Dec 25 06:35:51 UTC 2025
✅ Commit 5 on Thu Dec 25 06:35:51 UTC 2025
✅ Commit 6 on Thu Dec 25 06:35:51 UTC 2025
✅ Commit 7 on Thu Dec 25 06:35:51 UTC 2025
✅ Commit 8 on Thu Dec 25 06:35:51 UTC 2025
✅ Commit 9 on Thu Dec 25 06:35:51 UTC 2025
✅ Commit 10 on Thu Dec 25 06:35:51 UTC 2025
✅ Commit 11 on Thu Dec 25 06:35:51 UTC 2025
✅ Commit 12 on Thu Dec 25 06:35:51 UTC 2025
✅ Commit 1 on Thu Dec 25 12:55:05 UTC 2025
✅ Commit 2 on Thu Dec 25 12:55:05 UTC 2025
✅ Commit 3 on Thu Dec 25 12:55:05 UTC 2025
✅ Commit 4 on Thu Dec 25 12:55:05 UTC 2025
✅ Commit 5 on Thu Dec 25 12:55:05 UTC 2025
✅ Commit 6 on Thu Dec 25 12:55:05 UTC 2025
✅ Commit 7 on Thu Dec 25 12:55:05 UTC 2025
✅ Commit 8 on Thu Dec 25 12:55:05 UTC 2025
✅ Commit 9 on Thu Dec 25 12:55:05 UTC 2025
✅ Commit 10 on Thu Dec 25 12:55:05 UTC 2025
✅ Commit 11 on Thu Dec 25 12:55:05 UTC 2025
✅ Commit 12 on Thu Dec 25 12:55:05 UTC 2025
✅ Commit 1 on Thu Dec 25 18:14:52 UTC 2025
✅ Commit 2 on Thu Dec 25 18:14:52 UTC 2025
✅ Commit 3 on Thu Dec 25 18:14:52 UTC 2025
✅ Commit 4 on Thu Dec 25 18:14:52 UTC 2025
✅ Commit 5 on Thu Dec 25 18:14:52 UTC 2025
✅ Commit 6 on Thu Dec 25 18:14:52 UTC 2025
✅ Commit 7 on Thu Dec 25 18:14:52 UTC 2025
✅ Commit 8 on Thu Dec 25 18:14:52 UTC 2025
✅ Commit 9 on Thu Dec 25 18:14:52 UTC 2025
✅ Commit 10 on Thu Dec 25 18:14:52 UTC 2025
✅ Commit 11 on Thu Dec 25 18:14:52 UTC 2025
✅ Commit 12 on Thu Dec 25 18:14:52 UTC 2025
✅ Commit 1 on Fri Dec 26 02:11:00 UTC 2025
✅ Commit 2 on Fri Dec 26 02:11:00 UTC 2025
✅ Commit 3 on Fri Dec 26 02:11:00 UTC 2025
✅ Commit 4 on Fri Dec 26 02:11:00 UTC 2025
✅ Commit 5 on Fri Dec 26 02:11:00 UTC 2025
✅ Commit 6 on Fri Dec 26 02:11:00 UTC 2025
✅ Commit 7 on Fri Dec 26 02:11:00 UTC 2025
✅ Commit 8 on Fri Dec 26 02:11:00 UTC 2025
✅ Commit 9 on Fri Dec 26 02:11:00 UTC 2025
✅ Commit 10 on Fri Dec 26 02:11:00 UTC 2025
✅ Commit 11 on Fri Dec 26 02:11:00 UTC 2025
✅ Commit 12 on Fri Dec 26 02:11:00 UTC 2025
✅ Commit 1 on Fri Dec 26 06:35:22 UTC 2025
✅ Commit 2 on Fri Dec 26 06:35:22 UTC 2025
✅ Commit 3 on Fri Dec 26 06:35:22 UTC 2025
✅ Commit 4 on Fri Dec 26 06:35:22 UTC 2025
✅ Commit 5 on Fri Dec 26 06:35:22 UTC 2025
✅ Commit 6 on Fri Dec 26 06:35:22 UTC 2025
✅ Commit 7 on Fri Dec 26 06:35:22 UTC 2025
✅ Commit 8 on Fri Dec 26 06:35:22 UTC 2025
✅ Commit 9 on Fri Dec 26 06:35:22 UTC 2025
✅ Commit 10 on Fri Dec 26 06:35:22 UTC 2025
✅ Commit 11 on Fri Dec 26 06:35:22 UTC 2025
✅ Commit 12 on Fri Dec 26 06:35:22 UTC 2025
✅ Commit 1 on Fri Dec 26 12:55:03 UTC 2025
✅ Commit 2 on Fri Dec 26 12:55:03 UTC 2025
✅ Commit 3 on Fri Dec 26 12:55:03 UTC 2025
✅ Commit 4 on Fri Dec 26 12:55:03 UTC 2025
✅ Commit 5 on Fri Dec 26 12:55:03 UTC 2025
✅ Commit 6 on Fri Dec 26 12:55:03 UTC 2025
✅ Commit 7 on Fri Dec 26 12:55:03 UTC 2025
✅ Commit 8 on Fri Dec 26 12:55:03 UTC 2025
✅ Commit 9 on Fri Dec 26 12:55:04 UTC 2025
✅ Commit 10 on Fri Dec 26 12:55:04 UTC 2025
✅ Commit 11 on Fri Dec 26 12:55:04 UTC 2025
✅ Commit 12 on Fri Dec 26 12:55:04 UTC 2025
✅ Commit 1 on Fri Dec 26 18:14:53 UTC 2025
✅ Commit 2 on Fri Dec 26 18:14:53 UTC 2025
✅ Commit 3 on Fri Dec 26 18:14:53 UTC 2025
✅ Commit 4 on Fri Dec 26 18:14:53 UTC 2025
✅ Commit 5 on Fri Dec 26 18:14:53 UTC 2025
✅ Commit 6 on Fri Dec 26 18:14:53 UTC 2025
✅ Commit 7 on Fri Dec 26 18:14:53 UTC 2025
✅ Commit 8 on Fri Dec 26 18:14:53 UTC 2025
✅ Commit 9 on Fri Dec 26 18:14:53 UTC 2025
✅ Commit 10 on Fri Dec 26 18:14:53 UTC 2025
✅ Commit 11 on Fri Dec 26 18:14:53 UTC 2025
✅ Commit 12 on Fri Dec 26 18:14:53 UTC 2025
✅ Commit 1 on Sat Dec 27 02:08:52 UTC 2025
✅ Commit 2 on Sat Dec 27 02:08:52 UTC 2025
✅ Commit 3 on Sat Dec 27 02:08:52 UTC 2025
✅ Commit 4 on Sat Dec 27 02:08:52 UTC 2025
✅ Commit 5 on Sat Dec 27 02:08:52 UTC 2025
✅ Commit 6 on Sat Dec 27 02:08:52 UTC 2025
✅ Commit 7 on Sat Dec 27 02:08:52 UTC 2025
✅ Commit 8 on Sat Dec 27 02:08:52 UTC 2025
✅ Commit 9 on Sat Dec 27 02:08:52 UTC 2025
✅ Commit 10 on Sat Dec 27 02:08:52 UTC 2025
✅ Commit 11 on Sat Dec 27 02:08:52 UTC 2025
✅ Commit 12 on Sat Dec 27 02:08:52 UTC 2025
✅ Commit 1 on Sat Dec 27 06:33:51 UTC 2025
✅ Commit 2 on Sat Dec 27 06:33:51 UTC 2025
✅ Commit 3 on Sat Dec 27 06:33:51 UTC 2025
✅ Commit 4 on Sat Dec 27 06:33:51 UTC 2025
✅ Commit 5 on Sat Dec 27 06:33:51 UTC 2025
✅ Commit 6 on Sat Dec 27 06:33:51 UTC 2025
✅ Commit 7 on Sat Dec 27 06:33:51 UTC 2025
✅ Commit 8 on Sat Dec 27 06:33:51 UTC 2025
✅ Commit 9 on Sat Dec 27 06:33:51 UTC 2025
✅ Commit 10 on Sat Dec 27 06:33:51 UTC 2025
✅ Commit 11 on Sat Dec 27 06:33:51 UTC 2025
✅ Commit 12 on Sat Dec 27 06:33:51 UTC 2025
✅ Commit 1 on Sat Dec 27 12:52:32 UTC 2025
✅ Commit 2 on Sat Dec 27 12:52:32 UTC 2025
✅ Commit 3 on Sat Dec 27 12:52:32 UTC 2025
✅ Commit 4 on Sat Dec 27 12:52:32 UTC 2025
✅ Commit 5 on Sat Dec 27 12:52:32 UTC 2025
✅ Commit 6 on Sat Dec 27 12:52:32 UTC 2025
✅ Commit 7 on Sat Dec 27 12:52:32 UTC 2025
✅ Commit 8 on Sat Dec 27 12:52:32 UTC 2025
✅ Commit 9 on Sat Dec 27 12:52:32 UTC 2025
✅ Commit 10 on Sat Dec 27 12:52:32 UTC 2025
✅ Commit 11 on Sat Dec 27 12:52:32 UTC 2025
✅ Commit 12 on Sat Dec 27 12:52:32 UTC 2025
✅ Commit 1 on Sat Dec 27 18:13:42 UTC 2025
✅ Commit 2 on Sat Dec 27 18:13:42 UTC 2025
✅ Commit 3 on Sat Dec 27 18:13:42 UTC 2025
✅ Commit 4 on Sat Dec 27 18:13:42 UTC 2025
✅ Commit 5 on Sat Dec 27 18:13:42 UTC 2025
✅ Commit 6 on Sat Dec 27 18:13:42 UTC 2025
✅ Commit 7 on Sat Dec 27 18:13:42 UTC 2025
✅ Commit 8 on Sat Dec 27 18:13:42 UTC 2025
✅ Commit 9 on Sat Dec 27 18:13:42 UTC 2025
✅ Commit 10 on Sat Dec 27 18:13:43 UTC 2025
✅ Commit 11 on Sat Dec 27 18:13:43 UTC 2025
✅ Commit 12 on Sat Dec 27 18:13:43 UTC 2025
✅ Commit 1 on Sun Dec 28 02:29:43 UTC 2025
✅ Commit 2 on Sun Dec 28 02:29:43 UTC 2025
✅ Commit 3 on Sun Dec 28 02:29:43 UTC 2025
✅ Commit 4 on Sun Dec 28 02:29:43 UTC 2025
✅ Commit 5 on Sun Dec 28 02:29:43 UTC 2025
✅ Commit 6 on Sun Dec 28 02:29:43 UTC 2025
✅ Commit 7 on Sun Dec 28 02:29:43 UTC 2025
✅ Commit 8 on Sun Dec 28 02:29:43 UTC 2025
✅ Commit 9 on Sun Dec 28 02:29:43 UTC 2025
✅ Commit 10 on Sun Dec 28 02:29:43 UTC 2025
✅ Commit 11 on Sun Dec 28 02:29:43 UTC 2025
✅ Commit 12 on Sun Dec 28 02:29:43 UTC 2025
✅ Commit 1 on Sun Dec 28 06:34:05 UTC 2025
✅ Commit 2 on Sun Dec 28 06:34:05 UTC 2025
✅ Commit 3 on Sun Dec 28 06:34:05 UTC 2025
✅ Commit 4 on Sun Dec 28 06:34:05 UTC 2025
✅ Commit 5 on Sun Dec 28 06:34:05 UTC 2025
✅ Commit 6 on Sun Dec 28 06:34:05 UTC 2025
✅ Commit 7 on Sun Dec 28 06:34:05 UTC 2025
✅ Commit 8 on Sun Dec 28 06:34:05 UTC 2025
✅ Commit 9 on Sun Dec 28 06:34:05 UTC 2025
✅ Commit 10 on Sun Dec 28 06:34:05 UTC 2025
✅ Commit 11 on Sun Dec 28 06:34:05 UTC 2025
✅ Commit 12 on Sun Dec 28 06:34:05 UTC 2025
✅ Commit 1 on Sun Dec 28 12:53:21 UTC 2025
✅ Commit 2 on Sun Dec 28 12:53:21 UTC 2025
✅ Commit 3 on Sun Dec 28 12:53:21 UTC 2025
✅ Commit 4 on Sun Dec 28 12:53:21 UTC 2025
✅ Commit 5 on Sun Dec 28 12:53:21 UTC 2025
✅ Commit 6 on Sun Dec 28 12:53:21 UTC 2025
✅ Commit 7 on Sun Dec 28 12:53:21 UTC 2025
✅ Commit 8 on Sun Dec 28 12:53:21 UTC 2025
✅ Commit 9 on Sun Dec 28 12:53:21 UTC 2025
✅ Commit 10 on Sun Dec 28 12:53:21 UTC 2025
✅ Commit 11 on Sun Dec 28 12:53:22 UTC 2025
✅ Commit 12 on Sun Dec 28 12:53:22 UTC 2025
✅ Commit 1 on Sun Dec 28 18:14:18 UTC 2025
✅ Commit 2 on Sun Dec 28 18:14:18 UTC 2025
✅ Commit 3 on Sun Dec 28 18:14:18 UTC 2025
✅ Commit 4 on Sun Dec 28 18:14:18 UTC 2025
✅ Commit 5 on Sun Dec 28 18:14:18 UTC 2025
✅ Commit 6 on Sun Dec 28 18:14:18 UTC 2025
✅ Commit 7 on Sun Dec 28 18:14:18 UTC 2025
✅ Commit 8 on Sun Dec 28 18:14:18 UTC 2025
✅ Commit 9 on Sun Dec 28 18:14:19 UTC 2025
✅ Commit 10 on Sun Dec 28 18:14:19 UTC 2025
✅ Commit 11 on Sun Dec 28 18:14:19 UTC 2025
✅ Commit 12 on Sun Dec 28 18:14:19 UTC 2025
✅ Commit 1 on Mon Dec 29 02:27:38 UTC 2025
✅ Commit 2 on Mon Dec 29 02:27:38 UTC 2025
✅ Commit 3 on Mon Dec 29 02:27:38 UTC 2025
✅ Commit 4 on Mon Dec 29 02:27:38 UTC 2025
✅ Commit 5 on Mon Dec 29 02:27:38 UTC 2025
✅ Commit 6 on Mon Dec 29 02:27:38 UTC 2025
✅ Commit 7 on Mon Dec 29 02:27:38 UTC 2025
✅ Commit 8 on Mon Dec 29 02:27:38 UTC 2025
✅ Commit 9 on Mon Dec 29 02:27:38 UTC 2025
✅ Commit 10 on Mon Dec 29 02:27:38 UTC 2025
✅ Commit 11 on Mon Dec 29 02:27:38 UTC 2025
✅ Commit 12 on Mon Dec 29 02:27:38 UTC 2025
✅ Commit 1 on Mon Dec 29 06:38:22 UTC 2025
✅ Commit 2 on Mon Dec 29 06:38:22 UTC 2025
✅ Commit 3 on Mon Dec 29 06:38:22 UTC 2025
✅ Commit 4 on Mon Dec 29 06:38:22 UTC 2025
✅ Commit 5 on Mon Dec 29 06:38:22 UTC 2025
✅ Commit 6 on Mon Dec 29 06:38:22 UTC 2025
✅ Commit 7 on Mon Dec 29 06:38:22 UTC 2025
✅ Commit 8 on Mon Dec 29 06:38:22 UTC 2025
✅ Commit 9 on Mon Dec 29 06:38:22 UTC 2025
✅ Commit 10 on Mon Dec 29 06:38:22 UTC 2025
✅ Commit 11 on Mon Dec 29 06:38:22 UTC 2025
✅ Commit 12 on Mon Dec 29 06:38:22 UTC 2025
✅ Commit 1 on Mon Dec 29 12:58:27 UTC 2025
✅ Commit 2 on Mon Dec 29 12:58:27 UTC 2025
✅ Commit 3 on Mon Dec 29 12:58:27 UTC 2025
✅ Commit 4 on Mon Dec 29 12:58:27 UTC 2025
✅ Commit 5 on Mon Dec 29 12:58:28 UTC 2025
✅ Commit 6 on Mon Dec 29 12:58:28 UTC 2025
✅ Commit 7 on Mon Dec 29 12:58:28 UTC 2025
✅ Commit 8 on Mon Dec 29 12:58:28 UTC 2025
✅ Commit 9 on Mon Dec 29 12:58:28 UTC 2025
✅ Commit 10 on Mon Dec 29 12:58:28 UTC 2025
✅ Commit 11 on Mon Dec 29 12:58:28 UTC 2025
✅ Commit 12 on Mon Dec 29 12:58:28 UTC 2025
✅ Commit 1 on Mon Dec 29 18:15:55 UTC 2025
✅ Commit 2 on Mon Dec 29 18:15:55 UTC 2025
✅ Commit 3 on Mon Dec 29 18:15:55 UTC 2025
✅ Commit 4 on Mon Dec 29 18:15:55 UTC 2025
✅ Commit 5 on Mon Dec 29 18:15:55 UTC 2025
✅ Commit 6 on Mon Dec 29 18:15:55 UTC 2025
✅ Commit 7 on Mon Dec 29 18:15:55 UTC 2025
✅ Commit 8 on Mon Dec 29 18:15:55 UTC 2025
✅ Commit 9 on Mon Dec 29 18:15:55 UTC 2025
✅ Commit 10 on Mon Dec 29 18:15:55 UTC 2025
✅ Commit 11 on Mon Dec 29 18:15:55 UTC 2025
✅ Commit 12 on Mon Dec 29 18:15:55 UTC 2025
✅ Commit 1 on Tue Dec 30 02:18:43 UTC 2025
✅ Commit 2 on Tue Dec 30 02:18:43 UTC 2025
✅ Commit 3 on Tue Dec 30 02:18:43 UTC 2025
✅ Commit 4 on Tue Dec 30 02:18:43 UTC 2025
✅ Commit 5 on Tue Dec 30 02:18:43 UTC 2025
✅ Commit 6 on Tue Dec 30 02:18:43 UTC 2025
✅ Commit 7 on Tue Dec 30 02:18:43 UTC 2025
✅ Commit 8 on Tue Dec 30 02:18:43 UTC 2025
✅ Commit 9 on Tue Dec 30 02:18:43 UTC 2025
✅ Commit 10 on Tue Dec 30 02:18:43 UTC 2025
✅ Commit 11 on Tue Dec 30 02:18:43 UTC 2025
✅ Commit 12 on Tue Dec 30 02:18:43 UTC 2025
✅ Commit 1 on Tue Dec 30 06:35:56 UTC 2025
✅ Commit 2 on Tue Dec 30 06:35:56 UTC 2025
✅ Commit 3 on Tue Dec 30 06:35:56 UTC 2025
✅ Commit 4 on Tue Dec 30 06:35:56 UTC 2025
✅ Commit 5 on Tue Dec 30 06:35:56 UTC 2025
✅ Commit 6 on Tue Dec 30 06:35:56 UTC 2025
✅ Commit 7 on Tue Dec 30 06:35:56 UTC 2025
✅ Commit 8 on Tue Dec 30 06:35:56 UTC 2025
✅ Commit 9 on Tue Dec 30 06:35:56 UTC 2025
✅ Commit 10 on Tue Dec 30 06:35:56 UTC 2025
✅ Commit 11 on Tue Dec 30 06:35:56 UTC 2025
✅ Commit 12 on Tue Dec 30 06:35:56 UTC 2025
✅ Commit 1 on Tue Dec 30 12:57:18 UTC 2025
✅ Commit 2 on Tue Dec 30 12:57:18 UTC 2025
✅ Commit 3 on Tue Dec 30 12:57:18 UTC 2025
✅ Commit 4 on Tue Dec 30 12:57:18 UTC 2025
✅ Commit 5 on Tue Dec 30 12:57:18 UTC 2025
✅ Commit 6 on Tue Dec 30 12:57:18 UTC 2025
✅ Commit 7 on Tue Dec 30 12:57:18 UTC 2025
✅ Commit 8 on Tue Dec 30 12:57:18 UTC 2025
✅ Commit 9 on Tue Dec 30 12:57:18 UTC 2025
✅ Commit 10 on Tue Dec 30 12:57:18 UTC 2025
✅ Commit 11 on Tue Dec 30 12:57:18 UTC 2025
✅ Commit 12 on Tue Dec 30 12:57:18 UTC 2025
✅ Commit 1 on Tue Dec 30 18:15:40 UTC 2025
✅ Commit 2 on Tue Dec 30 18:15:40 UTC 2025
✅ Commit 3 on Tue Dec 30 18:15:40 UTC 2025
✅ Commit 4 on Tue Dec 30 18:15:40 UTC 2025
✅ Commit 5 on Tue Dec 30 18:15:40 UTC 2025
✅ Commit 6 on Tue Dec 30 18:15:40 UTC 2025
✅ Commit 7 on Tue Dec 30 18:15:40 UTC 2025
✅ Commit 8 on Tue Dec 30 18:15:40 UTC 2025
✅ Commit 9 on Tue Dec 30 18:15:40 UTC 2025
✅ Commit 10 on Tue Dec 30 18:15:40 UTC 2025
✅ Commit 11 on Tue Dec 30 18:15:40 UTC 2025
✅ Commit 12 on Tue Dec 30 18:15:40 UTC 2025
✅ Commit 1 on Wed Dec 31 02:18:42 UTC 2025
✅ Commit 2 on Wed Dec 31 02:18:42 UTC 2025
✅ Commit 3 on Wed Dec 31 02:18:42 UTC 2025
✅ Commit 4 on Wed Dec 31 02:18:42 UTC 2025
✅ Commit 5 on Wed Dec 31 02:18:42 UTC 2025
✅ Commit 6 on Wed Dec 31 02:18:42 UTC 2025
✅ Commit 7 on Wed Dec 31 02:18:42 UTC 2025
✅ Commit 8 on Wed Dec 31 02:18:42 UTC 2025
✅ Commit 9 on Wed Dec 31 02:18:42 UTC 2025
✅ Commit 10 on Wed Dec 31 02:18:42 UTC 2025
✅ Commit 11 on Wed Dec 31 02:18:42 UTC 2025
✅ Commit 12 on Wed Dec 31 02:18:42 UTC 2025
✅ Commit 1 on Wed Dec 31 06:36:09 UTC 2025
✅ Commit 2 on Wed Dec 31 06:36:09 UTC 2025
✅ Commit 3 on Wed Dec 31 06:36:09 UTC 2025
✅ Commit 4 on Wed Dec 31 06:36:09 UTC 2025
✅ Commit 5 on Wed Dec 31 06:36:09 UTC 2025
✅ Commit 6 on Wed Dec 31 06:36:09 UTC 2025
✅ Commit 7 on Wed Dec 31 06:36:09 UTC 2025
✅ Commit 8 on Wed Dec 31 06:36:10 UTC 2025
✅ Commit 9 on Wed Dec 31 06:36:10 UTC 2025
✅ Commit 10 on Wed Dec 31 06:36:10 UTC 2025
✅ Commit 11 on Wed Dec 31 06:36:10 UTC 2025
✅ Commit 12 on Wed Dec 31 06:36:10 UTC 2025
✅ Commit 1 on Wed Dec 31 12:55:37 UTC 2025
✅ Commit 2 on Wed Dec 31 12:55:37 UTC 2025
✅ Commit 3 on Wed Dec 31 12:55:37 UTC 2025
✅ Commit 4 on Wed Dec 31 12:55:37 UTC 2025
✅ Commit 5 on Wed Dec 31 12:55:37 UTC 2025
✅ Commit 6 on Wed Dec 31 12:55:37 UTC 2025
✅ Commit 7 on Wed Dec 31 12:55:37 UTC 2025
✅ Commit 8 on Wed Dec 31 12:55:37 UTC 2025
✅ Commit 9 on Wed Dec 31 12:55:37 UTC 2025
✅ Commit 10 on Wed Dec 31 12:55:37 UTC 2025
✅ Commit 11 on Wed Dec 31 12:55:37 UTC 2025
✅ Commit 12 on Wed Dec 31 12:55:37 UTC 2025
✅ Commit 1 on Wed Dec 31 18:15:04 UTC 2025
✅ Commit 2 on Wed Dec 31 18:15:04 UTC 2025
✅ Commit 3 on Wed Dec 31 18:15:04 UTC 2025
✅ Commit 4 on Wed Dec 31 18:15:04 UTC 2025
✅ Commit 5 on Wed Dec 31 18:15:04 UTC 2025
✅ Commit 6 on Wed Dec 31 18:15:04 UTC 2025
✅ Commit 7 on Wed Dec 31 18:15:04 UTC 2025
✅ Commit 8 on Wed Dec 31 18:15:04 UTC 2025
✅ Commit 9 on Wed Dec 31 18:15:04 UTC 2025
✅ Commit 10 on Wed Dec 31 18:15:04 UTC 2025
✅ Commit 11 on Wed Dec 31 18:15:04 UTC 2025
✅ Commit 12 on Wed Dec 31 18:15:04 UTC 2025
✅ Commit 1 on Thu Jan  1 02:30:23 UTC 2026
✅ Commit 2 on Thu Jan  1 02:30:23 UTC 2026
✅ Commit 3 on Thu Jan  1 02:30:23 UTC 2026
✅ Commit 4 on Thu Jan  1 02:30:23 UTC 2026
✅ Commit 5 on Thu Jan  1 02:30:23 UTC 2026
✅ Commit 6 on Thu Jan  1 02:30:23 UTC 2026
✅ Commit 7 on Thu Jan  1 02:30:23 UTC 2026
✅ Commit 8 on Thu Jan  1 02:30:23 UTC 2026
✅ Commit 9 on Thu Jan  1 02:30:23 UTC 2026
✅ Commit 10 on Thu Jan  1 02:30:23 UTC 2026
✅ Commit 11 on Thu Jan  1 02:30:23 UTC 2026
✅ Commit 12 on Thu Jan  1 02:30:23 UTC 2026
✅ Commit 1 on Thu Jan  1 06:36:10 UTC 2026
✅ Commit 2 on Thu Jan  1 06:36:10 UTC 2026
✅ Commit 3 on Thu Jan  1 06:36:10 UTC 2026
✅ Commit 4 on Thu Jan  1 06:36:10 UTC 2026
✅ Commit 5 on Thu Jan  1 06:36:10 UTC 2026
✅ Commit 6 on Thu Jan  1 06:36:10 UTC 2026
✅ Commit 7 on Thu Jan  1 06:36:10 UTC 2026
✅ Commit 8 on Thu Jan  1 06:36:10 UTC 2026
✅ Commit 9 on Thu Jan  1 06:36:10 UTC 2026
✅ Commit 10 on Thu Jan  1 06:36:10 UTC 2026
✅ Commit 11 on Thu Jan  1 06:36:10 UTC 2026
✅ Commit 12 on Thu Jan  1 06:36:10 UTC 2026
✅ Commit 1 on Thu Jan  1 12:55:59 UTC 2026
✅ Commit 2 on Thu Jan  1 12:55:59 UTC 2026
✅ Commit 3 on Thu Jan  1 12:55:59 UTC 2026
✅ Commit 4 on Thu Jan  1 12:55:59 UTC 2026
✅ Commit 5 on Thu Jan  1 12:55:59 UTC 2026
✅ Commit 6 on Thu Jan  1 12:55:59 UTC 2026
✅ Commit 7 on Thu Jan  1 12:55:59 UTC 2026
✅ Commit 8 on Thu Jan  1 12:55:59 UTC 2026
✅ Commit 9 on Thu Jan  1 12:55:59 UTC 2026
✅ Commit 10 on Thu Jan  1 12:55:59 UTC 2026
✅ Commit 11 on Thu Jan  1 12:55:59 UTC 2026
✅ Commit 12 on Thu Jan  1 12:55:59 UTC 2026
✅ Commit 1 on Thu Jan  1 18:15:06 UTC 2026
✅ Commit 2 on Thu Jan  1 18:15:06 UTC 2026
✅ Commit 3 on Thu Jan  1 18:15:06 UTC 2026
✅ Commit 4 on Thu Jan  1 18:15:06 UTC 2026
✅ Commit 5 on Thu Jan  1 18:15:06 UTC 2026
✅ Commit 6 on Thu Jan  1 18:15:06 UTC 2026
✅ Commit 7 on Thu Jan  1 18:15:06 UTC 2026
✅ Commit 8 on Thu Jan  1 18:15:06 UTC 2026
✅ Commit 9 on Thu Jan  1 18:15:06 UTC 2026
✅ Commit 10 on Thu Jan  1 18:15:06 UTC 2026
✅ Commit 11 on Thu Jan  1 18:15:06 UTC 2026
✅ Commit 12 on Thu Jan  1 18:15:07 UTC 2026
✅ Commit 1 on Fri Jan  2 02:20:52 UTC 2026
✅ Commit 2 on Fri Jan  2 02:20:52 UTC 2026
✅ Commit 3 on Fri Jan  2 02:20:52 UTC 2026
✅ Commit 4 on Fri Jan  2 02:20:52 UTC 2026
✅ Commit 5 on Fri Jan  2 02:20:52 UTC 2026
✅ Commit 6 on Fri Jan  2 02:20:52 UTC 2026
✅ Commit 7 on Fri Jan  2 02:20:52 UTC 2026
✅ Commit 8 on Fri Jan  2 02:20:52 UTC 2026
✅ Commit 9 on Fri Jan  2 02:20:52 UTC 2026
✅ Commit 10 on Fri Jan  2 02:20:52 UTC 2026
✅ Commit 11 on Fri Jan  2 02:20:52 UTC 2026
✅ Commit 12 on Fri Jan  2 02:20:52 UTC 2026
✅ Commit 1 on Fri Jan  2 06:36:20 UTC 2026
✅ Commit 2 on Fri Jan  2 06:36:20 UTC 2026
✅ Commit 3 on Fri Jan  2 06:36:20 UTC 2026
✅ Commit 4 on Fri Jan  2 06:36:20 UTC 2026
✅ Commit 5 on Fri Jan  2 06:36:20 UTC 2026
✅ Commit 6 on Fri Jan  2 06:36:20 UTC 2026
✅ Commit 7 on Fri Jan  2 06:36:20 UTC 2026
✅ Commit 8 on Fri Jan  2 06:36:20 UTC 2026
✅ Commit 9 on Fri Jan  2 06:36:20 UTC 2026
✅ Commit 10 on Fri Jan  2 06:36:20 UTC 2026
✅ Commit 11 on Fri Jan  2 06:36:20 UTC 2026
✅ Commit 12 on Fri Jan  2 06:36:20 UTC 2026
✅ Commit 1 on Fri Jan  2 12:54:42 UTC 2026
✅ Commit 2 on Fri Jan  2 12:54:42 UTC 2026
✅ Commit 3 on Fri Jan  2 12:54:42 UTC 2026
✅ Commit 4 on Fri Jan  2 12:54:42 UTC 2026
✅ Commit 5 on Fri Jan  2 12:54:42 UTC 2026
✅ Commit 6 on Fri Jan  2 12:54:42 UTC 2026
✅ Commit 7 on Fri Jan  2 12:54:42 UTC 2026
✅ Commit 8 on Fri Jan  2 12:54:42 UTC 2026
✅ Commit 9 on Fri Jan  2 12:54:42 UTC 2026
✅ Commit 10 on Fri Jan  2 12:54:42 UTC 2026
✅ Commit 11 on Fri Jan  2 12:54:42 UTC 2026
✅ Commit 12 on Fri Jan  2 12:54:42 UTC 2026
✅ Commit 1 on Fri Jan  2 18:14:59 UTC 2026
✅ Commit 2 on Fri Jan  2 18:14:59 UTC 2026
✅ Commit 3 on Fri Jan  2 18:14:59 UTC 2026
✅ Commit 4 on Fri Jan  2 18:14:59 UTC 2026
✅ Commit 5 on Fri Jan  2 18:14:59 UTC 2026
✅ Commit 6 on Fri Jan  2 18:14:59 UTC 2026
✅ Commit 7 on Fri Jan  2 18:14:59 UTC 2026
✅ Commit 8 on Fri Jan  2 18:14:59 UTC 2026
✅ Commit 9 on Fri Jan  2 18:14:59 UTC 2026
✅ Commit 10 on Fri Jan  2 18:14:59 UTC 2026
✅ Commit 11 on Fri Jan  2 18:14:59 UTC 2026
✅ Commit 12 on Fri Jan  2 18:14:59 UTC 2026
✅ Commit 1 on Sat Jan  3 02:08:02 UTC 2026
✅ Commit 2 on Sat Jan  3 02:08:02 UTC 2026
✅ Commit 3 on Sat Jan  3 02:08:02 UTC 2026
✅ Commit 4 on Sat Jan  3 02:08:02 UTC 2026
✅ Commit 5 on Sat Jan  3 02:08:02 UTC 2026
✅ Commit 6 on Sat Jan  3 02:08:02 UTC 2026
✅ Commit 7 on Sat Jan  3 02:08:02 UTC 2026
✅ Commit 8 on Sat Jan  3 02:08:02 UTC 2026
✅ Commit 9 on Sat Jan  3 02:08:02 UTC 2026
✅ Commit 10 on Sat Jan  3 02:08:02 UTC 2026
✅ Commit 11 on Sat Jan  3 02:08:02 UTC 2026
✅ Commit 12 on Sat Jan  3 02:08:02 UTC 2026
✅ Commit 1 on Sat Jan  3 06:34:13 UTC 2026
✅ Commit 2 on Sat Jan  3 06:34:13 UTC 2026
✅ Commit 3 on Sat Jan  3 06:34:13 UTC 2026
✅ Commit 4 on Sat Jan  3 06:34:13 UTC 2026
✅ Commit 5 on Sat Jan  3 06:34:13 UTC 2026
✅ Commit 6 on Sat Jan  3 06:34:13 UTC 2026
✅ Commit 7 on Sat Jan  3 06:34:13 UTC 2026
✅ Commit 8 on Sat Jan  3 06:34:13 UTC 2026
✅ Commit 9 on Sat Jan  3 06:34:13 UTC 2026
✅ Commit 10 on Sat Jan  3 06:34:13 UTC 2026
✅ Commit 11 on Sat Jan  3 06:34:13 UTC 2026
✅ Commit 12 on Sat Jan  3 06:34:13 UTC 2026
✅ Commit 1 on Sat Jan  3 12:52:55 UTC 2026
✅ Commit 2 on Sat Jan  3 12:52:55 UTC 2026
✅ Commit 3 on Sat Jan  3 12:52:55 UTC 2026
✅ Commit 4 on Sat Jan  3 12:52:55 UTC 2026
✅ Commit 5 on Sat Jan  3 12:52:55 UTC 2026
✅ Commit 6 on Sat Jan  3 12:52:55 UTC 2026
✅ Commit 7 on Sat Jan  3 12:52:55 UTC 2026
✅ Commit 8 on Sat Jan  3 12:52:55 UTC 2026
✅ Commit 9 on Sat Jan  3 12:52:56 UTC 2026
✅ Commit 10 on Sat Jan  3 12:52:56 UTC 2026
✅ Commit 11 on Sat Jan  3 12:52:56 UTC 2026
✅ Commit 12 on Sat Jan  3 12:52:56 UTC 2026
✅ Commit 1 on Sat Jan  3 18:14:26 UTC 2026
✅ Commit 2 on Sat Jan  3 18:14:26 UTC 2026
✅ Commit 3 on Sat Jan  3 18:14:26 UTC 2026
✅ Commit 4 on Sat Jan  3 18:14:26 UTC 2026
✅ Commit 5 on Sat Jan  3 18:14:26 UTC 2026
✅ Commit 6 on Sat Jan  3 18:14:26 UTC 2026
✅ Commit 7 on Sat Jan  3 18:14:26 UTC 2026
✅ Commit 8 on Sat Jan  3 18:14:26 UTC 2026
✅ Commit 9 on Sat Jan  3 18:14:26 UTC 2026
✅ Commit 10 on Sat Jan  3 18:14:26 UTC 2026
✅ Commit 11 on Sat Jan  3 18:14:26 UTC 2026
✅ Commit 12 on Sat Jan  3 18:14:26 UTC 2026
✅ Commit 1 on Sun Jan  4 02:31:52 UTC 2026
✅ Commit 2 on Sun Jan  4 02:31:52 UTC 2026
✅ Commit 3 on Sun Jan  4 02:31:52 UTC 2026
✅ Commit 4 on Sun Jan  4 02:31:52 UTC 2026
✅ Commit 5 on Sun Jan  4 02:31:52 UTC 2026
✅ Commit 6 on Sun Jan  4 02:31:52 UTC 2026
✅ Commit 7 on Sun Jan  4 02:31:52 UTC 2026
✅ Commit 8 on Sun Jan  4 02:31:52 UTC 2026
✅ Commit 9 on Sun Jan  4 02:31:52 UTC 2026
✅ Commit 10 on Sun Jan  4 02:31:52 UTC 2026
✅ Commit 11 on Sun Jan  4 02:31:52 UTC 2026
✅ Commit 12 on Sun Jan  4 02:31:52 UTC 2026
✅ Commit 1 on Sun Jan  4 06:34:38 UTC 2026
✅ Commit 2 on Sun Jan  4 06:34:38 UTC 2026
✅ Commit 3 on Sun Jan  4 06:34:38 UTC 2026
✅ Commit 4 on Sun Jan  4 06:34:38 UTC 2026
✅ Commit 5 on Sun Jan  4 06:34:38 UTC 2026
✅ Commit 6 on Sun Jan  4 06:34:38 UTC 2026
✅ Commit 7 on Sun Jan  4 06:34:38 UTC 2026
✅ Commit 8 on Sun Jan  4 06:34:38 UTC 2026
✅ Commit 9 on Sun Jan  4 06:34:38 UTC 2026
✅ Commit 10 on Sun Jan  4 06:34:38 UTC 2026
✅ Commit 11 on Sun Jan  4 06:34:38 UTC 2026
✅ Commit 12 on Sun Jan  4 06:34:39 UTC 2026
✅ Commit 1 on Sun Jan  4 12:53:25 UTC 2026
✅ Commit 2 on Sun Jan  4 12:53:25 UTC 2026
✅ Commit 3 on Sun Jan  4 12:53:25 UTC 2026
✅ Commit 4 on Sun Jan  4 12:53:25 UTC 2026
✅ Commit 5 on Sun Jan  4 12:53:25 UTC 2026
✅ Commit 6 on Sun Jan  4 12:53:25 UTC 2026
✅ Commit 7 on Sun Jan  4 12:53:25 UTC 2026
✅ Commit 8 on Sun Jan  4 12:53:25 UTC 2026
✅ Commit 9 on Sun Jan  4 12:53:25 UTC 2026
✅ Commit 10 on Sun Jan  4 12:53:25 UTC 2026
✅ Commit 11 on Sun Jan  4 12:53:25 UTC 2026
✅ Commit 12 on Sun Jan  4 12:53:25 UTC 2026
✅ Commit 1 on Sun Jan  4 18:14:28 UTC 2026
✅ Commit 2 on Sun Jan  4 18:14:28 UTC 2026
✅ Commit 3 on Sun Jan  4 18:14:28 UTC 2026
✅ Commit 4 on Sun Jan  4 18:14:28 UTC 2026
✅ Commit 5 on Sun Jan  4 18:14:28 UTC 2026
✅ Commit 6 on Sun Jan  4 18:14:28 UTC 2026
✅ Commit 7 on Sun Jan  4 18:14:28 UTC 2026
✅ Commit 8 on Sun Jan  4 18:14:28 UTC 2026
✅ Commit 9 on Sun Jan  4 18:14:28 UTC 2026
✅ Commit 10 on Sun Jan  4 18:14:28 UTC 2026
✅ Commit 11 on Sun Jan  4 18:14:28 UTC 2026
✅ Commit 12 on Sun Jan  4 18:14:28 UTC 2026
✅ Commit 1 on Mon Jan  5 02:31:21 UTC 2026
✅ Commit 2 on Mon Jan  5 02:31:21 UTC 2026
✅ Commit 3 on Mon Jan  5 02:31:21 UTC 2026
✅ Commit 4 on Mon Jan  5 02:31:21 UTC 2026
✅ Commit 5 on Mon Jan  5 02:31:21 UTC 2026
✅ Commit 6 on Mon Jan  5 02:31:21 UTC 2026
✅ Commit 7 on Mon Jan  5 02:31:21 UTC 2026
✅ Commit 8 on Mon Jan  5 02:31:21 UTC 2026
✅ Commit 9 on Mon Jan  5 02:31:21 UTC 2026
✅ Commit 10 on Mon Jan  5 02:31:21 UTC 2026
✅ Commit 11 on Mon Jan  5 02:31:21 UTC 2026
✅ Commit 12 on Mon Jan  5 02:31:21 UTC 2026
✅ Commit 1 on Mon Jan  5 06:41:07 UTC 2026
✅ Commit 2 on Mon Jan  5 06:41:07 UTC 2026
✅ Commit 3 on Mon Jan  5 06:41:07 UTC 2026
✅ Commit 4 on Mon Jan  5 06:41:07 UTC 2026
✅ Commit 5 on Mon Jan  5 06:41:07 UTC 2026
✅ Commit 6 on Mon Jan  5 06:41:07 UTC 2026
✅ Commit 7 on Mon Jan  5 06:41:07 UTC 2026
✅ Commit 8 on Mon Jan  5 06:41:07 UTC 2026
✅ Commit 9 on Mon Jan  5 06:41:07 UTC 2026
✅ Commit 10 on Mon Jan  5 06:41:07 UTC 2026
✅ Commit 11 on Mon Jan  5 06:41:07 UTC 2026
✅ Commit 12 on Mon Jan  5 06:41:07 UTC 2026
✅ Commit 1 on Mon Jan  5 13:00:17 UTC 2026
✅ Commit 2 on Mon Jan  5 13:00:17 UTC 2026
✅ Commit 3 on Mon Jan  5 13:00:17 UTC 2026
✅ Commit 4 on Mon Jan  5 13:00:17 UTC 2026
✅ Commit 5 on Mon Jan  5 13:00:17 UTC 2026
✅ Commit 6 on Mon Jan  5 13:00:17 UTC 2026
✅ Commit 7 on Mon Jan  5 13:00:17 UTC 2026
✅ Commit 8 on Mon Jan  5 13:00:18 UTC 2026
✅ Commit 9 on Mon Jan  5 13:00:18 UTC 2026
✅ Commit 10 on Mon Jan  5 13:00:18 UTC 2026
✅ Commit 11 on Mon Jan  5 13:00:18 UTC 2026
✅ Commit 12 on Mon Jan  5 13:00:18 UTC 2026
✅ Commit 1 on Mon Jan  5 18:17:01 UTC 2026
✅ Commit 2 on Mon Jan  5 18:17:01 UTC 2026
✅ Commit 3 on Mon Jan  5 18:17:01 UTC 2026
✅ Commit 4 on Mon Jan  5 18:17:01 UTC 2026
✅ Commit 5 on Mon Jan  5 18:17:01 UTC 2026
✅ Commit 6 on Mon Jan  5 18:17:01 UTC 2026
✅ Commit 7 on Mon Jan  5 18:17:01 UTC 2026
✅ Commit 8 on Mon Jan  5 18:17:01 UTC 2026
✅ Commit 9 on Mon Jan  5 18:17:01 UTC 2026
✅ Commit 10 on Mon Jan  5 18:17:01 UTC 2026
✅ Commit 11 on Mon Jan  5 18:17:01 UTC 2026
✅ Commit 12 on Mon Jan  5 18:17:01 UTC 2026
✅ Commit 1 on Tue Jan  6 02:20:32 UTC 2026
✅ Commit 2 on Tue Jan  6 02:20:32 UTC 2026
✅ Commit 3 on Tue Jan  6 02:20:32 UTC 2026
✅ Commit 4 on Tue Jan  6 02:20:32 UTC 2026
✅ Commit 5 on Tue Jan  6 02:20:32 UTC 2026
✅ Commit 6 on Tue Jan  6 02:20:32 UTC 2026
✅ Commit 7 on Tue Jan  6 02:20:32 UTC 2026
✅ Commit 8 on Tue Jan  6 02:20:32 UTC 2026
✅ Commit 9 on Tue Jan  6 02:20:32 UTC 2026
✅ Commit 10 on Tue Jan  6 02:20:32 UTC 2026
✅ Commit 11 on Tue Jan  6 02:20:32 UTC 2026
✅ Commit 12 on Tue Jan  6 02:20:32 UTC 2026
✅ Commit 1 on Tue Jan  6 06:37:26 UTC 2026
✅ Commit 2 on Tue Jan  6 06:37:26 UTC 2026
✅ Commit 3 on Tue Jan  6 06:37:26 UTC 2026
✅ Commit 4 on Tue Jan  6 06:37:26 UTC 2026
✅ Commit 5 on Tue Jan  6 06:37:26 UTC 2026
✅ Commit 6 on Tue Jan  6 06:37:26 UTC 2026
✅ Commit 7 on Tue Jan  6 06:37:26 UTC 2026
✅ Commit 8 on Tue Jan  6 06:37:26 UTC 2026
✅ Commit 9 on Tue Jan  6 06:37:26 UTC 2026
✅ Commit 10 on Tue Jan  6 06:37:26 UTC 2026
✅ Commit 11 on Tue Jan  6 06:37:26 UTC 2026
✅ Commit 12 on Tue Jan  6 06:37:27 UTC 2026
✅ Commit 1 on Tue Jan  6 12:57:42 UTC 2026
✅ Commit 2 on Tue Jan  6 12:57:42 UTC 2026
✅ Commit 3 on Tue Jan  6 12:57:42 UTC 2026
✅ Commit 4 on Tue Jan  6 12:57:42 UTC 2026
✅ Commit 5 on Tue Jan  6 12:57:42 UTC 2026
✅ Commit 6 on Tue Jan  6 12:57:42 UTC 2026
✅ Commit 7 on Tue Jan  6 12:57:42 UTC 2026
✅ Commit 8 on Tue Jan  6 12:57:42 UTC 2026
✅ Commit 9 on Tue Jan  6 12:57:42 UTC 2026
✅ Commit 10 on Tue Jan  6 12:57:42 UTC 2026
✅ Commit 11 on Tue Jan  6 12:57:42 UTC 2026
✅ Commit 12 on Tue Jan  6 12:57:42 UTC 2026
✅ Commit 1 on Tue Jan  6 18:15:33 UTC 2026
✅ Commit 2 on Tue Jan  6 18:15:33 UTC 2026
✅ Commit 3 on Tue Jan  6 18:15:33 UTC 2026
✅ Commit 4 on Tue Jan  6 18:15:33 UTC 2026
✅ Commit 5 on Tue Jan  6 18:15:33 UTC 2026
✅ Commit 6 on Tue Jan  6 18:15:33 UTC 2026
✅ Commit 7 on Tue Jan  6 18:15:33 UTC 2026
✅ Commit 8 on Tue Jan  6 18:15:33 UTC 2026
✅ Commit 9 on Tue Jan  6 18:15:33 UTC 2026
✅ Commit 10 on Tue Jan  6 18:15:33 UTC 2026
✅ Commit 11 on Tue Jan  6 18:15:33 UTC 2026
✅ Commit 12 on Tue Jan  6 18:15:33 UTC 2026
✅ Commit 1 on Wed Jan  7 02:20:32 UTC 2026
✅ Commit 2 on Wed Jan  7 02:20:32 UTC 2026
✅ Commit 3 on Wed Jan  7 02:20:32 UTC 2026
✅ Commit 4 on Wed Jan  7 02:20:32 UTC 2026
✅ Commit 5 on Wed Jan  7 02:20:32 UTC 2026
✅ Commit 6 on Wed Jan  7 02:20:32 UTC 2026
✅ Commit 7 on Wed Jan  7 02:20:32 UTC 2026
✅ Commit 8 on Wed Jan  7 02:20:32 UTC 2026
✅ Commit 9 on Wed Jan  7 02:20:32 UTC 2026
✅ Commit 10 on Wed Jan  7 02:20:32 UTC 2026
✅ Commit 11 on Wed Jan  7 02:20:32 UTC 2026
✅ Commit 12 on Wed Jan  7 02:20:32 UTC 2026
✅ Commit 1 on Wed Jan  7 06:36:45 UTC 2026
✅ Commit 2 on Wed Jan  7 06:36:45 UTC 2026
✅ Commit 3 on Wed Jan  7 06:36:45 UTC 2026
✅ Commit 4 on Wed Jan  7 06:36:45 UTC 2026
✅ Commit 5 on Wed Jan  7 06:36:45 UTC 2026
✅ Commit 6 on Wed Jan  7 06:36:45 UTC 2026
✅ Commit 7 on Wed Jan  7 06:36:46 UTC 2026
✅ Commit 8 on Wed Jan  7 06:36:46 UTC 2026
✅ Commit 9 on Wed Jan  7 06:36:46 UTC 2026
✅ Commit 10 on Wed Jan  7 06:36:46 UTC 2026
✅ Commit 11 on Wed Jan  7 06:36:46 UTC 2026
✅ Commit 12 on Wed Jan  7 06:36:46 UTC 2026
✅ Commit 1 on Wed Jan  7 12:59:32 UTC 2026
✅ Commit 2 on Wed Jan  7 12:59:32 UTC 2026
✅ Commit 3 on Wed Jan  7 12:59:32 UTC 2026
✅ Commit 4 on Wed Jan  7 12:59:32 UTC 2026
✅ Commit 5 on Wed Jan  7 12:59:32 UTC 2026
✅ Commit 6 on Wed Jan  7 12:59:32 UTC 2026
✅ Commit 7 on Wed Jan  7 12:59:32 UTC 2026
✅ Commit 8 on Wed Jan  7 12:59:32 UTC 2026
✅ Commit 9 on Wed Jan  7 12:59:32 UTC 2026
✅ Commit 10 on Wed Jan  7 12:59:32 UTC 2026
✅ Commit 11 on Wed Jan  7 12:59:32 UTC 2026
✅ Commit 12 on Wed Jan  7 12:59:32 UTC 2026
✅ Commit 1 on Wed Jan  7 18:17:00 UTC 2026
✅ Commit 2 on Wed Jan  7 18:17:00 UTC 2026
✅ Commit 3 on Wed Jan  7 18:17:00 UTC 2026
✅ Commit 4 on Wed Jan  7 18:17:00 UTC 2026
✅ Commit 5 on Wed Jan  7 18:17:00 UTC 2026
✅ Commit 6 on Wed Jan  7 18:17:00 UTC 2026
✅ Commit 7 on Wed Jan  7 18:17:00 UTC 2026
✅ Commit 8 on Wed Jan  7 18:17:00 UTC 2026
✅ Commit 9 on Wed Jan  7 18:17:00 UTC 2026
✅ Commit 10 on Wed Jan  7 18:17:00 UTC 2026
✅ Commit 11 on Wed Jan  7 18:17:00 UTC 2026
✅ Commit 12 on Wed Jan  7 18:17:00 UTC 2026
✅ Commit 1 on Thu Jan  8 02:20:44 UTC 2026
✅ Commit 2 on Thu Jan  8 02:20:44 UTC 2026
✅ Commit 3 on Thu Jan  8 02:20:44 UTC 2026
✅ Commit 4 on Thu Jan  8 02:20:44 UTC 2026
✅ Commit 5 on Thu Jan  8 02:20:44 UTC 2026
✅ Commit 6 on Thu Jan  8 02:20:44 UTC 2026
✅ Commit 7 on Thu Jan  8 02:20:44 UTC 2026
✅ Commit 8 on Thu Jan  8 02:20:44 UTC 2026
✅ Commit 9 on Thu Jan  8 02:20:44 UTC 2026
✅ Commit 10 on Thu Jan  8 02:20:44 UTC 2026
✅ Commit 11 on Thu Jan  8 02:20:44 UTC 2026
✅ Commit 12 on Thu Jan  8 02:20:44 UTC 2026
✅ Commit 1 on Thu Jan  8 06:37:12 UTC 2026
✅ Commit 2 on Thu Jan  8 06:37:12 UTC 2026
✅ Commit 3 on Thu Jan  8 06:37:12 UTC 2026
✅ Commit 4 on Thu Jan  8 06:37:12 UTC 2026
✅ Commit 5 on Thu Jan  8 06:37:12 UTC 2026
✅ Commit 6 on Thu Jan  8 06:37:12 UTC 2026
✅ Commit 7 on Thu Jan  8 06:37:12 UTC 2026
✅ Commit 8 on Thu Jan  8 06:37:12 UTC 2026
✅ Commit 9 on Thu Jan  8 06:37:12 UTC 2026
✅ Commit 10 on Thu Jan  8 06:37:12 UTC 2026
✅ Commit 11 on Thu Jan  8 06:37:12 UTC 2026
✅ Commit 12 on Thu Jan  8 06:37:12 UTC 2026
✅ Commit 1 on Thu Jan  8 12:59:44 UTC 2026
✅ Commit 2 on Thu Jan  8 12:59:44 UTC 2026
✅ Commit 3 on Thu Jan  8 12:59:44 UTC 2026
✅ Commit 4 on Thu Jan  8 12:59:44 UTC 2026
✅ Commit 5 on Thu Jan  8 12:59:44 UTC 2026
✅ Commit 6 on Thu Jan  8 12:59:44 UTC 2026
✅ Commit 7 on Thu Jan  8 12:59:44 UTC 2026
✅ Commit 8 on Thu Jan  8 12:59:44 UTC 2026
✅ Commit 9 on Thu Jan  8 12:59:44 UTC 2026
✅ Commit 10 on Thu Jan  8 12:59:44 UTC 2026
✅ Commit 11 on Thu Jan  8 12:59:44 UTC 2026
✅ Commit 12 on Thu Jan  8 12:59:44 UTC 2026
✅ Commit 1 on Thu Jan  8 18:14:35 UTC 2026
✅ Commit 2 on Thu Jan  8 18:14:35 UTC 2026
✅ Commit 3 on Thu Jan  8 18:14:35 UTC 2026
✅ Commit 4 on Thu Jan  8 18:14:35 UTC 2026
✅ Commit 5 on Thu Jan  8 18:14:35 UTC 2026
✅ Commit 6 on Thu Jan  8 18:14:35 UTC 2026
✅ Commit 7 on Thu Jan  8 18:14:35 UTC 2026
✅ Commit 8 on Thu Jan  8 18:14:35 UTC 2026
✅ Commit 9 on Thu Jan  8 18:14:35 UTC 2026
✅ Commit 10 on Thu Jan  8 18:14:35 UTC 2026
✅ Commit 11 on Thu Jan  8 18:14:35 UTC 2026
✅ Commit 12 on Thu Jan  8 18:14:35 UTC 2026
✅ Commit 1 on Fri Jan  9 02:21:22 UTC 2026
✅ Commit 2 on Fri Jan  9 02:21:22 UTC 2026
✅ Commit 3 on Fri Jan  9 02:21:22 UTC 2026
✅ Commit 4 on Fri Jan  9 02:21:22 UTC 2026
✅ Commit 5 on Fri Jan  9 02:21:22 UTC 2026
✅ Commit 6 on Fri Jan  9 02:21:22 UTC 2026
✅ Commit 7 on Fri Jan  9 02:21:22 UTC 2026
✅ Commit 8 on Fri Jan  9 02:21:22 UTC 2026
✅ Commit 9 on Fri Jan  9 02:21:22 UTC 2026
✅ Commit 10 on Fri Jan  9 02:21:22 UTC 2026
✅ Commit 11 on Fri Jan  9 02:21:22 UTC 2026
✅ Commit 12 on Fri Jan  9 02:21:22 UTC 2026
✅ Commit 1 on Fri Jan  9 06:37:07 UTC 2026
✅ Commit 2 on Fri Jan  9 06:37:07 UTC 2026
✅ Commit 3 on Fri Jan  9 06:37:07 UTC 2026
✅ Commit 4 on Fri Jan  9 06:37:07 UTC 2026
✅ Commit 5 on Fri Jan  9 06:37:07 UTC 2026
✅ Commit 6 on Fri Jan  9 06:37:07 UTC 2026
✅ Commit 7 on Fri Jan  9 06:37:07 UTC 2026
✅ Commit 8 on Fri Jan  9 06:37:07 UTC 2026
✅ Commit 9 on Fri Jan  9 06:37:07 UTC 2026
✅ Commit 10 on Fri Jan  9 06:37:07 UTC 2026
✅ Commit 11 on Fri Jan  9 06:37:07 UTC 2026
✅ Commit 12 on Fri Jan  9 06:37:07 UTC 2026
✅ Commit 1 on Fri Jan  9 12:58:55 UTC 2026
✅ Commit 2 on Fri Jan  9 12:58:55 UTC 2026
✅ Commit 3 on Fri Jan  9 12:58:55 UTC 2026
✅ Commit 4 on Fri Jan  9 12:58:55 UTC 2026
✅ Commit 5 on Fri Jan  9 12:58:55 UTC 2026
✅ Commit 6 on Fri Jan  9 12:58:55 UTC 2026
✅ Commit 7 on Fri Jan  9 12:58:55 UTC 2026
✅ Commit 8 on Fri Jan  9 12:58:55 UTC 2026
✅ Commit 9 on Fri Jan  9 12:58:55 UTC 2026
✅ Commit 10 on Fri Jan  9 12:58:55 UTC 2026
✅ Commit 11 on Fri Jan  9 12:58:55 UTC 2026
✅ Commit 12 on Fri Jan  9 12:58:55 UTC 2026
✅ Commit 1 on Fri Jan  9 18:16:34 UTC 2026
✅ Commit 2 on Fri Jan  9 18:16:34 UTC 2026
✅ Commit 3 on Fri Jan  9 18:16:34 UTC 2026
✅ Commit 4 on Fri Jan  9 18:16:34 UTC 2026
✅ Commit 5 on Fri Jan  9 18:16:34 UTC 2026
✅ Commit 6 on Fri Jan  9 18:16:34 UTC 2026
✅ Commit 7 on Fri Jan  9 18:16:34 UTC 2026
✅ Commit 8 on Fri Jan  9 18:16:34 UTC 2026
✅ Commit 9 on Fri Jan  9 18:16:34 UTC 2026
✅ Commit 10 on Fri Jan  9 18:16:34 UTC 2026
✅ Commit 11 on Fri Jan  9 18:16:34 UTC 2026
✅ Commit 12 on Fri Jan  9 18:16:34 UTC 2026
✅ Commit 1 on Sat Jan 10 02:11:09 UTC 2026
✅ Commit 2 on Sat Jan 10 02:11:09 UTC 2026
✅ Commit 3 on Sat Jan 10 02:11:09 UTC 2026
✅ Commit 4 on Sat Jan 10 02:11:09 UTC 2026
✅ Commit 5 on Sat Jan 10 02:11:09 UTC 2026
✅ Commit 6 on Sat Jan 10 02:11:09 UTC 2026
✅ Commit 7 on Sat Jan 10 02:11:09 UTC 2026
✅ Commit 8 on Sat Jan 10 02:11:09 UTC 2026
✅ Commit 9 on Sat Jan 10 02:11:09 UTC 2026
✅ Commit 10 on Sat Jan 10 02:11:09 UTC 2026
✅ Commit 11 on Sat Jan 10 02:11:09 UTC 2026
✅ Commit 12 on Sat Jan 10 02:11:09 UTC 2026
✅ Commit 1 on Sat Jan 10 06:33:16 UTC 2026
✅ Commit 2 on Sat Jan 10 06:33:16 UTC 2026
✅ Commit 3 on Sat Jan 10 06:33:16 UTC 2026
✅ Commit 4 on Sat Jan 10 06:33:16 UTC 2026
✅ Commit 5 on Sat Jan 10 06:33:16 UTC 2026
✅ Commit 6 on Sat Jan 10 06:33:16 UTC 2026
✅ Commit 7 on Sat Jan 10 06:33:16 UTC 2026
✅ Commit 8 on Sat Jan 10 06:33:16 UTC 2026
✅ Commit 9 on Sat Jan 10 06:33:16 UTC 2026
✅ Commit 10 on Sat Jan 10 06:33:16 UTC 2026
✅ Commit 11 on Sat Jan 10 06:33:16 UTC 2026
✅ Commit 12 on Sat Jan 10 06:33:16 UTC 2026
✅ Commit 1 on Sat Jan 10 12:53:05 UTC 2026
✅ Commit 2 on Sat Jan 10 12:53:05 UTC 2026
✅ Commit 3 on Sat Jan 10 12:53:05 UTC 2026
✅ Commit 4 on Sat Jan 10 12:53:05 UTC 2026
✅ Commit 5 on Sat Jan 10 12:53:05 UTC 2026
✅ Commit 6 on Sat Jan 10 12:53:05 UTC 2026
✅ Commit 7 on Sat Jan 10 12:53:05 UTC 2026
✅ Commit 8 on Sat Jan 10 12:53:05 UTC 2026
✅ Commit 9 on Sat Jan 10 12:53:05 UTC 2026
✅ Commit 10 on Sat Jan 10 12:53:05 UTC 2026
✅ Commit 11 on Sat Jan 10 12:53:05 UTC 2026
✅ Commit 12 on Sat Jan 10 12:53:05 UTC 2026
✅ Commit 1 on Sat Jan 10 18:14:44 UTC 2026
✅ Commit 2 on Sat Jan 10 18:14:44 UTC 2026
✅ Commit 3 on Sat Jan 10 18:14:44 UTC 2026
✅ Commit 4 on Sat Jan 10 18:14:44 UTC 2026
✅ Commit 5 on Sat Jan 10 18:14:44 UTC 2026
✅ Commit 6 on Sat Jan 10 18:14:44 UTC 2026
✅ Commit 7 on Sat Jan 10 18:14:44 UTC 2026
✅ Commit 8 on Sat Jan 10 18:14:44 UTC 2026
✅ Commit 9 on Sat Jan 10 18:14:44 UTC 2026
✅ Commit 10 on Sat Jan 10 18:14:44 UTC 2026
✅ Commit 11 on Sat Jan 10 18:14:44 UTC 2026
✅ Commit 12 on Sat Jan 10 18:14:44 UTC 2026
✅ Commit 1 on Sun Jan 11 02:31:31 UTC 2026
✅ Commit 2 on Sun Jan 11 02:31:31 UTC 2026
✅ Commit 3 on Sun Jan 11 02:31:31 UTC 2026
✅ Commit 4 on Sun Jan 11 02:31:31 UTC 2026
✅ Commit 5 on Sun Jan 11 02:31:31 UTC 2026
✅ Commit 6 on Sun Jan 11 02:31:31 UTC 2026
✅ Commit 7 on Sun Jan 11 02:31:31 UTC 2026
✅ Commit 8 on Sun Jan 11 02:31:31 UTC 2026
✅ Commit 9 on Sun Jan 11 02:31:31 UTC 2026
✅ Commit 10 on Sun Jan 11 02:31:31 UTC 2026
✅ Commit 11 on Sun Jan 11 02:31:31 UTC 2026
✅ Commit 12 on Sun Jan 11 02:31:31 UTC 2026
✅ Commit 1 on Sun Jan 11 06:35:04 UTC 2026
✅ Commit 2 on Sun Jan 11 06:35:04 UTC 2026
✅ Commit 3 on Sun Jan 11 06:35:05 UTC 2026
✅ Commit 4 on Sun Jan 11 06:35:05 UTC 2026
✅ Commit 5 on Sun Jan 11 06:35:05 UTC 2026
✅ Commit 6 on Sun Jan 11 06:35:05 UTC 2026
✅ Commit 7 on Sun Jan 11 06:35:05 UTC 2026
✅ Commit 8 on Sun Jan 11 06:35:05 UTC 2026
✅ Commit 9 on Sun Jan 11 06:35:05 UTC 2026
✅ Commit 10 on Sun Jan 11 06:35:05 UTC 2026
✅ Commit 11 on Sun Jan 11 06:35:05 UTC 2026
✅ Commit 12 on Sun Jan 11 06:35:05 UTC 2026
✅ Commit 1 on Sun Jan 11 12:54:09 UTC 2026
✅ Commit 2 on Sun Jan 11 12:54:09 UTC 2026
✅ Commit 3 on Sun Jan 11 12:54:09 UTC 2026
✅ Commit 4 on Sun Jan 11 12:54:09 UTC 2026
✅ Commit 5 on Sun Jan 11 12:54:09 UTC 2026
✅ Commit 6 on Sun Jan 11 12:54:09 UTC 2026
✅ Commit 7 on Sun Jan 11 12:54:09 UTC 2026
✅ Commit 8 on Sun Jan 11 12:54:09 UTC 2026
✅ Commit 9 on Sun Jan 11 12:54:09 UTC 2026
✅ Commit 10 on Sun Jan 11 12:54:09 UTC 2026
✅ Commit 11 on Sun Jan 11 12:54:09 UTC 2026
✅ Commit 12 on Sun Jan 11 12:54:09 UTC 2026
✅ Commit 1 on Sun Jan 11 18:14:23 UTC 2026
✅ Commit 2 on Sun Jan 11 18:14:23 UTC 2026
✅ Commit 3 on Sun Jan 11 18:14:23 UTC 2026
✅ Commit 4 on Sun Jan 11 18:14:23 UTC 2026
✅ Commit 5 on Sun Jan 11 18:14:23 UTC 2026
✅ Commit 6 on Sun Jan 11 18:14:23 UTC 2026
✅ Commit 7 on Sun Jan 11 18:14:23 UTC 2026
✅ Commit 8 on Sun Jan 11 18:14:23 UTC 2026
✅ Commit 9 on Sun Jan 11 18:14:23 UTC 2026
✅ Commit 10 on Sun Jan 11 18:14:23 UTC 2026
✅ Commit 11 on Sun Jan 11 18:14:23 UTC 2026
✅ Commit 12 on Sun Jan 11 18:14:23 UTC 2026
✅ Commit 1 on Mon Jan 12 02:27:12 UTC 2026
✅ Commit 2 on Mon Jan 12 02:27:12 UTC 2026
✅ Commit 3 on Mon Jan 12 02:27:12 UTC 2026
✅ Commit 4 on Mon Jan 12 02:27:12 UTC 2026
✅ Commit 5 on Mon Jan 12 02:27:12 UTC 2026
✅ Commit 6 on Mon Jan 12 02:27:12 UTC 2026
✅ Commit 7 on Mon Jan 12 02:27:12 UTC 2026
✅ Commit 8 on Mon Jan 12 02:27:12 UTC 2026
✅ Commit 9 on Mon Jan 12 02:27:12 UTC 2026
✅ Commit 10 on Mon Jan 12 02:27:12 UTC 2026
✅ Commit 11 on Mon Jan 12 02:27:12 UTC 2026
✅ Commit 12 on Mon Jan 12 02:27:12 UTC 2026
✅ Commit 1 on Mon Jan 12 06:39:41 UTC 2026
✅ Commit 2 on Mon Jan 12 06:39:41 UTC 2026
✅ Commit 3 on Mon Jan 12 06:39:41 UTC 2026
✅ Commit 4 on Mon Jan 12 06:39:41 UTC 2026
✅ Commit 5 on Mon Jan 12 06:39:41 UTC 2026
✅ Commit 6 on Mon Jan 12 06:39:41 UTC 2026
✅ Commit 7 on Mon Jan 12 06:39:41 UTC 2026
✅ Commit 8 on Mon Jan 12 06:39:41 UTC 2026
✅ Commit 9 on Mon Jan 12 06:39:41 UTC 2026
✅ Commit 10 on Mon Jan 12 06:39:41 UTC 2026
✅ Commit 11 on Mon Jan 12 06:39:41 UTC 2026
✅ Commit 12 on Mon Jan 12 06:39:41 UTC 2026
✅ Commit 1 on Mon Jan 12 13:01:04 UTC 2026
✅ Commit 2 on Mon Jan 12 13:01:04 UTC 2026
✅ Commit 3 on Mon Jan 12 13:01:04 UTC 2026
✅ Commit 4 on Mon Jan 12 13:01:04 UTC 2026
✅ Commit 5 on Mon Jan 12 13:01:04 UTC 2026
✅ Commit 6 on Mon Jan 12 13:01:04 UTC 2026
✅ Commit 7 on Mon Jan 12 13:01:04 UTC 2026
✅ Commit 8 on Mon Jan 12 13:01:04 UTC 2026
✅ Commit 9 on Mon Jan 12 13:01:04 UTC 2026
✅ Commit 10 on Mon Jan 12 13:01:04 UTC 2026
✅ Commit 11 on Mon Jan 12 13:01:04 UTC 2026
✅ Commit 12 on Mon Jan 12 13:01:04 UTC 2026
✅ Commit 1 on Mon Jan 12 18:16:32 UTC 2026
✅ Commit 2 on Mon Jan 12 18:16:32 UTC 2026
✅ Commit 3 on Mon Jan 12 18:16:32 UTC 2026
✅ Commit 4 on Mon Jan 12 18:16:32 UTC 2026
✅ Commit 5 on Mon Jan 12 18:16:32 UTC 2026
✅ Commit 6 on Mon Jan 12 18:16:32 UTC 2026
✅ Commit 7 on Mon Jan 12 18:16:32 UTC 2026
✅ Commit 8 on Mon Jan 12 18:16:32 UTC 2026
✅ Commit 9 on Mon Jan 12 18:16:32 UTC 2026
✅ Commit 10 on Mon Jan 12 18:16:32 UTC 2026
✅ Commit 11 on Mon Jan 12 18:16:32 UTC 2026
✅ Commit 12 on Mon Jan 12 18:16:32 UTC 2026
✅ Commit 1 on Tue Jan 13 02:18:43 UTC 2026
✅ Commit 2 on Tue Jan 13 02:18:43 UTC 2026
✅ Commit 3 on Tue Jan 13 02:18:43 UTC 2026
✅ Commit 4 on Tue Jan 13 02:18:43 UTC 2026
✅ Commit 5 on Tue Jan 13 02:18:43 UTC 2026
✅ Commit 6 on Tue Jan 13 02:18:43 UTC 2026
✅ Commit 7 on Tue Jan 13 02:18:43 UTC 2026
✅ Commit 8 on Tue Jan 13 02:18:43 UTC 2026
✅ Commit 9 on Tue Jan 13 02:18:43 UTC 2026
✅ Commit 10 on Tue Jan 13 02:18:43 UTC 2026
✅ Commit 11 on Tue Jan 13 02:18:43 UTC 2026
✅ Commit 12 on Tue Jan 13 02:18:43 UTC 2026
✅ Commit 1 on Tue Jan 13 06:37:10 UTC 2026
✅ Commit 2 on Tue Jan 13 06:37:11 UTC 2026
✅ Commit 3 on Tue Jan 13 06:37:11 UTC 2026
✅ Commit 4 on Tue Jan 13 06:37:11 UTC 2026
✅ Commit 5 on Tue Jan 13 06:37:11 UTC 2026
✅ Commit 6 on Tue Jan 13 06:37:11 UTC 2026
✅ Commit 7 on Tue Jan 13 06:37:11 UTC 2026
✅ Commit 8 on Tue Jan 13 06:37:11 UTC 2026
✅ Commit 9 on Tue Jan 13 06:37:11 UTC 2026
✅ Commit 10 on Tue Jan 13 06:37:11 UTC 2026
✅ Commit 11 on Tue Jan 13 06:37:11 UTC 2026
✅ Commit 12 on Tue Jan 13 06:37:11 UTC 2026
✅ Commit 1 on Tue Jan 13 13:01:08 UTC 2026
✅ Commit 2 on Tue Jan 13 13:01:08 UTC 2026
✅ Commit 3 on Tue Jan 13 13:01:08 UTC 2026
✅ Commit 4 on Tue Jan 13 13:01:08 UTC 2026
✅ Commit 5 on Tue Jan 13 13:01:08 UTC 2026
✅ Commit 6 on Tue Jan 13 13:01:08 UTC 2026
✅ Commit 7 on Tue Jan 13 13:01:08 UTC 2026
✅ Commit 8 on Tue Jan 13 13:01:08 UTC 2026
✅ Commit 9 on Tue Jan 13 13:01:08 UTC 2026
✅ Commit 10 on Tue Jan 13 13:01:08 UTC 2026
✅ Commit 11 on Tue Jan 13 13:01:08 UTC 2026
✅ Commit 12 on Tue Jan 13 13:01:08 UTC 2026
✅ Commit 1 on Tue Jan 13 18:18:04 UTC 2026
✅ Commit 2 on Tue Jan 13 18:18:04 UTC 2026
✅ Commit 3 on Tue Jan 13 18:18:04 UTC 2026
✅ Commit 4 on Tue Jan 13 18:18:04 UTC 2026
✅ Commit 5 on Tue Jan 13 18:18:04 UTC 2026
✅ Commit 6 on Tue Jan 13 18:18:04 UTC 2026
✅ Commit 7 on Tue Jan 13 18:18:04 UTC 2026
✅ Commit 8 on Tue Jan 13 18:18:04 UTC 2026
✅ Commit 9 on Tue Jan 13 18:18:04 UTC 2026
✅ Commit 10 on Tue Jan 13 18:18:04 UTC 2026
✅ Commit 11 on Tue Jan 13 18:18:04 UTC 2026
✅ Commit 12 on Tue Jan 13 18:18:04 UTC 2026
✅ Commit 1 on Wed Jan 14 02:25:54 UTC 2026
✅ Commit 2 on Wed Jan 14 02:25:54 UTC 2026
✅ Commit 3 on Wed Jan 14 02:25:54 UTC 2026
✅ Commit 4 on Wed Jan 14 02:25:54 UTC 2026
✅ Commit 5 on Wed Jan 14 02:25:54 UTC 2026
✅ Commit 6 on Wed Jan 14 02:25:54 UTC 2026
✅ Commit 7 on Wed Jan 14 02:25:54 UTC 2026
✅ Commit 8 on Wed Jan 14 02:25:54 UTC 2026
✅ Commit 9 on Wed Jan 14 02:25:54 UTC 2026
✅ Commit 10 on Wed Jan 14 02:25:55 UTC 2026
✅ Commit 11 on Wed Jan 14 02:25:55 UTC 2026
✅ Commit 12 on Wed Jan 14 02:25:55 UTC 2026
✅ Commit 1 on Wed Jan 14 06:37:22 UTC 2026
✅ Commit 2 on Wed Jan 14 06:37:22 UTC 2026
✅ Commit 3 on Wed Jan 14 06:37:22 UTC 2026
✅ Commit 4 on Wed Jan 14 06:37:22 UTC 2026
✅ Commit 5 on Wed Jan 14 06:37:22 UTC 2026
✅ Commit 6 on Wed Jan 14 06:37:22 UTC 2026
✅ Commit 7 on Wed Jan 14 06:37:22 UTC 2026
✅ Commit 8 on Wed Jan 14 06:37:22 UTC 2026
✅ Commit 9 on Wed Jan 14 06:37:22 UTC 2026
✅ Commit 10 on Wed Jan 14 06:37:22 UTC 2026
✅ Commit 11 on Wed Jan 14 06:37:22 UTC 2026
✅ Commit 12 on Wed Jan 14 06:37:22 UTC 2026
✅ Commit 1 on Wed Jan 14 13:01:11 UTC 2026
✅ Commit 2 on Wed Jan 14 13:01:11 UTC 2026
✅ Commit 3 on Wed Jan 14 13:01:11 UTC 2026
✅ Commit 4 on Wed Jan 14 13:01:11 UTC 2026
✅ Commit 5 on Wed Jan 14 13:01:11 UTC 2026
✅ Commit 6 on Wed Jan 14 13:01:11 UTC 2026
✅ Commit 7 on Wed Jan 14 13:01:11 UTC 2026
✅ Commit 8 on Wed Jan 14 13:01:11 UTC 2026
✅ Commit 9 on Wed Jan 14 13:01:11 UTC 2026
✅ Commit 10 on Wed Jan 14 13:01:11 UTC 2026
✅ Commit 11 on Wed Jan 14 13:01:11 UTC 2026
✅ Commit 12 on Wed Jan 14 13:01:11 UTC 2026
✅ Commit 1 on Wed Jan 14 18:17:45 UTC 2026
✅ Commit 2 on Wed Jan 14 18:17:45 UTC 2026
✅ Commit 3 on Wed Jan 14 18:17:45 UTC 2026
✅ Commit 4 on Wed Jan 14 18:17:45 UTC 2026
✅ Commit 5 on Wed Jan 14 18:17:45 UTC 2026
✅ Commit 6 on Wed Jan 14 18:17:45 UTC 2026
✅ Commit 7 on Wed Jan 14 18:17:45 UTC 2026
✅ Commit 8 on Wed Jan 14 18:17:45 UTC 2026
✅ Commit 9 on Wed Jan 14 18:17:45 UTC 2026
✅ Commit 10 on Wed Jan 14 18:17:45 UTC 2026
✅ Commit 11 on Wed Jan 14 18:17:45 UTC 2026
✅ Commit 12 on Wed Jan 14 18:17:45 UTC 2026
✅ Commit 1 on Thu Jan 15 02:20:15 UTC 2026
✅ Commit 2 on Thu Jan 15 02:20:15 UTC 2026
✅ Commit 3 on Thu Jan 15 02:20:15 UTC 2026
✅ Commit 4 on Thu Jan 15 02:20:15 UTC 2026
✅ Commit 5 on Thu Jan 15 02:20:15 UTC 2026
✅ Commit 6 on Thu Jan 15 02:20:15 UTC 2026
✅ Commit 7 on Thu Jan 15 02:20:15 UTC 2026
✅ Commit 8 on Thu Jan 15 02:20:15 UTC 2026
✅ Commit 9 on Thu Jan 15 02:20:15 UTC 2026
✅ Commit 10 on Thu Jan 15 02:20:15 UTC 2026
✅ Commit 11 on Thu Jan 15 02:20:15 UTC 2026
✅ Commit 12 on Thu Jan 15 02:20:15 UTC 2026
✅ Commit 1 on Thu Jan 15 06:37:03 UTC 2026
✅ Commit 2 on Thu Jan 15 06:37:03 UTC 2026
✅ Commit 3 on Thu Jan 15 06:37:03 UTC 2026
✅ Commit 4 on Thu Jan 15 06:37:03 UTC 2026
✅ Commit 5 on Thu Jan 15 06:37:03 UTC 2026
✅ Commit 6 on Thu Jan 15 06:37:03 UTC 2026
✅ Commit 7 on Thu Jan 15 06:37:03 UTC 2026
✅ Commit 8 on Thu Jan 15 06:37:03 UTC 2026
✅ Commit 9 on Thu Jan 15 06:37:03 UTC 2026
✅ Commit 10 on Thu Jan 15 06:37:03 UTC 2026
✅ Commit 11 on Thu Jan 15 06:37:03 UTC 2026
✅ Commit 12 on Thu Jan 15 06:37:03 UTC 2026
✅ Commit 1 on Thu Jan 15 12:59:50 UTC 2026
✅ Commit 2 on Thu Jan 15 12:59:50 UTC 2026
✅ Commit 3 on Thu Jan 15 12:59:50 UTC 2026
✅ Commit 4 on Thu Jan 15 12:59:50 UTC 2026
✅ Commit 5 on Thu Jan 15 12:59:50 UTC 2026
✅ Commit 6 on Thu Jan 15 12:59:50 UTC 2026
✅ Commit 7 on Thu Jan 15 12:59:50 UTC 2026
✅ Commit 8 on Thu Jan 15 12:59:50 UTC 2026
✅ Commit 9 on Thu Jan 15 12:59:50 UTC 2026
✅ Commit 10 on Thu Jan 15 12:59:50 UTC 2026
✅ Commit 11 on Thu Jan 15 12:59:50 UTC 2026
✅ Commit 12 on Thu Jan 15 12:59:50 UTC 2026
✅ Commit 1 on Thu Jan 15 18:21:40 UTC 2026
✅ Commit 2 on Thu Jan 15 18:21:40 UTC 2026
✅ Commit 3 on Thu Jan 15 18:21:40 UTC 2026
✅ Commit 4 on Thu Jan 15 18:21:40 UTC 2026
✅ Commit 5 on Thu Jan 15 18:21:40 UTC 2026
✅ Commit 6 on Thu Jan 15 18:21:40 UTC 2026
✅ Commit 7 on Thu Jan 15 18:21:40 UTC 2026
✅ Commit 8 on Thu Jan 15 18:21:40 UTC 2026
✅ Commit 9 on Thu Jan 15 18:21:40 UTC 2026
✅ Commit 10 on Thu Jan 15 18:21:40 UTC 2026
✅ Commit 11 on Thu Jan 15 18:21:40 UTC 2026
✅ Commit 12 on Thu Jan 15 18:21:40 UTC 2026
✅ Commit 1 on Fri Jan 16 02:22:13 UTC 2026
✅ Commit 2 on Fri Jan 16 02:22:13 UTC 2026
✅ Commit 3 on Fri Jan 16 02:22:13 UTC 2026
✅ Commit 4 on Fri Jan 16 02:22:13 UTC 2026
✅ Commit 5 on Fri Jan 16 02:22:13 UTC 2026
✅ Commit 6 on Fri Jan 16 02:22:13 UTC 2026
✅ Commit 7 on Fri Jan 16 02:22:13 UTC 2026
✅ Commit 8 on Fri Jan 16 02:22:13 UTC 2026
✅ Commit 9 on Fri Jan 16 02:22:13 UTC 2026
✅ Commit 10 on Fri Jan 16 02:22:13 UTC 2026
✅ Commit 11 on Fri Jan 16 02:22:13 UTC 2026
✅ Commit 12 on Fri Jan 16 02:22:13 UTC 2026
✅ Commit 1 on Fri Jan 16 06:36:58 UTC 2026
✅ Commit 2 on Fri Jan 16 06:36:58 UTC 2026
✅ Commit 3 on Fri Jan 16 06:36:58 UTC 2026
✅ Commit 4 on Fri Jan 16 06:36:58 UTC 2026
✅ Commit 5 on Fri Jan 16 06:36:58 UTC 2026
✅ Commit 6 on Fri Jan 16 06:36:58 UTC 2026
✅ Commit 7 on Fri Jan 16 06:36:58 UTC 2026
✅ Commit 8 on Fri Jan 16 06:36:58 UTC 2026
✅ Commit 9 on Fri Jan 16 06:36:58 UTC 2026
✅ Commit 10 on Fri Jan 16 06:36:58 UTC 2026
✅ Commit 11 on Fri Jan 16 06:36:58 UTC 2026
✅ Commit 12 on Fri Jan 16 06:36:58 UTC 2026
✅ Commit 1 on Fri Jan 16 12:58:46 UTC 2026
✅ Commit 2 on Fri Jan 16 12:58:46 UTC 2026
✅ Commit 3 on Fri Jan 16 12:58:46 UTC 2026
✅ Commit 4 on Fri Jan 16 12:58:46 UTC 2026
✅ Commit 5 on Fri Jan 16 12:58:46 UTC 2026
✅ Commit 6 on Fri Jan 16 12:58:46 UTC 2026
✅ Commit 7 on Fri Jan 16 12:58:46 UTC 2026
✅ Commit 8 on Fri Jan 16 12:58:46 UTC 2026
✅ Commit 9 on Fri Jan 16 12:58:46 UTC 2026
✅ Commit 10 on Fri Jan 16 12:58:46 UTC 2026
✅ Commit 11 on Fri Jan 16 12:58:46 UTC 2026
✅ Commit 12 on Fri Jan 16 12:58:46 UTC 2026
✅ Commit 1 on Fri Jan 16 18:16:45 UTC 2026
✅ Commit 2 on Fri Jan 16 18:16:45 UTC 2026
✅ Commit 3 on Fri Jan 16 18:16:45 UTC 2026
✅ Commit 4 on Fri Jan 16 18:16:45 UTC 2026
✅ Commit 5 on Fri Jan 16 18:16:45 UTC 2026
✅ Commit 6 on Fri Jan 16 18:16:45 UTC 2026
✅ Commit 7 on Fri Jan 16 18:16:45 UTC 2026
✅ Commit 8 on Fri Jan 16 18:16:45 UTC 2026
✅ Commit 9 on Fri Jan 16 18:16:45 UTC 2026
✅ Commit 10 on Fri Jan 16 18:16:45 UTC 2026
✅ Commit 11 on Fri Jan 16 18:16:45 UTC 2026
✅ Commit 12 on Fri Jan 16 18:16:45 UTC 2026
✅ Commit 1 on Sat Jan 17 02:09:18 UTC 2026
✅ Commit 2 on Sat Jan 17 02:09:18 UTC 2026
✅ Commit 3 on Sat Jan 17 02:09:18 UTC 2026
✅ Commit 4 on Sat Jan 17 02:09:18 UTC 2026
✅ Commit 5 on Sat Jan 17 02:09:18 UTC 2026
✅ Commit 6 on Sat Jan 17 02:09:18 UTC 2026
✅ Commit 7 on Sat Jan 17 02:09:18 UTC 2026
✅ Commit 8 on Sat Jan 17 02:09:18 UTC 2026
✅ Commit 9 on Sat Jan 17 02:09:18 UTC 2026
✅ Commit 10 on Sat Jan 17 02:09:18 UTC 2026
✅ Commit 11 on Sat Jan 17 02:09:18 UTC 2026
✅ Commit 12 on Sat Jan 17 02:09:18 UTC 2026
✅ Commit 1 on Sat Jan 17 06:33:37 UTC 2026
✅ Commit 2 on Sat Jan 17 06:33:37 UTC 2026
✅ Commit 3 on Sat Jan 17 06:33:37 UTC 2026
✅ Commit 4 on Sat Jan 17 06:33:37 UTC 2026
✅ Commit 5 on Sat Jan 17 06:33:37 UTC 2026
✅ Commit 6 on Sat Jan 17 06:33:37 UTC 2026
✅ Commit 7 on Sat Jan 17 06:33:37 UTC 2026
✅ Commit 8 on Sat Jan 17 06:33:37 UTC 2026
✅ Commit 9 on Sat Jan 17 06:33:37 UTC 2026
✅ Commit 10 on Sat Jan 17 06:33:37 UTC 2026
✅ Commit 11 on Sat Jan 17 06:33:37 UTC 2026
✅ Commit 12 on Sat Jan 17 06:33:37 UTC 2026
✅ Commit 1 on Sat Jan 17 12:52:50 UTC 2026
✅ Commit 2 on Sat Jan 17 12:52:50 UTC 2026
✅ Commit 3 on Sat Jan 17 12:52:50 UTC 2026
✅ Commit 4 on Sat Jan 17 12:52:50 UTC 2026
✅ Commit 5 on Sat Jan 17 12:52:50 UTC 2026
✅ Commit 6 on Sat Jan 17 12:52:50 UTC 2026
✅ Commit 7 on Sat Jan 17 12:52:50 UTC 2026
✅ Commit 8 on Sat Jan 17 12:52:50 UTC 2026
✅ Commit 9 on Sat Jan 17 12:52:50 UTC 2026
✅ Commit 10 on Sat Jan 17 12:52:50 UTC 2026
✅ Commit 11 on Sat Jan 17 12:52:50 UTC 2026
✅ Commit 12 on Sat Jan 17 12:52:50 UTC 2026
✅ Commit 1 on Sat Jan 17 18:14:18 UTC 2026
✅ Commit 2 on Sat Jan 17 18:14:18 UTC 2026
✅ Commit 3 on Sat Jan 17 18:14:18 UTC 2026
✅ Commit 4 on Sat Jan 17 18:14:18 UTC 2026
✅ Commit 5 on Sat Jan 17 18:14:18 UTC 2026
✅ Commit 6 on Sat Jan 17 18:14:18 UTC 2026
✅ Commit 7 on Sat Jan 17 18:14:18 UTC 2026
✅ Commit 8 on Sat Jan 17 18:14:18 UTC 2026
✅ Commit 9 on Sat Jan 17 18:14:18 UTC 2026
✅ Commit 10 on Sat Jan 17 18:14:18 UTC 2026
✅ Commit 11 on Sat Jan 17 18:14:18 UTC 2026
✅ Commit 12 on Sat Jan 17 18:14:18 UTC 2026
✅ Commit 1 on Sun Jan 18 02:30:04 UTC 2026
✅ Commit 2 on Sun Jan 18 02:30:04 UTC 2026
✅ Commit 3 on Sun Jan 18 02:30:04 UTC 2026
✅ Commit 4 on Sun Jan 18 02:30:04 UTC 2026
✅ Commit 5 on Sun Jan 18 02:30:04 UTC 2026
✅ Commit 6 on Sun Jan 18 02:30:04 UTC 2026
✅ Commit 7 on Sun Jan 18 02:30:04 UTC 2026
✅ Commit 8 on Sun Jan 18 02:30:04 UTC 2026
✅ Commit 9 on Sun Jan 18 02:30:04 UTC 2026
✅ Commit 10 on Sun Jan 18 02:30:04 UTC 2026
✅ Commit 11 on Sun Jan 18 02:30:04 UTC 2026
✅ Commit 12 on Sun Jan 18 02:30:04 UTC 2026
✅ Commit 1 on Sun Jan 18 06:34:19 UTC 2026
✅ Commit 2 on Sun Jan 18 06:34:19 UTC 2026
✅ Commit 3 on Sun Jan 18 06:34:19 UTC 2026
✅ Commit 4 on Sun Jan 18 06:34:19 UTC 2026
✅ Commit 5 on Sun Jan 18 06:34:19 UTC 2026
✅ Commit 6 on Sun Jan 18 06:34:19 UTC 2026
✅ Commit 7 on Sun Jan 18 06:34:19 UTC 2026
✅ Commit 8 on Sun Jan 18 06:34:19 UTC 2026
✅ Commit 9 on Sun Jan 18 06:34:19 UTC 2026
✅ Commit 10 on Sun Jan 18 06:34:19 UTC 2026
✅ Commit 11 on Sun Jan 18 06:34:19 UTC 2026
✅ Commit 12 on Sun Jan 18 06:34:19 UTC 2026
✅ Commit 1 on Sun Jan 18 12:53:08 UTC 2026
✅ Commit 2 on Sun Jan 18 12:53:08 UTC 2026
✅ Commit 3 on Sun Jan 18 12:53:08 UTC 2026
✅ Commit 4 on Sun Jan 18 12:53:08 UTC 2026
✅ Commit 5 on Sun Jan 18 12:53:08 UTC 2026
✅ Commit 6 on Sun Jan 18 12:53:08 UTC 2026
✅ Commit 7 on Sun Jan 18 12:53:08 UTC 2026
✅ Commit 8 on Sun Jan 18 12:53:08 UTC 2026
✅ Commit 9 on Sun Jan 18 12:53:08 UTC 2026
✅ Commit 10 on Sun Jan 18 12:53:08 UTC 2026
✅ Commit 11 on Sun Jan 18 12:53:08 UTC 2026
✅ Commit 12 on Sun Jan 18 12:53:08 UTC 2026
✅ Commit 1 on Sun Jan 18 18:13:44 UTC 2026
✅ Commit 2 on Sun Jan 18 18:13:44 UTC 2026
✅ Commit 3 on Sun Jan 18 18:13:44 UTC 2026
✅ Commit 4 on Sun Jan 18 18:13:44 UTC 2026
✅ Commit 5 on Sun Jan 18 18:13:44 UTC 2026
✅ Commit 6 on Sun Jan 18 18:13:44 UTC 2026
✅ Commit 7 on Sun Jan 18 18:13:44 UTC 2026
✅ Commit 8 on Sun Jan 18 18:13:45 UTC 2026
✅ Commit 9 on Sun Jan 18 18:13:45 UTC 2026
✅ Commit 10 on Sun Jan 18 18:13:45 UTC 2026
✅ Commit 11 on Sun Jan 18 18:13:45 UTC 2026
✅ Commit 12 on Sun Jan 18 18:13:45 UTC 2026
✅ Commit 1 on Mon Jan 19 02:27:26 UTC 2026
✅ Commit 2 on Mon Jan 19 02:27:26 UTC 2026
✅ Commit 3 on Mon Jan 19 02:27:26 UTC 2026
✅ Commit 4 on Mon Jan 19 02:27:26 UTC 2026
✅ Commit 5 on Mon Jan 19 02:27:26 UTC 2026
✅ Commit 6 on Mon Jan 19 02:27:27 UTC 2026
✅ Commit 7 on Mon Jan 19 02:27:27 UTC 2026
✅ Commit 8 on Mon Jan 19 02:27:27 UTC 2026
✅ Commit 9 on Mon Jan 19 02:27:27 UTC 2026
✅ Commit 10 on Mon Jan 19 02:27:27 UTC 2026
✅ Commit 11 on Mon Jan 19 02:27:27 UTC 2026
✅ Commit 12 on Mon Jan 19 02:27:27 UTC 2026
✅ Commit 1 on Mon Jan 19 06:41:13 UTC 2026
✅ Commit 2 on Mon Jan 19 06:41:13 UTC 2026
✅ Commit 3 on Mon Jan 19 06:41:13 UTC 2026
✅ Commit 4 on Mon Jan 19 06:41:13 UTC 2026
✅ Commit 5 on Mon Jan 19 06:41:13 UTC 2026
✅ Commit 6 on Mon Jan 19 06:41:13 UTC 2026
✅ Commit 7 on Mon Jan 19 06:41:13 UTC 2026
✅ Commit 8 on Mon Jan 19 06:41:13 UTC 2026
✅ Commit 9 on Mon Jan 19 06:41:13 UTC 2026
✅ Commit 10 on Mon Jan 19 06:41:13 UTC 2026
✅ Commit 11 on Mon Jan 19 06:41:13 UTC 2026
✅ Commit 12 on Mon Jan 19 06:41:13 UTC 2026
✅ Commit 1 on Mon Jan 19 13:04:20 UTC 2026
✅ Commit 2 on Mon Jan 19 13:04:20 UTC 2026
✅ Commit 3 on Mon Jan 19 13:04:20 UTC 2026
✅ Commit 4 on Mon Jan 19 13:04:20 UTC 2026
✅ Commit 5 on Mon Jan 19 13:04:20 UTC 2026
✅ Commit 6 on Mon Jan 19 13:04:20 UTC 2026
✅ Commit 7 on Mon Jan 19 13:04:20 UTC 2026
✅ Commit 8 on Mon Jan 19 13:04:20 UTC 2026
✅ Commit 9 on Mon Jan 19 13:04:20 UTC 2026
✅ Commit 10 on Mon Jan 19 13:04:20 UTC 2026
✅ Commit 11 on Mon Jan 19 13:04:20 UTC 2026
✅ Commit 12 on Mon Jan 19 13:04:20 UTC 2026
✅ Commit 1 on Mon Jan 19 18:16:20 UTC 2026
✅ Commit 2 on Mon Jan 19 18:16:20 UTC 2026
✅ Commit 3 on Mon Jan 19 18:16:20 UTC 2026
✅ Commit 4 on Mon Jan 19 18:16:20 UTC 2026
✅ Commit 5 on Mon Jan 19 18:16:20 UTC 2026
✅ Commit 6 on Mon Jan 19 18:16:20 UTC 2026
✅ Commit 7 on Mon Jan 19 18:16:20 UTC 2026
✅ Commit 8 on Mon Jan 19 18:16:20 UTC 2026
✅ Commit 9 on Mon Jan 19 18:16:20 UTC 2026
✅ Commit 10 on Mon Jan 19 18:16:20 UTC 2026
✅ Commit 11 on Mon Jan 19 18:16:20 UTC 2026
✅ Commit 12 on Mon Jan 19 18:16:20 UTC 2026
✅ Commit 1 on Tue Jan 20 02:22:31 UTC 2026
✅ Commit 2 on Tue Jan 20 02:22:31 UTC 2026
✅ Commit 3 on Tue Jan 20 02:22:31 UTC 2026
✅ Commit 4 on Tue Jan 20 02:22:31 UTC 2026
✅ Commit 5 on Tue Jan 20 02:22:31 UTC 2026
✅ Commit 6 on Tue Jan 20 02:22:31 UTC 2026
✅ Commit 7 on Tue Jan 20 02:22:31 UTC 2026
✅ Commit 8 on Tue Jan 20 02:22:31 UTC 2026
✅ Commit 9 on Tue Jan 20 02:22:31 UTC 2026
✅ Commit 10 on Tue Jan 20 02:22:31 UTC 2026
✅ Commit 11 on Tue Jan 20 02:22:31 UTC 2026
✅ Commit 12 on Tue Jan 20 02:22:31 UTC 2026
✅ Commit 1 on Tue Jan 20 06:39:32 UTC 2026
✅ Commit 2 on Tue Jan 20 06:39:32 UTC 2026
✅ Commit 3 on Tue Jan 20 06:39:32 UTC 2026
✅ Commit 4 on Tue Jan 20 06:39:32 UTC 2026
✅ Commit 5 on Tue Jan 20 06:39:32 UTC 2026
✅ Commit 6 on Tue Jan 20 06:39:32 UTC 2026
✅ Commit 7 on Tue Jan 20 06:39:32 UTC 2026
✅ Commit 8 on Tue Jan 20 06:39:32 UTC 2026
✅ Commit 9 on Tue Jan 20 06:39:32 UTC 2026
✅ Commit 10 on Tue Jan 20 06:39:32 UTC 2026
✅ Commit 11 on Tue Jan 20 06:39:32 UTC 2026
✅ Commit 12 on Tue Jan 20 06:39:32 UTC 2026
✅ Commit 1 on Tue Jan 20 13:04:49 UTC 2026
✅ Commit 2 on Tue Jan 20 13:04:49 UTC 2026
✅ Commit 3 on Tue Jan 20 13:04:50 UTC 2026
✅ Commit 4 on Tue Jan 20 13:04:50 UTC 2026
✅ Commit 5 on Tue Jan 20 13:04:50 UTC 2026
✅ Commit 6 on Tue Jan 20 13:04:50 UTC 2026
✅ Commit 7 on Tue Jan 20 13:04:50 UTC 2026
✅ Commit 8 on Tue Jan 20 13:04:50 UTC 2026
✅ Commit 9 on Tue Jan 20 13:04:50 UTC 2026
✅ Commit 10 on Tue Jan 20 13:04:50 UTC 2026
✅ Commit 11 on Tue Jan 20 13:04:50 UTC 2026
✅ Commit 12 on Tue Jan 20 13:04:50 UTC 2026
✅ Commit 1 on Tue Jan 20 18:19:26 UTC 2026
✅ Commit 2 on Tue Jan 20 18:19:26 UTC 2026
✅ Commit 3 on Tue Jan 20 18:19:26 UTC 2026
✅ Commit 4 on Tue Jan 20 18:19:26 UTC 2026
✅ Commit 5 on Tue Jan 20 18:19:26 UTC 2026
✅ Commit 6 on Tue Jan 20 18:19:26 UTC 2026
✅ Commit 7 on Tue Jan 20 18:19:26 UTC 2026
✅ Commit 8 on Tue Jan 20 18:19:26 UTC 2026
✅ Commit 9 on Tue Jan 20 18:19:26 UTC 2026
✅ Commit 10 on Tue Jan 20 18:19:26 UTC 2026
✅ Commit 11 on Tue Jan 20 18:19:26 UTC 2026
✅ Commit 12 on Tue Jan 20 18:19:26 UTC 2026
✅ Commit 1 on Wed Jan 21 02:25:20 UTC 2026
✅ Commit 2 on Wed Jan 21 02:25:20 UTC 2026
✅ Commit 3 on Wed Jan 21 02:25:20 UTC 2026
✅ Commit 4 on Wed Jan 21 02:25:20 UTC 2026
✅ Commit 5 on Wed Jan 21 02:25:20 UTC 2026
✅ Commit 6 on Wed Jan 21 02:25:20 UTC 2026
✅ Commit 7 on Wed Jan 21 02:25:20 UTC 2026
✅ Commit 8 on Wed Jan 21 02:25:20 UTC 2026
✅ Commit 9 on Wed Jan 21 02:25:20 UTC 2026
✅ Commit 10 on Wed Jan 21 02:25:20 UTC 2026
✅ Commit 11 on Wed Jan 21 02:25:20 UTC 2026
✅ Commit 12 on Wed Jan 21 02:25:20 UTC 2026
✅ Commit 1 on Wed Jan 21 06:39:45 UTC 2026
✅ Commit 2 on Wed Jan 21 06:39:45 UTC 2026
✅ Commit 3 on Wed Jan 21 06:39:45 UTC 2026
✅ Commit 4 on Wed Jan 21 06:39:45 UTC 2026
✅ Commit 5 on Wed Jan 21 06:39:45 UTC 2026
✅ Commit 6 on Wed Jan 21 06:39:45 UTC 2026
✅ Commit 7 on Wed Jan 21 06:39:45 UTC 2026
✅ Commit 8 on Wed Jan 21 06:39:45 UTC 2026
✅ Commit 9 on Wed Jan 21 06:39:45 UTC 2026
✅ Commit 10 on Wed Jan 21 06:39:45 UTC 2026
✅ Commit 11 on Wed Jan 21 06:39:45 UTC 2026
✅ Commit 12 on Wed Jan 21 06:39:45 UTC 2026
✅ Commit 1 on Wed Jan 21 13:04:00 UTC 2026
✅ Commit 2 on Wed Jan 21 13:04:00 UTC 2026
✅ Commit 3 on Wed Jan 21 13:04:00 UTC 2026
✅ Commit 4 on Wed Jan 21 13:04:00 UTC 2026
✅ Commit 5 on Wed Jan 21 13:04:00 UTC 2026
✅ Commit 6 on Wed Jan 21 13:04:00 UTC 2026
✅ Commit 7 on Wed Jan 21 13:04:00 UTC 2026
✅ Commit 8 on Wed Jan 21 13:04:00 UTC 2026
✅ Commit 9 on Wed Jan 21 13:04:00 UTC 2026
✅ Commit 10 on Wed Jan 21 13:04:00 UTC 2026
✅ Commit 11 on Wed Jan 21 13:04:00 UTC 2026
✅ Commit 12 on Wed Jan 21 13:04:00 UTC 2026
✅ Commit 1 on Wed Jan 21 18:28:28 UTC 2026
✅ Commit 2 on Wed Jan 21 18:28:28 UTC 2026
✅ Commit 3 on Wed Jan 21 18:28:28 UTC 2026
✅ Commit 4 on Wed Jan 21 18:28:28 UTC 2026
✅ Commit 5 on Wed Jan 21 18:28:28 UTC 2026
✅ Commit 6 on Wed Jan 21 18:28:28 UTC 2026
✅ Commit 7 on Wed Jan 21 18:28:28 UTC 2026
✅ Commit 8 on Wed Jan 21 18:28:28 UTC 2026
✅ Commit 9 on Wed Jan 21 18:28:28 UTC 2026
✅ Commit 10 on Wed Jan 21 18:28:28 UTC 2026
✅ Commit 11 on Wed Jan 21 18:28:28 UTC 2026
✅ Commit 12 on Wed Jan 21 18:28:28 UTC 2026
✅ Commit 1 on Thu Jan 22 02:26:33 UTC 2026
✅ Commit 2 on Thu Jan 22 02:26:33 UTC 2026
✅ Commit 3 on Thu Jan 22 02:26:33 UTC 2026
✅ Commit 4 on Thu Jan 22 02:26:33 UTC 2026
✅ Commit 5 on Thu Jan 22 02:26:33 UTC 2026
✅ Commit 6 on Thu Jan 22 02:26:33 UTC 2026
✅ Commit 7 on Thu Jan 22 02:26:33 UTC 2026
✅ Commit 8 on Thu Jan 22 02:26:33 UTC 2026
✅ Commit 9 on Thu Jan 22 02:26:33 UTC 2026
✅ Commit 10 on Thu Jan 22 02:26:34 UTC 2026
✅ Commit 11 on Thu Jan 22 02:26:34 UTC 2026
✅ Commit 12 on Thu Jan 22 02:26:34 UTC 2026
✅ Commit 1 on Thu Jan 22 06:38:07 UTC 2026
✅ Commit 2 on Thu Jan 22 06:38:07 UTC 2026
✅ Commit 3 on Thu Jan 22 06:38:07 UTC 2026
✅ Commit 4 on Thu Jan 22 06:38:07 UTC 2026
✅ Commit 5 on Thu Jan 22 06:38:07 UTC 2026
✅ Commit 6 on Thu Jan 22 06:38:07 UTC 2026
✅ Commit 7 on Thu Jan 22 06:38:07 UTC 2026
✅ Commit 8 on Thu Jan 22 06:38:07 UTC 2026
✅ Commit 9 on Thu Jan 22 06:38:07 UTC 2026
✅ Commit 10 on Thu Jan 22 06:38:07 UTC 2026
✅ Commit 11 on Thu Jan 22 06:38:07 UTC 2026
✅ Commit 12 on Thu Jan 22 06:38:07 UTC 2026
✅ Commit 1 on Thu Jan 22 13:04:51 UTC 2026
✅ Commit 2 on Thu Jan 22 13:04:51 UTC 2026
✅ Commit 3 on Thu Jan 22 13:04:51 UTC 2026
✅ Commit 4 on Thu Jan 22 13:04:51 UTC 2026
✅ Commit 5 on Thu Jan 22 13:04:51 UTC 2026
✅ Commit 6 on Thu Jan 22 13:04:51 UTC 2026
✅ Commit 7 on Thu Jan 22 13:04:51 UTC 2026
✅ Commit 8 on Thu Jan 22 13:04:51 UTC 2026
✅ Commit 9 on Thu Jan 22 13:04:51 UTC 2026
✅ Commit 10 on Thu Jan 22 13:04:51 UTC 2026
✅ Commit 11 on Thu Jan 22 13:04:51 UTC 2026
✅ Commit 12 on Thu Jan 22 13:04:51 UTC 2026
✅ Commit 1 on Thu Jan 22 18:16:24 UTC 2026
✅ Commit 2 on Thu Jan 22 18:16:24 UTC 2026
✅ Commit 3 on Thu Jan 22 18:16:24 UTC 2026
✅ Commit 4 on Thu Jan 22 18:16:24 UTC 2026
✅ Commit 5 on Thu Jan 22 18:16:24 UTC 2026
✅ Commit 6 on Thu Jan 22 18:16:24 UTC 2026
✅ Commit 7 on Thu Jan 22 18:16:24 UTC 2026
✅ Commit 8 on Thu Jan 22 18:16:24 UTC 2026
✅ Commit 9 on Thu Jan 22 18:16:24 UTC 2026
✅ Commit 10 on Thu Jan 22 18:16:24 UTC 2026
✅ Commit 11 on Thu Jan 22 18:16:24 UTC 2026
✅ Commit 12 on Thu Jan 22 18:16:24 UTC 2026
✅ Commit 1 on Fri Jan 23 02:22:23 UTC 2026
✅ Commit 2 on Fri Jan 23 02:22:23 UTC 2026
✅ Commit 3 on Fri Jan 23 02:22:23 UTC 2026
✅ Commit 4 on Fri Jan 23 02:22:23 UTC 2026
✅ Commit 5 on Fri Jan 23 02:22:23 UTC 2026
✅ Commit 6 on Fri Jan 23 02:22:23 UTC 2026
✅ Commit 7 on Fri Jan 23 02:22:23 UTC 2026
✅ Commit 8 on Fri Jan 23 02:22:23 UTC 2026
✅ Commit 9 on Fri Jan 23 02:22:23 UTC 2026
✅ Commit 10 on Fri Jan 23 02:22:23 UTC 2026
✅ Commit 11 on Fri Jan 23 02:22:23 UTC 2026
✅ Commit 12 on Fri Jan 23 02:22:23 UTC 2026
✅ Commit 1 on Fri Jan 23 06:37:53 UTC 2026
✅ Commit 2 on Fri Jan 23 06:37:53 UTC 2026
✅ Commit 3 on Fri Jan 23 06:37:53 UTC 2026
✅ Commit 4 on Fri Jan 23 06:37:53 UTC 2026
✅ Commit 5 on Fri Jan 23 06:37:53 UTC 2026
✅ Commit 6 on Fri Jan 23 06:37:53 UTC 2026
✅ Commit 7 on Fri Jan 23 06:37:53 UTC 2026
✅ Commit 8 on Fri Jan 23 06:37:53 UTC 2026
✅ Commit 9 on Fri Jan 23 06:37:53 UTC 2026
✅ Commit 10 on Fri Jan 23 06:37:53 UTC 2026
✅ Commit 11 on Fri Jan 23 06:37:53 UTC 2026
✅ Commit 12 on Fri Jan 23 06:37:53 UTC 2026
✅ Commit 1 on Fri Jan 23 13:01:50 UTC 2026
✅ Commit 2 on Fri Jan 23 13:01:50 UTC 2026
✅ Commit 3 on Fri Jan 23 13:01:50 UTC 2026
✅ Commit 4 on Fri Jan 23 13:01:50 UTC 2026
✅ Commit 5 on Fri Jan 23 13:01:50 UTC 2026
✅ Commit 6 on Fri Jan 23 13:01:50 UTC 2026
✅ Commit 7 on Fri Jan 23 13:01:50 UTC 2026
✅ Commit 8 on Fri Jan 23 13:01:50 UTC 2026
✅ Commit 9 on Fri Jan 23 13:01:50 UTC 2026
✅ Commit 10 on Fri Jan 23 13:01:50 UTC 2026
✅ Commit 11 on Fri Jan 23 13:01:50 UTC 2026
✅ Commit 12 on Fri Jan 23 13:01:50 UTC 2026
✅ Commit 1 on Fri Jan 23 18:16:53 UTC 2026
✅ Commit 2 on Fri Jan 23 18:16:53 UTC 2026
✅ Commit 3 on Fri Jan 23 18:16:53 UTC 2026
✅ Commit 4 on Fri Jan 23 18:16:53 UTC 2026
✅ Commit 5 on Fri Jan 23 18:16:53 UTC 2026
✅ Commit 6 on Fri Jan 23 18:16:53 UTC 2026
✅ Commit 7 on Fri Jan 23 18:16:53 UTC 2026
✅ Commit 8 on Fri Jan 23 18:16:53 UTC 2026
✅ Commit 9 on Fri Jan 23 18:16:53 UTC 2026
✅ Commit 10 on Fri Jan 23 18:16:53 UTC 2026
✅ Commit 11 on Fri Jan 23 18:16:53 UTC 2026
✅ Commit 12 on Fri Jan 23 18:16:53 UTC 2026
✅ Commit 1 on Sat Jan 24 02:18:04 UTC 2026
✅ Commit 2 on Sat Jan 24 02:18:04 UTC 2026
✅ Commit 3 on Sat Jan 24 02:18:04 UTC 2026
✅ Commit 4 on Sat Jan 24 02:18:04 UTC 2026
✅ Commit 5 on Sat Jan 24 02:18:04 UTC 2026
✅ Commit 6 on Sat Jan 24 02:18:04 UTC 2026
✅ Commit 7 on Sat Jan 24 02:18:04 UTC 2026
✅ Commit 8 on Sat Jan 24 02:18:04 UTC 2026
✅ Commit 9 on Sat Jan 24 02:18:04 UTC 2026
✅ Commit 10 on Sat Jan 24 02:18:04 UTC 2026
✅ Commit 11 on Sat Jan 24 02:18:04 UTC 2026
✅ Commit 12 on Sat Jan 24 02:18:04 UTC 2026
✅ Commit 1 on Sat Jan 24 06:34:26 UTC 2026
✅ Commit 2 on Sat Jan 24 06:34:26 UTC 2026
✅ Commit 3 on Sat Jan 24 06:34:26 UTC 2026
✅ Commit 4 on Sat Jan 24 06:34:26 UTC 2026
✅ Commit 5 on Sat Jan 24 06:34:26 UTC 2026
✅ Commit 6 on Sat Jan 24 06:34:26 UTC 2026
✅ Commit 7 on Sat Jan 24 06:34:26 UTC 2026
✅ Commit 8 on Sat Jan 24 06:34:26 UTC 2026
✅ Commit 9 on Sat Jan 24 06:34:26 UTC 2026
✅ Commit 10 on Sat Jan 24 06:34:26 UTC 2026
✅ Commit 11 on Sat Jan 24 06:34:26 UTC 2026
✅ Commit 12 on Sat Jan 24 06:34:26 UTC 2026
✅ Commit 1 on Sat Jan 24 12:54:05 UTC 2026
✅ Commit 2 on Sat Jan 24 12:54:05 UTC 2026
✅ Commit 3 on Sat Jan 24 12:54:05 UTC 2026
✅ Commit 4 on Sat Jan 24 12:54:06 UTC 2026
✅ Commit 5 on Sat Jan 24 12:54:06 UTC 2026
✅ Commit 6 on Sat Jan 24 12:54:06 UTC 2026
✅ Commit 7 on Sat Jan 24 12:54:06 UTC 2026
✅ Commit 8 on Sat Jan 24 12:54:06 UTC 2026
✅ Commit 9 on Sat Jan 24 12:54:06 UTC 2026
✅ Commit 10 on Sat Jan 24 12:54:06 UTC 2026
✅ Commit 11 on Sat Jan 24 12:54:06 UTC 2026
✅ Commit 12 on Sat Jan 24 12:54:06 UTC 2026
✅ Commit 1 on Sat Jan 24 18:14:50 UTC 2026
✅ Commit 2 on Sat Jan 24 18:14:50 UTC 2026
✅ Commit 3 on Sat Jan 24 18:14:50 UTC 2026
✅ Commit 4 on Sat Jan 24 18:14:50 UTC 2026
✅ Commit 5 on Sat Jan 24 18:14:50 UTC 2026
✅ Commit 6 on Sat Jan 24 18:14:50 UTC 2026
✅ Commit 7 on Sat Jan 24 18:14:50 UTC 2026
✅ Commit 8 on Sat Jan 24 18:14:50 UTC 2026
✅ Commit 9 on Sat Jan 24 18:14:50 UTC 2026
✅ Commit 10 on Sat Jan 24 18:14:50 UTC 2026
✅ Commit 11 on Sat Jan 24 18:14:50 UTC 2026
✅ Commit 12 on Sat Jan 24 18:14:50 UTC 2026
✅ Commit 1 on Sun Jan 25 02:33:58 UTC 2026
✅ Commit 2 on Sun Jan 25 02:33:58 UTC 2026
✅ Commit 3 on Sun Jan 25 02:33:58 UTC 2026
✅ Commit 4 on Sun Jan 25 02:33:58 UTC 2026
✅ Commit 5 on Sun Jan 25 02:33:58 UTC 2026
✅ Commit 6 on Sun Jan 25 02:33:58 UTC 2026
✅ Commit 7 on Sun Jan 25 02:33:58 UTC 2026
✅ Commit 8 on Sun Jan 25 02:33:58 UTC 2026
✅ Commit 9 on Sun Jan 25 02:33:58 UTC 2026
✅ Commit 10 on Sun Jan 25 02:33:58 UTC 2026
✅ Commit 11 on Sun Jan 25 02:33:58 UTC 2026
✅ Commit 12 on Sun Jan 25 02:33:58 UTC 2026
✅ Commit 1 on Sun Jan 25 06:35:04 UTC 2026
✅ Commit 2 on Sun Jan 25 06:35:04 UTC 2026
✅ Commit 3 on Sun Jan 25 06:35:04 UTC 2026
✅ Commit 4 on Sun Jan 25 06:35:04 UTC 2026
✅ Commit 5 on Sun Jan 25 06:35:04 UTC 2026
✅ Commit 6 on Sun Jan 25 06:35:04 UTC 2026
✅ Commit 7 on Sun Jan 25 06:35:04 UTC 2026
✅ Commit 8 on Sun Jan 25 06:35:04 UTC 2026
✅ Commit 9 on Sun Jan 25 06:35:04 UTC 2026
✅ Commit 10 on Sun Jan 25 06:35:04 UTC 2026
✅ Commit 11 on Sun Jan 25 06:35:04 UTC 2026
✅ Commit 12 on Sun Jan 25 06:35:04 UTC 2026
✅ Commit 1 on Sun Jan 25 12:56:03 UTC 2026
✅ Commit 2 on Sun Jan 25 12:56:03 UTC 2026
✅ Commit 3 on Sun Jan 25 12:56:03 UTC 2026
✅ Commit 4 on Sun Jan 25 12:56:03 UTC 2026
✅ Commit 5 on Sun Jan 25 12:56:03 UTC 2026
✅ Commit 6 on Sun Jan 25 12:56:03 UTC 2026
✅ Commit 7 on Sun Jan 25 12:56:03 UTC 2026
✅ Commit 8 on Sun Jan 25 12:56:03 UTC 2026
✅ Commit 9 on Sun Jan 25 12:56:03 UTC 2026
✅ Commit 10 on Sun Jan 25 12:56:03 UTC 2026
✅ Commit 11 on Sun Jan 25 12:56:03 UTC 2026
✅ Commit 12 on Sun Jan 25 12:56:03 UTC 2026
✅ Commit 1 on Sun Jan 25 18:14:43 UTC 2026
✅ Commit 2 on Sun Jan 25 18:14:43 UTC 2026
✅ Commit 3 on Sun Jan 25 18:14:43 UTC 2026
✅ Commit 4 on Sun Jan 25 18:14:43 UTC 2026
✅ Commit 5 on Sun Jan 25 18:14:43 UTC 2026
✅ Commit 6 on Sun Jan 25 18:14:43 UTC 2026
✅ Commit 7 on Sun Jan 25 18:14:43 UTC 2026
✅ Commit 8 on Sun Jan 25 18:14:43 UTC 2026
✅ Commit 9 on Sun Jan 25 18:14:43 UTC 2026
✅ Commit 10 on Sun Jan 25 18:14:43 UTC 2026
✅ Commit 11 on Sun Jan 25 18:14:43 UTC 2026
✅ Commit 12 on Sun Jan 25 18:14:43 UTC 2026
✅ Commit 1 on Mon Jan 26 02:33:00 UTC 2026
✅ Commit 2 on Mon Jan 26 02:33:00 UTC 2026
✅ Commit 3 on Mon Jan 26 02:33:00 UTC 2026
✅ Commit 4 on Mon Jan 26 02:33:00 UTC 2026
✅ Commit 5 on Mon Jan 26 02:33:00 UTC 2026
✅ Commit 6 on Mon Jan 26 02:33:00 UTC 2026
✅ Commit 7 on Mon Jan 26 02:33:00 UTC 2026
✅ Commit 8 on Mon Jan 26 02:33:00 UTC 2026
✅ Commit 9 on Mon Jan 26 02:33:00 UTC 2026
✅ Commit 10 on Mon Jan 26 02:33:00 UTC 2026
✅ Commit 11 on Mon Jan 26 02:33:00 UTC 2026
✅ Commit 12 on Mon Jan 26 02:33:00 UTC 2026
✅ Commit 1 on Mon Jan 26 06:40:04 UTC 2026
✅ Commit 2 on Mon Jan 26 06:40:04 UTC 2026
✅ Commit 3 on Mon Jan 26 06:40:04 UTC 2026
✅ Commit 4 on Mon Jan 26 06:40:04 UTC 2026
✅ Commit 5 on Mon Jan 26 06:40:04 UTC 2026
✅ Commit 6 on Mon Jan 26 06:40:04 UTC 2026
✅ Commit 7 on Mon Jan 26 06:40:04 UTC 2026
✅ Commit 8 on Mon Jan 26 06:40:04 UTC 2026
✅ Commit 9 on Mon Jan 26 06:40:04 UTC 2026
✅ Commit 10 on Mon Jan 26 06:40:04 UTC 2026
✅ Commit 11 on Mon Jan 26 06:40:04 UTC 2026
✅ Commit 12 on Mon Jan 26 06:40:04 UTC 2026
✅ Commit 1 on Mon Jan 26 13:02:53 UTC 2026
✅ Commit 2 on Mon Jan 26 13:02:53 UTC 2026
✅ Commit 3 on Mon Jan 26 13:02:53 UTC 2026
✅ Commit 4 on Mon Jan 26 13:02:53 UTC 2026
✅ Commit 5 on Mon Jan 26 13:02:53 UTC 2026
✅ Commit 6 on Mon Jan 26 13:02:53 UTC 2026
✅ Commit 7 on Mon Jan 26 13:02:53 UTC 2026
✅ Commit 8 on Mon Jan 26 13:02:53 UTC 2026
✅ Commit 9 on Mon Jan 26 13:02:53 UTC 2026
✅ Commit 10 on Mon Jan 26 13:02:53 UTC 2026
✅ Commit 11 on Mon Jan 26 13:02:53 UTC 2026
✅ Commit 12 on Mon Jan 26 13:02:53 UTC 2026
✅ Commit 1 on Mon Jan 26 18:18:45 UTC 2026
✅ Commit 2 on Mon Jan 26 18:18:45 UTC 2026
✅ Commit 3 on Mon Jan 26 18:18:45 UTC 2026
✅ Commit 4 on Mon Jan 26 18:18:45 UTC 2026
✅ Commit 5 on Mon Jan 26 18:18:45 UTC 2026
✅ Commit 6 on Mon Jan 26 18:18:45 UTC 2026
✅ Commit 7 on Mon Jan 26 18:18:45 UTC 2026
✅ Commit 8 on Mon Jan 26 18:18:45 UTC 2026
✅ Commit 9 on Mon Jan 26 18:18:45 UTC 2026
✅ Commit 10 on Mon Jan 26 18:18:45 UTC 2026
✅ Commit 11 on Mon Jan 26 18:18:45 UTC 2026
✅ Commit 12 on Mon Jan 26 18:18:45 UTC 2026
✅ Commit 1 on Tue Jan 27 02:28:30 UTC 2026
✅ Commit 2 on Tue Jan 27 02:28:30 UTC 2026
✅ Commit 3 on Tue Jan 27 02:28:31 UTC 2026
✅ Commit 4 on Tue Jan 27 02:28:31 UTC 2026
✅ Commit 5 on Tue Jan 27 02:28:31 UTC 2026
✅ Commit 6 on Tue Jan 27 02:28:31 UTC 2026
✅ Commit 7 on Tue Jan 27 02:28:31 UTC 2026
✅ Commit 8 on Tue Jan 27 02:28:31 UTC 2026
✅ Commit 9 on Tue Jan 27 02:28:31 UTC 2026
✅ Commit 10 on Tue Jan 27 02:28:31 UTC 2026
✅ Commit 11 on Tue Jan 27 02:28:31 UTC 2026
✅ Commit 12 on Tue Jan 27 02:28:31 UTC 2026
✅ Commit 1 on Tue Jan 27 06:38:41 UTC 2026
✅ Commit 2 on Tue Jan 27 06:38:41 UTC 2026
✅ Commit 3 on Tue Jan 27 06:38:41 UTC 2026
✅ Commit 4 on Tue Jan 27 06:38:41 UTC 2026
✅ Commit 5 on Tue Jan 27 06:38:41 UTC 2026
✅ Commit 6 on Tue Jan 27 06:38:41 UTC 2026
✅ Commit 7 on Tue Jan 27 06:38:41 UTC 2026
✅ Commit 8 on Tue Jan 27 06:38:41 UTC 2026
✅ Commit 9 on Tue Jan 27 06:38:41 UTC 2026
✅ Commit 10 on Tue Jan 27 06:38:41 UTC 2026
✅ Commit 11 on Tue Jan 27 06:38:41 UTC 2026
✅ Commit 12 on Tue Jan 27 06:38:41 UTC 2026
✅ Commit 1 on Tue Jan 27 13:05:09 UTC 2026
✅ Commit 2 on Tue Jan 27 13:05:09 UTC 2026
✅ Commit 3 on Tue Jan 27 13:05:09 UTC 2026
✅ Commit 4 on Tue Jan 27 13:05:09 UTC 2026
✅ Commit 5 on Tue Jan 27 13:05:09 UTC 2026
✅ Commit 6 on Tue Jan 27 13:05:09 UTC 2026
✅ Commit 7 on Tue Jan 27 13:05:09 UTC 2026
✅ Commit 8 on Tue Jan 27 13:05:09 UTC 2026
✅ Commit 9 on Tue Jan 27 13:05:09 UTC 2026
✅ Commit 10 on Tue Jan 27 13:05:09 UTC 2026
✅ Commit 11 on Tue Jan 27 13:05:09 UTC 2026
✅ Commit 12 on Tue Jan 27 13:05:09 UTC 2026
✅ Commit 1 on Tue Jan 27 18:21:31 UTC 2026
✅ Commit 2 on Tue Jan 27 18:21:31 UTC 2026
✅ Commit 3 on Tue Jan 27 18:21:31 UTC 2026
✅ Commit 4 on Tue Jan 27 18:21:31 UTC 2026
✅ Commit 5 on Tue Jan 27 18:21:31 UTC 2026
✅ Commit 6 on Tue Jan 27 18:21:31 UTC 2026
✅ Commit 7 on Tue Jan 27 18:21:31 UTC 2026
✅ Commit 8 on Tue Jan 27 18:21:31 UTC 2026
✅ Commit 9 on Tue Jan 27 18:21:31 UTC 2026
✅ Commit 10 on Tue Jan 27 18:21:31 UTC 2026
✅ Commit 11 on Tue Jan 27 18:21:31 UTC 2026
✅ Commit 12 on Tue Jan 27 18:21:31 UTC 2026
✅ Commit 1 on Wed Jan 28 02:24:47 UTC 2026
✅ Commit 2 on Wed Jan 28 02:24:47 UTC 2026
✅ Commit 3 on Wed Jan 28 02:24:47 UTC 2026
✅ Commit 4 on Wed Jan 28 02:24:47 UTC 2026
✅ Commit 5 on Wed Jan 28 02:24:47 UTC 2026
✅ Commit 6 on Wed Jan 28 02:24:47 UTC 2026
✅ Commit 7 on Wed Jan 28 02:24:47 UTC 2026
✅ Commit 8 on Wed Jan 28 02:24:47 UTC 2026
✅ Commit 9 on Wed Jan 28 02:24:47 UTC 2026
✅ Commit 10 on Wed Jan 28 02:24:47 UTC 2026
✅ Commit 11 on Wed Jan 28 02:24:47 UTC 2026
✅ Commit 12 on Wed Jan 28 02:24:47 UTC 2026
✅ Commit 1 on Wed Jan 28 06:39:13 UTC 2026
✅ Commit 2 on Wed Jan 28 06:39:13 UTC 2026
✅ Commit 3 on Wed Jan 28 06:39:13 UTC 2026
✅ Commit 4 on Wed Jan 28 06:39:13 UTC 2026
✅ Commit 5 on Wed Jan 28 06:39:13 UTC 2026
✅ Commit 6 on Wed Jan 28 06:39:13 UTC 2026
✅ Commit 7 on Wed Jan 28 06:39:13 UTC 2026
✅ Commit 8 on Wed Jan 28 06:39:13 UTC 2026
✅ Commit 9 on Wed Jan 28 06:39:13 UTC 2026
✅ Commit 10 on Wed Jan 28 06:39:13 UTC 2026
✅ Commit 11 on Wed Jan 28 06:39:13 UTC 2026
✅ Commit 12 on Wed Jan 28 06:39:13 UTC 2026
✅ Commit 1 on Wed Jan 28 13:05:08 UTC 2026
✅ Commit 2 on Wed Jan 28 13:05:08 UTC 2026
✅ Commit 3 on Wed Jan 28 13:05:08 UTC 2026
✅ Commit 4 on Wed Jan 28 13:05:08 UTC 2026
✅ Commit 5 on Wed Jan 28 13:05:08 UTC 2026
✅ Commit 6 on Wed Jan 28 13:05:08 UTC 2026
✅ Commit 7 on Wed Jan 28 13:05:08 UTC 2026
✅ Commit 8 on Wed Jan 28 13:05:08 UTC 2026
✅ Commit 9 on Wed Jan 28 13:05:08 UTC 2026
✅ Commit 10 on Wed Jan 28 13:05:08 UTC 2026
✅ Commit 11 on Wed Jan 28 13:05:08 UTC 2026
✅ Commit 12 on Wed Jan 28 13:05:08 UTC 2026
✅ Commit 1 on Wed Jan 28 18:22:05 UTC 2026
✅ Commit 2 on Wed Jan 28 18:22:05 UTC 2026
✅ Commit 3 on Wed Jan 28 18:22:05 UTC 2026
✅ Commit 4 on Wed Jan 28 18:22:05 UTC 2026
✅ Commit 5 on Wed Jan 28 18:22:05 UTC 2026
✅ Commit 6 on Wed Jan 28 18:22:05 UTC 2026
✅ Commit 7 on Wed Jan 28 18:22:05 UTC 2026
✅ Commit 8 on Wed Jan 28 18:22:05 UTC 2026
✅ Commit 9 on Wed Jan 28 18:22:05 UTC 2026
✅ Commit 10 on Wed Jan 28 18:22:05 UTC 2026
✅ Commit 11 on Wed Jan 28 18:22:05 UTC 2026
✅ Commit 12 on Wed Jan 28 18:22:05 UTC 2026
✅ Commit 1 on Thu Jan 29 02:41:59 UTC 2026
✅ Commit 2 on Thu Jan 29 02:41:59 UTC 2026
✅ Commit 3 on Thu Jan 29 02:41:59 UTC 2026
✅ Commit 4 on Thu Jan 29 02:41:59 UTC 2026
✅ Commit 5 on Thu Jan 29 02:41:59 UTC 2026
✅ Commit 6 on Thu Jan 29 02:41:59 UTC 2026
✅ Commit 7 on Thu Jan 29 02:41:59 UTC 2026
✅ Commit 8 on Thu Jan 29 02:41:59 UTC 2026
✅ Commit 9 on Thu Jan 29 02:41:59 UTC 2026
✅ Commit 10 on Thu Jan 29 02:41:59 UTC 2026
✅ Commit 11 on Thu Jan 29 02:41:59 UTC 2026
✅ Commit 12 on Thu Jan 29 02:41:59 UTC 2026
✅ Commit 1 on Thu Jan 29 06:51:58 UTC 2026
✅ Commit 2 on Thu Jan 29 06:51:58 UTC 2026
✅ Commit 3 on Thu Jan 29 06:51:58 UTC 2026
✅ Commit 4 on Thu Jan 29 06:51:58 UTC 2026
✅ Commit 5 on Thu Jan 29 06:51:58 UTC 2026
✅ Commit 6 on Thu Jan 29 06:51:58 UTC 2026
✅ Commit 7 on Thu Jan 29 06:51:58 UTC 2026
✅ Commit 8 on Thu Jan 29 06:51:58 UTC 2026
✅ Commit 9 on Thu Jan 29 06:51:58 UTC 2026
✅ Commit 10 on Thu Jan 29 06:51:58 UTC 2026
✅ Commit 11 on Thu Jan 29 06:51:58 UTC 2026
✅ Commit 12 on Thu Jan 29 06:51:58 UTC 2026
✅ Commit 1 on Thu Jan 29 13:12:48 UTC 2026
✅ Commit 2 on Thu Jan 29 13:12:48 UTC 2026
✅ Commit 3 on Thu Jan 29 13:12:48 UTC 2026
✅ Commit 4 on Thu Jan 29 13:12:48 UTC 2026
✅ Commit 5 on Thu Jan 29 13:12:48 UTC 2026
✅ Commit 6 on Thu Jan 29 13:12:48 UTC 2026
✅ Commit 7 on Thu Jan 29 13:12:48 UTC 2026
✅ Commit 8 on Thu Jan 29 13:12:48 UTC 2026
✅ Commit 9 on Thu Jan 29 13:12:48 UTC 2026
✅ Commit 10 on Thu Jan 29 13:12:48 UTC 2026
✅ Commit 11 on Thu Jan 29 13:12:48 UTC 2026
✅ Commit 12 on Thu Jan 29 13:12:48 UTC 2026
✅ Commit 1 on Thu Jan 29 18:28:25 UTC 2026
✅ Commit 2 on Thu Jan 29 18:28:25 UTC 2026
✅ Commit 3 on Thu Jan 29 18:28:25 UTC 2026
✅ Commit 4 on Thu Jan 29 18:28:25 UTC 2026
✅ Commit 5 on Thu Jan 29 18:28:25 UTC 2026
✅ Commit 6 on Thu Jan 29 18:28:25 UTC 2026
✅ Commit 7 on Thu Jan 29 18:28:25 UTC 2026
✅ Commit 8 on Thu Jan 29 18:28:25 UTC 2026
✅ Commit 9 on Thu Jan 29 18:28:25 UTC 2026
✅ Commit 10 on Thu Jan 29 18:28:25 UTC 2026
✅ Commit 11 on Thu Jan 29 18:28:25 UTC 2026
✅ Commit 12 on Thu Jan 29 18:28:25 UTC 2026
✅ Commit 1 on Fri Jan 30 02:42:24 UTC 2026
✅ Commit 2 on Fri Jan 30 02:42:24 UTC 2026
✅ Commit 3 on Fri Jan 30 02:42:24 UTC 2026
✅ Commit 4 on Fri Jan 30 02:42:24 UTC 2026
✅ Commit 5 on Fri Jan 30 02:42:24 UTC 2026
✅ Commit 6 on Fri Jan 30 02:42:24 UTC 2026
✅ Commit 7 on Fri Jan 30 02:42:24 UTC 2026
✅ Commit 8 on Fri Jan 30 02:42:24 UTC 2026
✅ Commit 9 on Fri Jan 30 02:42:24 UTC 2026
✅ Commit 10 on Fri Jan 30 02:42:24 UTC 2026
✅ Commit 11 on Fri Jan 30 02:42:24 UTC 2026
✅ Commit 12 on Fri Jan 30 02:42:24 UTC 2026
✅ Commit 1 on Fri Jan 30 06:52:46 UTC 2026
✅ Commit 2 on Fri Jan 30 06:52:46 UTC 2026
✅ Commit 3 on Fri Jan 30 06:52:46 UTC 2026
✅ Commit 4 on Fri Jan 30 06:52:46 UTC 2026
✅ Commit 5 on Fri Jan 30 06:52:46 UTC 2026
✅ Commit 6 on Fri Jan 30 06:52:46 UTC 2026
✅ Commit 7 on Fri Jan 30 06:52:46 UTC 2026
✅ Commit 8 on Fri Jan 30 06:52:46 UTC 2026
✅ Commit 9 on Fri Jan 30 06:52:46 UTC 2026
✅ Commit 10 on Fri Jan 30 06:52:46 UTC 2026
✅ Commit 11 on Fri Jan 30 06:52:46 UTC 2026
✅ Commit 12 on Fri Jan 30 06:52:46 UTC 2026
✅ Commit 1 on Fri Jan 30 13:10:33 UTC 2026
✅ Commit 2 on Fri Jan 30 13:10:33 UTC 2026
✅ Commit 3 on Fri Jan 30 13:10:33 UTC 2026
✅ Commit 4 on Fri Jan 30 13:10:33 UTC 2026
✅ Commit 5 on Fri Jan 30 13:10:33 UTC 2026
✅ Commit 6 on Fri Jan 30 13:10:33 UTC 2026
✅ Commit 7 on Fri Jan 30 13:10:33 UTC 2026
✅ Commit 8 on Fri Jan 30 13:10:33 UTC 2026
✅ Commit 9 on Fri Jan 30 13:10:33 UTC 2026
✅ Commit 10 on Fri Jan 30 13:10:33 UTC 2026
✅ Commit 11 on Fri Jan 30 13:10:33 UTC 2026
✅ Commit 12 on Fri Jan 30 13:10:33 UTC 2026
✅ Commit 1 on Fri Jan 30 18:25:44 UTC 2026
✅ Commit 2 on Fri Jan 30 18:25:44 UTC 2026
✅ Commit 3 on Fri Jan 30 18:25:44 UTC 2026
✅ Commit 4 on Fri Jan 30 18:25:44 UTC 2026
✅ Commit 5 on Fri Jan 30 18:25:44 UTC 2026
✅ Commit 6 on Fri Jan 30 18:25:44 UTC 2026
✅ Commit 7 on Fri Jan 30 18:25:44 UTC 2026
✅ Commit 8 on Fri Jan 30 18:25:44 UTC 2026
✅ Commit 9 on Fri Jan 30 18:25:44 UTC 2026
✅ Commit 10 on Fri Jan 30 18:25:44 UTC 2026
✅ Commit 11 on Fri Jan 30 18:25:44 UTC 2026
✅ Commit 12 on Fri Jan 30 18:25:44 UTC 2026
✅ Commit 1 on Sat Jan 31 02:37:46 UTC 2026
✅ Commit 2 on Sat Jan 31 02:37:46 UTC 2026
✅ Commit 3 on Sat Jan 31 02:37:46 UTC 2026
✅ Commit 4 on Sat Jan 31 02:37:46 UTC 2026
✅ Commit 5 on Sat Jan 31 02:37:46 UTC 2026
✅ Commit 6 on Sat Jan 31 02:37:46 UTC 2026
✅ Commit 7 on Sat Jan 31 02:37:46 UTC 2026
✅ Commit 8 on Sat Jan 31 02:37:46 UTC 2026
✅ Commit 9 on Sat Jan 31 02:37:46 UTC 2026
✅ Commit 10 on Sat Jan 31 02:37:46 UTC 2026
✅ Commit 11 on Sat Jan 31 02:37:46 UTC 2026
✅ Commit 12 on Sat Jan 31 02:37:46 UTC 2026
✅ Commit 1 on Sat Jan 31 06:42:11 UTC 2026
✅ Commit 2 on Sat Jan 31 06:42:11 UTC 2026
✅ Commit 3 on Sat Jan 31 06:42:11 UTC 2026
✅ Commit 4 on Sat Jan 31 06:42:11 UTC 2026
✅ Commit 5 on Sat Jan 31 06:42:11 UTC 2026
✅ Commit 6 on Sat Jan 31 06:42:11 UTC 2026
✅ Commit 7 on Sat Jan 31 06:42:11 UTC 2026
✅ Commit 8 on Sat Jan 31 06:42:11 UTC 2026
✅ Commit 9 on Sat Jan 31 06:42:11 UTC 2026
✅ Commit 10 on Sat Jan 31 06:42:11 UTC 2026
✅ Commit 11 on Sat Jan 31 06:42:11 UTC 2026
✅ Commit 12 on Sat Jan 31 06:42:11 UTC 2026
✅ Commit 1 on Sat Jan 31 13:02:10 UTC 2026
✅ Commit 2 on Sat Jan 31 13:02:10 UTC 2026
✅ Commit 3 on Sat Jan 31 13:02:10 UTC 2026
✅ Commit 4 on Sat Jan 31 13:02:10 UTC 2026
✅ Commit 5 on Sat Jan 31 13:02:10 UTC 2026
✅ Commit 6 on Sat Jan 31 13:02:10 UTC 2026
✅ Commit 7 on Sat Jan 31 13:02:10 UTC 2026
✅ Commit 8 on Sat Jan 31 13:02:10 UTC 2026
✅ Commit 9 on Sat Jan 31 13:02:10 UTC 2026
✅ Commit 10 on Sat Jan 31 13:02:10 UTC 2026
✅ Commit 11 on Sat Jan 31 13:02:10 UTC 2026
✅ Commit 12 on Sat Jan 31 13:02:10 UTC 2026
✅ Commit 1 on Sat Jan 31 18:16:09 UTC 2026
✅ Commit 2 on Sat Jan 31 18:16:09 UTC 2026
✅ Commit 3 on Sat Jan 31 18:16:09 UTC 2026
✅ Commit 4 on Sat Jan 31 18:16:09 UTC 2026
✅ Commit 5 on Sat Jan 31 18:16:09 UTC 2026
✅ Commit 6 on Sat Jan 31 18:16:09 UTC 2026
✅ Commit 7 on Sat Jan 31 18:16:09 UTC 2026
✅ Commit 8 on Sat Jan 31 18:16:09 UTC 2026
✅ Commit 9 on Sat Jan 31 18:16:09 UTC 2026
✅ Commit 10 on Sat Jan 31 18:16:09 UTC 2026
✅ Commit 11 on Sat Jan 31 18:16:09 UTC 2026
✅ Commit 12 on Sat Jan 31 18:16:09 UTC 2026
✅ Commit 1 on Sun Feb  1 03:19:55 UTC 2026
✅ Commit 2 on Sun Feb  1 03:19:55 UTC 2026
✅ Commit 3 on Sun Feb  1 03:19:55 UTC 2026
✅ Commit 4 on Sun Feb  1 03:19:55 UTC 2026
✅ Commit 5 on Sun Feb  1 03:19:55 UTC 2026
✅ Commit 6 on Sun Feb  1 03:19:55 UTC 2026
✅ Commit 7 on Sun Feb  1 03:19:55 UTC 2026
✅ Commit 8 on Sun Feb  1 03:19:55 UTC 2026
✅ Commit 9 on Sun Feb  1 03:19:55 UTC 2026
✅ Commit 10 on Sun Feb  1 03:19:55 UTC 2026
✅ Commit 11 on Sun Feb  1 03:19:55 UTC 2026
✅ Commit 12 on Sun Feb  1 03:19:55 UTC 2026
✅ Commit 1 on Sun Feb  1 06:52:32 UTC 2026
✅ Commit 2 on Sun Feb  1 06:52:32 UTC 2026
✅ Commit 3 on Sun Feb  1 06:52:32 UTC 2026
✅ Commit 4 on Sun Feb  1 06:52:32 UTC 2026
✅ Commit 5 on Sun Feb  1 06:52:32 UTC 2026
✅ Commit 6 on Sun Feb  1 06:52:32 UTC 2026
✅ Commit 7 on Sun Feb  1 06:52:32 UTC 2026
✅ Commit 8 on Sun Feb  1 06:52:32 UTC 2026
✅ Commit 9 on Sun Feb  1 06:52:32 UTC 2026
✅ Commit 10 on Sun Feb  1 06:52:32 UTC 2026
✅ Commit 11 on Sun Feb  1 06:52:32 UTC 2026
✅ Commit 12 on Sun Feb  1 06:52:32 UTC 2026
✅ Commit 1 on Sun Feb  1 13:04:23 UTC 2026
✅ Commit 2 on Sun Feb  1 13:04:23 UTC 2026
✅ Commit 3 on Sun Feb  1 13:04:23 UTC 2026
✅ Commit 4 on Sun Feb  1 13:04:23 UTC 2026
✅ Commit 5 on Sun Feb  1 13:04:23 UTC 2026
✅ Commit 6 on Sun Feb  1 13:04:23 UTC 2026
✅ Commit 7 on Sun Feb  1 13:04:23 UTC 2026
✅ Commit 8 on Sun Feb  1 13:04:23 UTC 2026
✅ Commit 9 on Sun Feb  1 13:04:23 UTC 2026
✅ Commit 10 on Sun Feb  1 13:04:23 UTC 2026
✅ Commit 11 on Sun Feb  1 13:04:23 UTC 2026
✅ Commit 12 on Sun Feb  1 13:04:23 UTC 2026
✅ Commit 1 on Sun Feb  1 18:17:32 UTC 2026
✅ Commit 2 on Sun Feb  1 18:17:32 UTC 2026
✅ Commit 3 on Sun Feb  1 18:17:32 UTC 2026
✅ Commit 4 on Sun Feb  1 18:17:32 UTC 2026
✅ Commit 5 on Sun Feb  1 18:17:32 UTC 2026
✅ Commit 6 on Sun Feb  1 18:17:32 UTC 2026
✅ Commit 7 on Sun Feb  1 18:17:32 UTC 2026
✅ Commit 8 on Sun Feb  1 18:17:32 UTC 2026
✅ Commit 9 on Sun Feb  1 18:17:32 UTC 2026
✅ Commit 10 on Sun Feb  1 18:17:32 UTC 2026
✅ Commit 11 on Sun Feb  1 18:17:32 UTC 2026
✅ Commit 12 on Sun Feb  1 18:17:32 UTC 2026
✅ Commit 1 on Mon Feb  2 02:52:29 UTC 2026
✅ Commit 2 on Mon Feb  2 02:52:29 UTC 2026
✅ Commit 3 on Mon Feb  2 02:52:29 UTC 2026
✅ Commit 4 on Mon Feb  2 02:52:29 UTC 2026
✅ Commit 5 on Mon Feb  2 02:52:29 UTC 2026
✅ Commit 6 on Mon Feb  2 02:52:29 UTC 2026
✅ Commit 7 on Mon Feb  2 02:52:29 UTC 2026
✅ Commit 8 on Mon Feb  2 02:52:29 UTC 2026
✅ Commit 9 on Mon Feb  2 02:52:29 UTC 2026
✅ Commit 10 on Mon Feb  2 02:52:30 UTC 2026
✅ Commit 11 on Mon Feb  2 02:52:30 UTC 2026
✅ Commit 12 on Mon Feb  2 02:52:30 UTC 2026
✅ Commit 1 on Mon Feb  2 07:04:23 UTC 2026
✅ Commit 2 on Mon Feb  2 07:04:23 UTC 2026
✅ Commit 3 on Mon Feb  2 07:04:23 UTC 2026
✅ Commit 4 on Mon Feb  2 07:04:23 UTC 2026
✅ Commit 5 on Mon Feb  2 07:04:23 UTC 2026
✅ Commit 6 on Mon Feb  2 07:04:23 UTC 2026
✅ Commit 7 on Mon Feb  2 07:04:23 UTC 2026
✅ Commit 8 on Mon Feb  2 07:04:23 UTC 2026
✅ Commit 9 on Mon Feb  2 07:04:23 UTC 2026
✅ Commit 10 on Mon Feb  2 07:04:23 UTC 2026
✅ Commit 11 on Mon Feb  2 07:04:23 UTC 2026
✅ Commit 12 on Mon Feb  2 07:04:23 UTC 2026
✅ Commit 1 on Mon Feb  2 13:15:31 UTC 2026
✅ Commit 2 on Mon Feb  2 13:15:31 UTC 2026
✅ Commit 3 on Mon Feb  2 13:15:31 UTC 2026
✅ Commit 4 on Mon Feb  2 13:15:31 UTC 2026
✅ Commit 5 on Mon Feb  2 13:15:31 UTC 2026
✅ Commit 6 on Mon Feb  2 13:15:31 UTC 2026
✅ Commit 7 on Mon Feb  2 13:15:31 UTC 2026
✅ Commit 8 on Mon Feb  2 13:15:31 UTC 2026
✅ Commit 9 on Mon Feb  2 13:15:31 UTC 2026
✅ Commit 10 on Mon Feb  2 13:15:31 UTC 2026
✅ Commit 11 on Mon Feb  2 13:15:31 UTC 2026
✅ Commit 12 on Mon Feb  2 13:15:31 UTC 2026
✅ Commit 1 on Mon Feb  2 18:26:36 UTC 2026
✅ Commit 2 on Mon Feb  2 18:26:36 UTC 2026
✅ Commit 3 on Mon Feb  2 18:26:37 UTC 2026
✅ Commit 4 on Mon Feb  2 18:26:37 UTC 2026
✅ Commit 5 on Mon Feb  2 18:26:37 UTC 2026
✅ Commit 6 on Mon Feb  2 18:26:37 UTC 2026
✅ Commit 7 on Mon Feb  2 18:26:37 UTC 2026
✅ Commit 8 on Mon Feb  2 18:26:37 UTC 2026
✅ Commit 9 on Mon Feb  2 18:26:37 UTC 2026
✅ Commit 10 on Mon Feb  2 18:26:37 UTC 2026
✅ Commit 11 on Mon Feb  2 18:26:37 UTC 2026
✅ Commit 12 on Mon Feb  2 18:26:37 UTC 2026
✅ Commit 1 on Tue Feb  3 02:48:44 UTC 2026
✅ Commit 2 on Tue Feb  3 02:48:44 UTC 2026
✅ Commit 3 on Tue Feb  3 02:48:44 UTC 2026
✅ Commit 4 on Tue Feb  3 02:48:44 UTC 2026
✅ Commit 5 on Tue Feb  3 02:48:44 UTC 2026
✅ Commit 6 on Tue Feb  3 02:48:44 UTC 2026
✅ Commit 7 on Tue Feb  3 02:48:44 UTC 2026
✅ Commit 8 on Tue Feb  3 02:48:44 UTC 2026
✅ Commit 9 on Tue Feb  3 02:48:44 UTC 2026
✅ Commit 10 on Tue Feb  3 02:48:44 UTC 2026
✅ Commit 11 on Tue Feb  3 02:48:44 UTC 2026
✅ Commit 12 on Tue Feb  3 02:48:44 UTC 2026
✅ Commit 1 on Tue Feb  3 06:54:47 UTC 2026
✅ Commit 2 on Tue Feb  3 06:54:47 UTC 2026
✅ Commit 3 on Tue Feb  3 06:54:47 UTC 2026
✅ Commit 4 on Tue Feb  3 06:54:47 UTC 2026
✅ Commit 5 on Tue Feb  3 06:54:47 UTC 2026
✅ Commit 6 on Tue Feb  3 06:54:47 UTC 2026
✅ Commit 7 on Tue Feb  3 06:54:47 UTC 2026
✅ Commit 8 on Tue Feb  3 06:54:47 UTC 2026
✅ Commit 9 on Tue Feb  3 06:54:47 UTC 2026
✅ Commit 10 on Tue Feb  3 06:54:47 UTC 2026
✅ Commit 11 on Tue Feb  3 06:54:47 UTC 2026
✅ Commit 12 on Tue Feb  3 06:54:47 UTC 2026
✅ Commit 1 on Tue Feb  3 13:16:23 UTC 2026
✅ Commit 2 on Tue Feb  3 13:16:23 UTC 2026
✅ Commit 3 on Tue Feb  3 13:16:23 UTC 2026
✅ Commit 4 on Tue Feb  3 13:16:23 UTC 2026
✅ Commit 5 on Tue Feb  3 13:16:23 UTC 2026
✅ Commit 6 on Tue Feb  3 13:16:23 UTC 2026
✅ Commit 7 on Tue Feb  3 13:16:23 UTC 2026
✅ Commit 8 on Tue Feb  3 13:16:23 UTC 2026
✅ Commit 9 on Tue Feb  3 13:16:23 UTC 2026
✅ Commit 10 on Tue Feb  3 13:16:23 UTC 2026
✅ Commit 11 on Tue Feb  3 13:16:23 UTC 2026
✅ Commit 12 on Tue Feb  3 13:16:23 UTC 2026
✅ Commit 1 on Tue Feb  3 18:39:05 UTC 2026
✅ Commit 2 on Tue Feb  3 18:39:05 UTC 2026
✅ Commit 3 on Tue Feb  3 18:39:05 UTC 2026
✅ Commit 4 on Tue Feb  3 18:39:05 UTC 2026
✅ Commit 5 on Tue Feb  3 18:39:05 UTC 2026
✅ Commit 6 on Tue Feb  3 18:39:05 UTC 2026
✅ Commit 7 on Tue Feb  3 18:39:05 UTC 2026
✅ Commit 8 on Tue Feb  3 18:39:05 UTC 2026
✅ Commit 9 on Tue Feb  3 18:39:05 UTC 2026
✅ Commit 10 on Tue Feb  3 18:39:05 UTC 2026
✅ Commit 11 on Tue Feb  3 18:39:05 UTC 2026
✅ Commit 12 on Tue Feb  3 18:39:05 UTC 2026
✅ Commit 1 on Wed Feb  4 02:43:27 UTC 2026
✅ Commit 2 on Wed Feb  4 02:43:27 UTC 2026
✅ Commit 3 on Wed Feb  4 02:43:27 UTC 2026
✅ Commit 4 on Wed Feb  4 02:43:27 UTC 2026
✅ Commit 5 on Wed Feb  4 02:43:27 UTC 2026
✅ Commit 6 on Wed Feb  4 02:43:27 UTC 2026
✅ Commit 7 on Wed Feb  4 02:43:27 UTC 2026
✅ Commit 8 on Wed Feb  4 02:43:27 UTC 2026
✅ Commit 9 on Wed Feb  4 02:43:27 UTC 2026
✅ Commit 10 on Wed Feb  4 02:43:27 UTC 2026
✅ Commit 11 on Wed Feb  4 02:43:27 UTC 2026
✅ Commit 12 on Wed Feb  4 02:43:27 UTC 2026
✅ Commit 1 on Wed Feb  4 06:55:36 UTC 2026
✅ Commit 2 on Wed Feb  4 06:55:36 UTC 2026
✅ Commit 3 on Wed Feb  4 06:55:36 UTC 2026
✅ Commit 4 on Wed Feb  4 06:55:36 UTC 2026
✅ Commit 5 on Wed Feb  4 06:55:36 UTC 2026
✅ Commit 6 on Wed Feb  4 06:55:36 UTC 2026
✅ Commit 7 on Wed Feb  4 06:55:36 UTC 2026
✅ Commit 8 on Wed Feb  4 06:55:36 UTC 2026
✅ Commit 9 on Wed Feb  4 06:55:36 UTC 2026
✅ Commit 10 on Wed Feb  4 06:55:36 UTC 2026
✅ Commit 11 on Wed Feb  4 06:55:36 UTC 2026
✅ Commit 12 on Wed Feb  4 06:55:36 UTC 2026
✅ Commit 1 on Wed Feb  4 13:15:26 UTC 2026
✅ Commit 2 on Wed Feb  4 13:15:26 UTC 2026
✅ Commit 3 on Wed Feb  4 13:15:26 UTC 2026
✅ Commit 4 on Wed Feb  4 13:15:26 UTC 2026
✅ Commit 5 on Wed Feb  4 13:15:26 UTC 2026
✅ Commit 6 on Wed Feb  4 13:15:26 UTC 2026
✅ Commit 7 on Wed Feb  4 13:15:26 UTC 2026
✅ Commit 8 on Wed Feb  4 13:15:26 UTC 2026
✅ Commit 9 on Wed Feb  4 13:15:26 UTC 2026
✅ Commit 10 on Wed Feb  4 13:15:26 UTC 2026
✅ Commit 11 on Wed Feb  4 13:15:26 UTC 2026
✅ Commit 12 on Wed Feb  4 13:15:26 UTC 2026
✅ Commit 1 on Wed Feb  4 18:32:19 UTC 2026
✅ Commit 2 on Wed Feb  4 18:32:19 UTC 2026
✅ Commit 3 on Wed Feb  4 18:32:19 UTC 2026
✅ Commit 4 on Wed Feb  4 18:32:19 UTC 2026
✅ Commit 5 on Wed Feb  4 18:32:19 UTC 2026
✅ Commit 6 on Wed Feb  4 18:32:19 UTC 2026
✅ Commit 7 on Wed Feb  4 18:32:19 UTC 2026
✅ Commit 8 on Wed Feb  4 18:32:19 UTC 2026
✅ Commit 9 on Wed Feb  4 18:32:19 UTC 2026
✅ Commit 10 on Wed Feb  4 18:32:19 UTC 2026
✅ Commit 11 on Wed Feb  4 18:32:19 UTC 2026
✅ Commit 12 on Wed Feb  4 18:32:19 UTC 2026
✅ Commit 1 on Thu Feb  5 02:45:36 UTC 2026
✅ Commit 2 on Thu Feb  5 02:45:36 UTC 2026
✅ Commit 3 on Thu Feb  5 02:45:36 UTC 2026
✅ Commit 4 on Thu Feb  5 02:45:36 UTC 2026
✅ Commit 5 on Thu Feb  5 02:45:36 UTC 2026
✅ Commit 6 on Thu Feb  5 02:45:36 UTC 2026
✅ Commit 7 on Thu Feb  5 02:45:36 UTC 2026
✅ Commit 8 on Thu Feb  5 02:45:36 UTC 2026
✅ Commit 9 on Thu Feb  5 02:45:36 UTC 2026
✅ Commit 10 on Thu Feb  5 02:45:36 UTC 2026
✅ Commit 11 on Thu Feb  5 02:45:36 UTC 2026
✅ Commit 12 on Thu Feb  5 02:45:36 UTC 2026
✅ Commit 1 on Thu Feb  5 07:01:32 UTC 2026
✅ Commit 2 on Thu Feb  5 07:01:32 UTC 2026
✅ Commit 3 on Thu Feb  5 07:01:32 UTC 2026
✅ Commit 4 on Thu Feb  5 07:01:32 UTC 2026
✅ Commit 5 on Thu Feb  5 07:01:32 UTC 2026
✅ Commit 6 on Thu Feb  5 07:01:32 UTC 2026
✅ Commit 7 on Thu Feb  5 07:01:32 UTC 2026
✅ Commit 8 on Thu Feb  5 07:01:32 UTC 2026
✅ Commit 9 on Thu Feb  5 07:01:32 UTC 2026
✅ Commit 10 on Thu Feb  5 07:01:32 UTC 2026
✅ Commit 11 on Thu Feb  5 07:01:32 UTC 2026
✅ Commit 12 on Thu Feb  5 07:01:32 UTC 2026
✅ Commit 1 on Thu Feb  5 13:17:35 UTC 2026
✅ Commit 2 on Thu Feb  5 13:17:35 UTC 2026
✅ Commit 3 on Thu Feb  5 13:17:35 UTC 2026
✅ Commit 4 on Thu Feb  5 13:17:35 UTC 2026
✅ Commit 5 on Thu Feb  5 13:17:35 UTC 2026
✅ Commit 6 on Thu Feb  5 13:17:35 UTC 2026
✅ Commit 7 on Thu Feb  5 13:17:35 UTC 2026
✅ Commit 8 on Thu Feb  5 13:17:35 UTC 2026
✅ Commit 9 on Thu Feb  5 13:17:35 UTC 2026
✅ Commit 10 on Thu Feb  5 13:17:35 UTC 2026
✅ Commit 11 on Thu Feb  5 13:17:35 UTC 2026
✅ Commit 12 on Thu Feb  5 13:17:35 UTC 2026
✅ Commit 1 on Thu Feb  5 18:33:37 UTC 2026
✅ Commit 2 on Thu Feb  5 18:33:37 UTC 2026
✅ Commit 3 on Thu Feb  5 18:33:37 UTC 2026
✅ Commit 4 on Thu Feb  5 18:33:37 UTC 2026
✅ Commit 5 on Thu Feb  5 18:33:37 UTC 2026
✅ Commit 6 on Thu Feb  5 18:33:37 UTC 2026
✅ Commit 7 on Thu Feb  5 18:33:37 UTC 2026
✅ Commit 8 on Thu Feb  5 18:33:37 UTC 2026
✅ Commit 9 on Thu Feb  5 18:33:37 UTC 2026
✅ Commit 10 on Thu Feb  5 18:33:37 UTC 2026
✅ Commit 11 on Thu Feb  5 18:33:37 UTC 2026
✅ Commit 12 on Thu Feb  5 18:33:37 UTC 2026
✅ Commit 1 on Fri Feb  6 02:45:45 UTC 2026
✅ Commit 2 on Fri Feb  6 02:45:45 UTC 2026
✅ Commit 3 on Fri Feb  6 02:45:45 UTC 2026
✅ Commit 4 on Fri Feb  6 02:45:45 UTC 2026
✅ Commit 5 on Fri Feb  6 02:45:45 UTC 2026
✅ Commit 6 on Fri Feb  6 02:45:45 UTC 2026
✅ Commit 7 on Fri Feb  6 02:45:45 UTC 2026
✅ Commit 8 on Fri Feb  6 02:45:45 UTC 2026
✅ Commit 9 on Fri Feb  6 02:45:45 UTC 2026
✅ Commit 10 on Fri Feb  6 02:45:45 UTC 2026
✅ Commit 11 on Fri Feb  6 02:45:45 UTC 2026
✅ Commit 12 on Fri Feb  6 02:45:45 UTC 2026
✅ Commit 1 on Fri Feb  6 06:57:32 UTC 2026
✅ Commit 2 on Fri Feb  6 06:57:32 UTC 2026
✅ Commit 3 on Fri Feb  6 06:57:32 UTC 2026
✅ Commit 4 on Fri Feb  6 06:57:32 UTC 2026
✅ Commit 5 on Fri Feb  6 06:57:32 UTC 2026
✅ Commit 6 on Fri Feb  6 06:57:32 UTC 2026
✅ Commit 7 on Fri Feb  6 06:57:32 UTC 2026
✅ Commit 8 on Fri Feb  6 06:57:32 UTC 2026
✅ Commit 9 on Fri Feb  6 06:57:32 UTC 2026
✅ Commit 10 on Fri Feb  6 06:57:32 UTC 2026
✅ Commit 11 on Fri Feb  6 06:57:32 UTC 2026
✅ Commit 12 on Fri Feb  6 06:57:32 UTC 2026
✅ Commit 1 on Fri Feb  6 13:15:05 UTC 2026
✅ Commit 2 on Fri Feb  6 13:15:05 UTC 2026
✅ Commit 3 on Fri Feb  6 13:15:05 UTC 2026
✅ Commit 4 on Fri Feb  6 13:15:05 UTC 2026
✅ Commit 5 on Fri Feb  6 13:15:05 UTC 2026
✅ Commit 6 on Fri Feb  6 13:15:05 UTC 2026
✅ Commit 7 on Fri Feb  6 13:15:05 UTC 2026
✅ Commit 8 on Fri Feb  6 13:15:05 UTC 2026
✅ Commit 9 on Fri Feb  6 13:15:05 UTC 2026
✅ Commit 10 on Fri Feb  6 13:15:05 UTC 2026
✅ Commit 11 on Fri Feb  6 13:15:05 UTC 2026
✅ Commit 12 on Fri Feb  6 13:15:05 UTC 2026
✅ Commit 1 on Fri Feb  6 18:31:43 UTC 2026
✅ Commit 2 on Fri Feb  6 18:31:43 UTC 2026
✅ Commit 3 on Fri Feb  6 18:31:43 UTC 2026
✅ Commit 4 on Fri Feb  6 18:31:43 UTC 2026
✅ Commit 5 on Fri Feb  6 18:31:43 UTC 2026
✅ Commit 6 on Fri Feb  6 18:31:43 UTC 2026
✅ Commit 7 on Fri Feb  6 18:31:43 UTC 2026
✅ Commit 8 on Fri Feb  6 18:31:43 UTC 2026
✅ Commit 9 on Fri Feb  6 18:31:43 UTC 2026
✅ Commit 10 on Fri Feb  6 18:31:43 UTC 2026
✅ Commit 11 on Fri Feb  6 18:31:43 UTC 2026
✅ Commit 12 on Fri Feb  6 18:31:43 UTC 2026
✅ Commit 1 on Sat Feb  7 02:41:05 UTC 2026
✅ Commit 2 on Sat Feb  7 02:41:05 UTC 2026
✅ Commit 3 on Sat Feb  7 02:41:05 UTC 2026
✅ Commit 4 on Sat Feb  7 02:41:05 UTC 2026
✅ Commit 5 on Sat Feb  7 02:41:05 UTC 2026
✅ Commit 6 on Sat Feb  7 02:41:05 UTC 2026
✅ Commit 7 on Sat Feb  7 02:41:05 UTC 2026
✅ Commit 8 on Sat Feb  7 02:41:05 UTC 2026
✅ Commit 9 on Sat Feb  7 02:41:05 UTC 2026
✅ Commit 10 on Sat Feb  7 02:41:05 UTC 2026
✅ Commit 11 on Sat Feb  7 02:41:05 UTC 2026
✅ Commit 12 on Sat Feb  7 02:41:05 UTC 2026
✅ Commit 1 on Sat Feb  7 06:45:43 UTC 2026
✅ Commit 2 on Sat Feb  7 06:45:43 UTC 2026
✅ Commit 3 on Sat Feb  7 06:45:43 UTC 2026
✅ Commit 4 on Sat Feb  7 06:45:44 UTC 2026
✅ Commit 5 on Sat Feb  7 06:45:44 UTC 2026
✅ Commit 6 on Sat Feb  7 06:45:44 UTC 2026
✅ Commit 7 on Sat Feb  7 06:45:44 UTC 2026
✅ Commit 8 on Sat Feb  7 06:45:44 UTC 2026
✅ Commit 9 on Sat Feb  7 06:45:44 UTC 2026
✅ Commit 10 on Sat Feb  7 06:45:44 UTC 2026
✅ Commit 11 on Sat Feb  7 06:45:44 UTC 2026
✅ Commit 12 on Sat Feb  7 06:45:44 UTC 2026
✅ Commit 1 on Sat Feb  7 13:03:37 UTC 2026
✅ Commit 2 on Sat Feb  7 13:03:37 UTC 2026
✅ Commit 3 on Sat Feb  7 13:03:37 UTC 2026
✅ Commit 4 on Sat Feb  7 13:03:37 UTC 2026
✅ Commit 5 on Sat Feb  7 13:03:37 UTC 2026
✅ Commit 6 on Sat Feb  7 13:03:37 UTC 2026
✅ Commit 7 on Sat Feb  7 13:03:37 UTC 2026
✅ Commit 8 on Sat Feb  7 13:03:37 UTC 2026
✅ Commit 9 on Sat Feb  7 13:03:37 UTC 2026
✅ Commit 10 on Sat Feb  7 13:03:37 UTC 2026
✅ Commit 11 on Sat Feb  7 13:03:37 UTC 2026
✅ Commit 12 on Sat Feb  7 13:03:37 UTC 2026
✅ Commit 1 on Sat Feb  7 18:18:06 UTC 2026
✅ Commit 2 on Sat Feb  7 18:18:06 UTC 2026
✅ Commit 3 on Sat Feb  7 18:18:06 UTC 2026
✅ Commit 4 on Sat Feb  7 18:18:06 UTC 2026
✅ Commit 5 on Sat Feb  7 18:18:06 UTC 2026
✅ Commit 6 on Sat Feb  7 18:18:06 UTC 2026
✅ Commit 7 on Sat Feb  7 18:18:06 UTC 2026
✅ Commit 8 on Sat Feb  7 18:18:06 UTC 2026
✅ Commit 9 on Sat Feb  7 18:18:06 UTC 2026
✅ Commit 10 on Sat Feb  7 18:18:06 UTC 2026
✅ Commit 11 on Sat Feb  7 18:18:06 UTC 2026
✅ Commit 12 on Sat Feb  7 18:18:06 UTC 2026
✅ Commit 1 on Sun Feb  8 03:25:08 UTC 2026
✅ Commit 2 on Sun Feb  8 03:25:08 UTC 2026
✅ Commit 3 on Sun Feb  8 03:25:08 UTC 2026
✅ Commit 4 on Sun Feb  8 03:25:08 UTC 2026
✅ Commit 5 on Sun Feb  8 03:25:08 UTC 2026
✅ Commit 6 on Sun Feb  8 03:25:08 UTC 2026
✅ Commit 7 on Sun Feb  8 03:25:08 UTC 2026
✅ Commit 8 on Sun Feb  8 03:25:08 UTC 2026
✅ Commit 9 on Sun Feb  8 03:25:08 UTC 2026
✅ Commit 10 on Sun Feb  8 03:25:08 UTC 2026
✅ Commit 11 on Sun Feb  8 03:25:08 UTC 2026
✅ Commit 12 on Sun Feb  8 03:25:08 UTC 2026
✅ Commit 1 on Sun Feb  8 06:52:52 UTC 2026
✅ Commit 2 on Sun Feb  8 06:52:52 UTC 2026
✅ Commit 3 on Sun Feb  8 06:52:52 UTC 2026
✅ Commit 4 on Sun Feb  8 06:52:52 UTC 2026
✅ Commit 5 on Sun Feb  8 06:52:52 UTC 2026
✅ Commit 6 on Sun Feb  8 06:52:52 UTC 2026
✅ Commit 7 on Sun Feb  8 06:52:52 UTC 2026
✅ Commit 8 on Sun Feb  8 06:52:52 UTC 2026
✅ Commit 9 on Sun Feb  8 06:52:52 UTC 2026
✅ Commit 10 on Sun Feb  8 06:52:52 UTC 2026
✅ Commit 11 on Sun Feb  8 06:52:52 UTC 2026
✅ Commit 12 on Sun Feb  8 06:52:52 UTC 2026
✅ Commit 1 on Sun Feb  8 13:04:44 UTC 2026
✅ Commit 2 on Sun Feb  8 13:04:44 UTC 2026
✅ Commit 3 on Sun Feb  8 13:04:44 UTC 2026
✅ Commit 4 on Sun Feb  8 13:04:44 UTC 2026
✅ Commit 5 on Sun Feb  8 13:04:44 UTC 2026
✅ Commit 6 on Sun Feb  8 13:04:44 UTC 2026
✅ Commit 7 on Sun Feb  8 13:04:44 UTC 2026
✅ Commit 8 on Sun Feb  8 13:04:44 UTC 2026
✅ Commit 9 on Sun Feb  8 13:04:44 UTC 2026
✅ Commit 10 on Sun Feb  8 13:04:44 UTC 2026
✅ Commit 11 on Sun Feb  8 13:04:44 UTC 2026
✅ Commit 12 on Sun Feb  8 13:04:44 UTC 2026
✅ Commit 1 on Sun Feb  8 18:19:18 UTC 2026
✅ Commit 2 on Sun Feb  8 18:19:18 UTC 2026
✅ Commit 3 on Sun Feb  8 18:19:18 UTC 2026
✅ Commit 4 on Sun Feb  8 18:19:18 UTC 2026
✅ Commit 5 on Sun Feb  8 18:19:18 UTC 2026
✅ Commit 6 on Sun Feb  8 18:19:18 UTC 2026
✅ Commit 7 on Sun Feb  8 18:19:18 UTC 2026
✅ Commit 8 on Sun Feb  8 18:19:18 UTC 2026
✅ Commit 9 on Sun Feb  8 18:19:18 UTC 2026
✅ Commit 10 on Sun Feb  8 18:19:18 UTC 2026
✅ Commit 11 on Sun Feb  8 18:19:18 UTC 2026
✅ Commit 12 on Sun Feb  8 18:19:18 UTC 2026
✅ Commit 1 on Mon Feb  9 02:53:22 UTC 2026
✅ Commit 2 on Mon Feb  9 02:53:22 UTC 2026
✅ Commit 3 on Mon Feb  9 02:53:22 UTC 2026
✅ Commit 4 on Mon Feb  9 02:53:22 UTC 2026
✅ Commit 5 on Mon Feb  9 02:53:22 UTC 2026
✅ Commit 6 on Mon Feb  9 02:53:22 UTC 2026
✅ Commit 7 on Mon Feb  9 02:53:22 UTC 2026
✅ Commit 8 on Mon Feb  9 02:53:22 UTC 2026
✅ Commit 9 on Mon Feb  9 02:53:22 UTC 2026
✅ Commit 10 on Mon Feb  9 02:53:22 UTC 2026
✅ Commit 11 on Mon Feb  9 02:53:22 UTC 2026
✅ Commit 12 on Mon Feb  9 02:53:22 UTC 2026
✅ Commit 1 on Mon Feb  9 07:06:45 UTC 2026
✅ Commit 2 on Mon Feb  9 07:06:45 UTC 2026
✅ Commit 3 on Mon Feb  9 07:06:45 UTC 2026
✅ Commit 4 on Mon Feb  9 07:06:45 UTC 2026
✅ Commit 5 on Mon Feb  9 07:06:45 UTC 2026
✅ Commit 6 on Mon Feb  9 07:06:45 UTC 2026
✅ Commit 7 on Mon Feb  9 07:06:45 UTC 2026
✅ Commit 8 on Mon Feb  9 07:06:45 UTC 2026
✅ Commit 9 on Mon Feb  9 07:06:45 UTC 2026
✅ Commit 10 on Mon Feb  9 07:06:45 UTC 2026
✅ Commit 11 on Mon Feb  9 07:06:45 UTC 2026
✅ Commit 12 on Mon Feb  9 07:06:45 UTC 2026
✅ Commit 1 on Mon Feb  9 13:24:22 UTC 2026
✅ Commit 2 on Mon Feb  9 13:24:22 UTC 2026
✅ Commit 3 on Mon Feb  9 13:24:22 UTC 2026
✅ Commit 4 on Mon Feb  9 13:24:22 UTC 2026
✅ Commit 5 on Mon Feb  9 13:24:22 UTC 2026
✅ Commit 6 on Mon Feb  9 13:24:22 UTC 2026
✅ Commit 7 on Mon Feb  9 13:24:22 UTC 2026
✅ Commit 8 on Mon Feb  9 13:24:22 UTC 2026
✅ Commit 9 on Mon Feb  9 13:24:22 UTC 2026
✅ Commit 10 on Mon Feb  9 13:24:22 UTC 2026
✅ Commit 11 on Mon Feb  9 13:24:23 UTC 2026
✅ Commit 12 on Mon Feb  9 13:24:23 UTC 2026
✅ Commit 1 on Mon Feb  9 18:40:15 UTC 2026
✅ Commit 2 on Mon Feb  9 18:40:15 UTC 2026
✅ Commit 3 on Mon Feb  9 18:40:15 UTC 2026
✅ Commit 4 on Mon Feb  9 18:40:15 UTC 2026
✅ Commit 5 on Mon Feb  9 18:40:15 UTC 2026
✅ Commit 6 on Mon Feb  9 18:40:15 UTC 2026
✅ Commit 7 on Mon Feb  9 18:40:15 UTC 2026
✅ Commit 8 on Mon Feb  9 18:40:15 UTC 2026
✅ Commit 9 on Mon Feb  9 18:40:15 UTC 2026
✅ Commit 10 on Mon Feb  9 18:40:15 UTC 2026
✅ Commit 11 on Mon Feb  9 18:40:15 UTC 2026
✅ Commit 12 on Mon Feb  9 18:40:15 UTC 2026
✅ Commit 1 on Tue Feb 10 03:18:04 UTC 2026
✅ Commit 2 on Tue Feb 10 03:18:04 UTC 2026
✅ Commit 3 on Tue Feb 10 03:18:04 UTC 2026
✅ Commit 4 on Tue Feb 10 03:18:04 UTC 2026
✅ Commit 5 on Tue Feb 10 03:18:04 UTC 2026
✅ Commit 6 on Tue Feb 10 03:18:04 UTC 2026
✅ Commit 7 on Tue Feb 10 03:18:04 UTC 2026
✅ Commit 8 on Tue Feb 10 03:18:04 UTC 2026
✅ Commit 9 on Tue Feb 10 03:18:04 UTC 2026
✅ Commit 10 on Tue Feb 10 03:18:04 UTC 2026
✅ Commit 11 on Tue Feb 10 03:18:04 UTC 2026
✅ Commit 12 on Tue Feb 10 03:18:05 UTC 2026
✅ Commit 1 on Tue Feb 10 07:06:58 UTC 2026
✅ Commit 2 on Tue Feb 10 07:06:59 UTC 2026
✅ Commit 3 on Tue Feb 10 07:06:59 UTC 2026
✅ Commit 4 on Tue Feb 10 07:06:59 UTC 2026
✅ Commit 5 on Tue Feb 10 07:06:59 UTC 2026
✅ Commit 6 on Tue Feb 10 07:06:59 UTC 2026
✅ Commit 7 on Tue Feb 10 07:06:59 UTC 2026
✅ Commit 8 on Tue Feb 10 07:06:59 UTC 2026
✅ Commit 9 on Tue Feb 10 07:06:59 UTC 2026
✅ Commit 10 on Tue Feb 10 07:06:59 UTC 2026
✅ Commit 11 on Tue Feb 10 07:06:59 UTC 2026
✅ Commit 12 on Tue Feb 10 07:06:59 UTC 2026
✅ Commit 1 on Tue Feb 10 13:39:54 UTC 2026
✅ Commit 2 on Tue Feb 10 13:39:54 UTC 2026
✅ Commit 3 on Tue Feb 10 13:39:54 UTC 2026
✅ Commit 4 on Tue Feb 10 13:39:54 UTC 2026
✅ Commit 5 on Tue Feb 10 13:39:54 UTC 2026
✅ Commit 6 on Tue Feb 10 13:39:54 UTC 2026
✅ Commit 7 on Tue Feb 10 13:39:54 UTC 2026
✅ Commit 8 on Tue Feb 10 13:39:54 UTC 2026
✅ Commit 9 on Tue Feb 10 13:39:54 UTC 2026
✅ Commit 10 on Tue Feb 10 13:39:54 UTC 2026
✅ Commit 11 on Tue Feb 10 13:39:54 UTC 2026
✅ Commit 12 on Tue Feb 10 13:39:54 UTC 2026
✅ Commit 1 on Tue Feb 10 18:50:14 UTC 2026
✅ Commit 2 on Tue Feb 10 18:50:14 UTC 2026
✅ Commit 3 on Tue Feb 10 18:50:14 UTC 2026
✅ Commit 4 on Tue Feb 10 18:50:14 UTC 2026
✅ Commit 5 on Tue Feb 10 18:50:14 UTC 2026
✅ Commit 6 on Tue Feb 10 18:50:14 UTC 2026
✅ Commit 7 on Tue Feb 10 18:50:14 UTC 2026
✅ Commit 8 on Tue Feb 10 18:50:14 UTC 2026
✅ Commit 9 on Tue Feb 10 18:50:14 UTC 2026
✅ Commit 10 on Tue Feb 10 18:50:14 UTC 2026
✅ Commit 11 on Tue Feb 10 18:50:14 UTC 2026
✅ Commit 12 on Tue Feb 10 18:50:14 UTC 2026
✅ Commit 1 on Wed Feb 11 03:16:06 UTC 2026
✅ Commit 2 on Wed Feb 11 03:16:06 UTC 2026
✅ Commit 3 on Wed Feb 11 03:16:06 UTC 2026
✅ Commit 4 on Wed Feb 11 03:16:06 UTC 2026
✅ Commit 5 on Wed Feb 11 03:16:06 UTC 2026
✅ Commit 6 on Wed Feb 11 03:16:06 UTC 2026
✅ Commit 7 on Wed Feb 11 03:16:06 UTC 2026
✅ Commit 8 on Wed Feb 11 03:16:06 UTC 2026
✅ Commit 9 on Wed Feb 11 03:16:06 UTC 2026
✅ Commit 10 on Wed Feb 11 03:16:06 UTC 2026
✅ Commit 11 on Wed Feb 11 03:16:06 UTC 2026
✅ Commit 12 on Wed Feb 11 03:16:06 UTC 2026
✅ Commit 1 on Wed Feb 11 07:03:37 UTC 2026
✅ Commit 2 on Wed Feb 11 07:03:37 UTC 2026
✅ Commit 3 on Wed Feb 11 07:03:37 UTC 2026
✅ Commit 4 on Wed Feb 11 07:03:37 UTC 2026
✅ Commit 5 on Wed Feb 11 07:03:37 UTC 2026
✅ Commit 6 on Wed Feb 11 07:03:37 UTC 2026
✅ Commit 7 on Wed Feb 11 07:03:37 UTC 2026
✅ Commit 8 on Wed Feb 11 07:03:37 UTC 2026
✅ Commit 9 on Wed Feb 11 07:03:37 UTC 2026
✅ Commit 10 on Wed Feb 11 07:03:37 UTC 2026
✅ Commit 11 on Wed Feb 11 07:03:37 UTC 2026
✅ Commit 12 on Wed Feb 11 07:03:37 UTC 2026
✅ Commit 1 on Wed Feb 11 13:25:59 UTC 2026
✅ Commit 2 on Wed Feb 11 13:25:59 UTC 2026
✅ Commit 3 on Wed Feb 11 13:25:59 UTC 2026
✅ Commit 4 on Wed Feb 11 13:25:59 UTC 2026
✅ Commit 5 on Wed Feb 11 13:25:59 UTC 2026
✅ Commit 6 on Wed Feb 11 13:25:59 UTC 2026
✅ Commit 7 on Wed Feb 11 13:25:59 UTC 2026
✅ Commit 8 on Wed Feb 11 13:25:59 UTC 2026
✅ Commit 9 on Wed Feb 11 13:25:59 UTC 2026
✅ Commit 10 on Wed Feb 11 13:25:59 UTC 2026
✅ Commit 11 on Wed Feb 11 13:26:00 UTC 2026
✅ Commit 12 on Wed Feb 11 13:26:00 UTC 2026
✅ Commit 1 on Wed Feb 11 18:45:30 UTC 2026
✅ Commit 2 on Wed Feb 11 18:45:30 UTC 2026
✅ Commit 3 on Wed Feb 11 18:45:30 UTC 2026
✅ Commit 4 on Wed Feb 11 18:45:30 UTC 2026
✅ Commit 5 on Wed Feb 11 18:45:30 UTC 2026
✅ Commit 6 on Wed Feb 11 18:45:30 UTC 2026
✅ Commit 7 on Wed Feb 11 18:45:30 UTC 2026
✅ Commit 8 on Wed Feb 11 18:45:30 UTC 2026
✅ Commit 9 on Wed Feb 11 18:45:30 UTC 2026
✅ Commit 10 on Wed Feb 11 18:45:30 UTC 2026
✅ Commit 11 on Wed Feb 11 18:45:30 UTC 2026
✅ Commit 12 on Wed Feb 11 18:45:30 UTC 2026
✅ Commit 1 on Thu Feb 12 02:55:36 UTC 2026
✅ Commit 2 on Thu Feb 12 02:55:36 UTC 2026
✅ Commit 3 on Thu Feb 12 02:55:36 UTC 2026
✅ Commit 4 on Thu Feb 12 02:55:36 UTC 2026
✅ Commit 5 on Thu Feb 12 02:55:36 UTC 2026
✅ Commit 6 on Thu Feb 12 02:55:36 UTC 2026
✅ Commit 7 on Thu Feb 12 02:55:36 UTC 2026
✅ Commit 8 on Thu Feb 12 02:55:36 UTC 2026
✅ Commit 9 on Thu Feb 12 02:55:36 UTC 2026
✅ Commit 10 on Thu Feb 12 02:55:36 UTC 2026
✅ Commit 11 on Thu Feb 12 02:55:36 UTC 2026
✅ Commit 12 on Thu Feb 12 02:55:36 UTC 2026
✅ Commit 1 on Thu Feb 12 07:03:43 UTC 2026
✅ Commit 2 on Thu Feb 12 07:03:43 UTC 2026
✅ Commit 3 on Thu Feb 12 07:03:43 UTC 2026
✅ Commit 4 on Thu Feb 12 07:03:43 UTC 2026
✅ Commit 5 on Thu Feb 12 07:03:43 UTC 2026
✅ Commit 6 on Thu Feb 12 07:03:43 UTC 2026
✅ Commit 7 on Thu Feb 12 07:03:43 UTC 2026
✅ Commit 8 on Thu Feb 12 07:03:43 UTC 2026
✅ Commit 9 on Thu Feb 12 07:03:43 UTC 2026
✅ Commit 10 on Thu Feb 12 07:03:43 UTC 2026
✅ Commit 11 on Thu Feb 12 07:03:43 UTC 2026
✅ Commit 12 on Thu Feb 12 07:03:43 UTC 2026
✅ Commit 1 on Thu Feb 12 13:24:17 UTC 2026
✅ Commit 2 on Thu Feb 12 13:24:17 UTC 2026
✅ Commit 3 on Thu Feb 12 13:24:17 UTC 2026
✅ Commit 4 on Thu Feb 12 13:24:17 UTC 2026
✅ Commit 5 on Thu Feb 12 13:24:17 UTC 2026
✅ Commit 6 on Thu Feb 12 13:24:17 UTC 2026
✅ Commit 7 on Thu Feb 12 13:24:17 UTC 2026
✅ Commit 8 on Thu Feb 12 13:24:17 UTC 2026
✅ Commit 9 on Thu Feb 12 13:24:17 UTC 2026
✅ Commit 10 on Thu Feb 12 13:24:17 UTC 2026
✅ Commit 11 on Thu Feb 12 13:24:17 UTC 2026
✅ Commit 12 on Thu Feb 12 13:24:17 UTC 2026
✅ Commit 1 on Thu Feb 12 18:43:36 UTC 2026
✅ Commit 2 on Thu Feb 12 18:43:36 UTC 2026
✅ Commit 3 on Thu Feb 12 18:43:36 UTC 2026
✅ Commit 4 on Thu Feb 12 18:43:36 UTC 2026
✅ Commit 5 on Thu Feb 12 18:43:36 UTC 2026
✅ Commit 6 on Thu Feb 12 18:43:36 UTC 2026
✅ Commit 7 on Thu Feb 12 18:43:36 UTC 2026
✅ Commit 8 on Thu Feb 12 18:43:36 UTC 2026
✅ Commit 9 on Thu Feb 12 18:43:36 UTC 2026
✅ Commit 10 on Thu Feb 12 18:43:36 UTC 2026
✅ Commit 11 on Thu Feb 12 18:43:36 UTC 2026
✅ Commit 12 on Thu Feb 12 18:43:36 UTC 2026
✅ Commit 1 on Fri Feb 13 02:55:37 UTC 2026
✅ Commit 2 on Fri Feb 13 02:55:37 UTC 2026
✅ Commit 3 on Fri Feb 13 02:55:37 UTC 2026
✅ Commit 4 on Fri Feb 13 02:55:37 UTC 2026
✅ Commit 5 on Fri Feb 13 02:55:37 UTC 2026
✅ Commit 6 on Fri Feb 13 02:55:37 UTC 2026
✅ Commit 7 on Fri Feb 13 02:55:37 UTC 2026
✅ Commit 8 on Fri Feb 13 02:55:37 UTC 2026
✅ Commit 9 on Fri Feb 13 02:55:37 UTC 2026
✅ Commit 10 on Fri Feb 13 02:55:37 UTC 2026
✅ Commit 11 on Fri Feb 13 02:55:37 UTC 2026
✅ Commit 12 on Fri Feb 13 02:55:37 UTC 2026
✅ Commit 1 on Fri Feb 13 07:02:06 UTC 2026
✅ Commit 2 on Fri Feb 13 07:02:06 UTC 2026
✅ Commit 3 on Fri Feb 13 07:02:06 UTC 2026
✅ Commit 4 on Fri Feb 13 07:02:06 UTC 2026
✅ Commit 5 on Fri Feb 13 07:02:06 UTC 2026
✅ Commit 6 on Fri Feb 13 07:02:06 UTC 2026
✅ Commit 7 on Fri Feb 13 07:02:06 UTC 2026
✅ Commit 8 on Fri Feb 13 07:02:06 UTC 2026
✅ Commit 9 on Fri Feb 13 07:02:06 UTC 2026
✅ Commit 10 on Fri Feb 13 07:02:06 UTC 2026
✅ Commit 11 on Fri Feb 13 07:02:06 UTC 2026
✅ Commit 12 on Fri Feb 13 07:02:06 UTC 2026
✅ Commit 1 on Fri Feb 13 13:16:11 UTC 2026
✅ Commit 2 on Fri Feb 13 13:16:11 UTC 2026
✅ Commit 3 on Fri Feb 13 13:16:11 UTC 2026
✅ Commit 4 on Fri Feb 13 13:16:11 UTC 2026
✅ Commit 5 on Fri Feb 13 13:16:11 UTC 2026
✅ Commit 6 on Fri Feb 13 13:16:11 UTC 2026
✅ Commit 7 on Fri Feb 13 13:16:11 UTC 2026
✅ Commit 8 on Fri Feb 13 13:16:11 UTC 2026
✅ Commit 9 on Fri Feb 13 13:16:11 UTC 2026
✅ Commit 10 on Fri Feb 13 13:16:11 UTC 2026
✅ Commit 11 on Fri Feb 13 13:16:11 UTC 2026
✅ Commit 12 on Fri Feb 13 13:16:11 UTC 2026
✅ Commit 1 on Fri Feb 13 18:29:36 UTC 2026
✅ Commit 2 on Fri Feb 13 18:29:36 UTC 2026
✅ Commit 3 on Fri Feb 13 18:29:36 UTC 2026
✅ Commit 4 on Fri Feb 13 18:29:36 UTC 2026
✅ Commit 5 on Fri Feb 13 18:29:36 UTC 2026
✅ Commit 6 on Fri Feb 13 18:29:36 UTC 2026
✅ Commit 7 on Fri Feb 13 18:29:36 UTC 2026
✅ Commit 8 on Fri Feb 13 18:29:36 UTC 2026
✅ Commit 9 on Fri Feb 13 18:29:36 UTC 2026
✅ Commit 10 on Fri Feb 13 18:29:36 UTC 2026
✅ Commit 11 on Fri Feb 13 18:29:36 UTC 2026
✅ Commit 12 on Fri Feb 13 18:29:36 UTC 2026
✅ Commit 1 on Sat Feb 14 02:43:12 UTC 2026
✅ Commit 2 on Sat Feb 14 02:43:12 UTC 2026
✅ Commit 3 on Sat Feb 14 02:43:12 UTC 2026
✅ Commit 4 on Sat Feb 14 02:43:12 UTC 2026
✅ Commit 5 on Sat Feb 14 02:43:12 UTC 2026
✅ Commit 6 on Sat Feb 14 02:43:12 UTC 2026
✅ Commit 7 on Sat Feb 14 02:43:12 UTC 2026
✅ Commit 8 on Sat Feb 14 02:43:12 UTC 2026
✅ Commit 9 on Sat Feb 14 02:43:12 UTC 2026
✅ Commit 10 on Sat Feb 14 02:43:12 UTC 2026
✅ Commit 11 on Sat Feb 14 02:43:12 UTC 2026
✅ Commit 12 on Sat Feb 14 02:43:12 UTC 2026
✅ Commit 1 on Sat Feb 14 06:49:20 UTC 2026
✅ Commit 2 on Sat Feb 14 06:49:20 UTC 2026
✅ Commit 3 on Sat Feb 14 06:49:20 UTC 2026
✅ Commit 4 on Sat Feb 14 06:49:20 UTC 2026
✅ Commit 5 on Sat Feb 14 06:49:20 UTC 2026
✅ Commit 6 on Sat Feb 14 06:49:20 UTC 2026
✅ Commit 7 on Sat Feb 14 06:49:20 UTC 2026
✅ Commit 8 on Sat Feb 14 06:49:20 UTC 2026
✅ Commit 9 on Sat Feb 14 06:49:20 UTC 2026
✅ Commit 10 on Sat Feb 14 06:49:20 UTC 2026
✅ Commit 11 on Sat Feb 14 06:49:20 UTC 2026
✅ Commit 12 on Sat Feb 14 06:49:20 UTC 2026
✅ Commit 1 on Sat Feb 14 13:03:50 UTC 2026
✅ Commit 2 on Sat Feb 14 13:03:50 UTC 2026
✅ Commit 3 on Sat Feb 14 13:03:50 UTC 2026
✅ Commit 4 on Sat Feb 14 13:03:50 UTC 2026
✅ Commit 5 on Sat Feb 14 13:03:50 UTC 2026
✅ Commit 6 on Sat Feb 14 13:03:50 UTC 2026
✅ Commit 7 on Sat Feb 14 13:03:50 UTC 2026
✅ Commit 8 on Sat Feb 14 13:03:51 UTC 2026
✅ Commit 9 on Sat Feb 14 13:03:51 UTC 2026
✅ Commit 10 on Sat Feb 14 13:03:51 UTC 2026
✅ Commit 11 on Sat Feb 14 13:03:51 UTC 2026
✅ Commit 12 on Sat Feb 14 13:03:51 UTC 2026
✅ Commit 1 on Sat Feb 14 18:17:43 UTC 2026
✅ Commit 2 on Sat Feb 14 18:17:43 UTC 2026
✅ Commit 3 on Sat Feb 14 18:17:43 UTC 2026
✅ Commit 4 on Sat Feb 14 18:17:43 UTC 2026
✅ Commit 5 on Sat Feb 14 18:17:43 UTC 2026
✅ Commit 6 on Sat Feb 14 18:17:44 UTC 2026
✅ Commit 7 on Sat Feb 14 18:17:44 UTC 2026
✅ Commit 8 on Sat Feb 14 18:17:44 UTC 2026
✅ Commit 9 on Sat Feb 14 18:17:44 UTC 2026
✅ Commit 10 on Sat Feb 14 18:17:44 UTC 2026
✅ Commit 11 on Sat Feb 14 18:17:44 UTC 2026
✅ Commit 12 on Sat Feb 14 18:17:44 UTC 2026
✅ Commit 1 on Sun Feb 15 02:56:44 UTC 2026
✅ Commit 2 on Sun Feb 15 02:56:44 UTC 2026
✅ Commit 3 on Sun Feb 15 02:56:44 UTC 2026
✅ Commit 4 on Sun Feb 15 02:56:44 UTC 2026
✅ Commit 5 on Sun Feb 15 02:56:44 UTC 2026
✅ Commit 6 on Sun Feb 15 02:56:44 UTC 2026
✅ Commit 7 on Sun Feb 15 02:56:44 UTC 2026
✅ Commit 8 on Sun Feb 15 02:56:44 UTC 2026
✅ Commit 9 on Sun Feb 15 02:56:44 UTC 2026
✅ Commit 10 on Sun Feb 15 02:56:44 UTC 2026
✅ Commit 11 on Sun Feb 15 02:56:44 UTC 2026
✅ Commit 12 on Sun Feb 15 02:56:44 UTC 2026
✅ Commit 1 on Sun Feb 15 06:54:34 UTC 2026
✅ Commit 2 on Sun Feb 15 06:54:34 UTC 2026
✅ Commit 3 on Sun Feb 15 06:54:34 UTC 2026
✅ Commit 4 on Sun Feb 15 06:54:34 UTC 2026
✅ Commit 5 on Sun Feb 15 06:54:34 UTC 2026
✅ Commit 6 on Sun Feb 15 06:54:34 UTC 2026
✅ Commit 7 on Sun Feb 15 06:54:34 UTC 2026
✅ Commit 8 on Sun Feb 15 06:54:34 UTC 2026
✅ Commit 9 on Sun Feb 15 06:54:34 UTC 2026
✅ Commit 10 on Sun Feb 15 06:54:34 UTC 2026
✅ Commit 11 on Sun Feb 15 06:54:34 UTC 2026
✅ Commit 12 on Sun Feb 15 06:54:34 UTC 2026
✅ Commit 1 on Sun Feb 15 13:05:52 UTC 2026
✅ Commit 2 on Sun Feb 15 13:05:52 UTC 2026
✅ Commit 3 on Sun Feb 15 13:05:52 UTC 2026
✅ Commit 4 on Sun Feb 15 13:05:52 UTC 2026
✅ Commit 5 on Sun Feb 15 13:05:52 UTC 2026
✅ Commit 6 on Sun Feb 15 13:05:52 UTC 2026
✅ Commit 7 on Sun Feb 15 13:05:53 UTC 2026
✅ Commit 8 on Sun Feb 15 13:05:53 UTC 2026
✅ Commit 9 on Sun Feb 15 13:05:53 UTC 2026
✅ Commit 10 on Sun Feb 15 13:05:53 UTC 2026
✅ Commit 11 on Sun Feb 15 13:05:53 UTC 2026
✅ Commit 12 on Sun Feb 15 13:05:53 UTC 2026
✅ Commit 1 on Sun Feb 15 18:18:47 UTC 2026
✅ Commit 2 on Sun Feb 15 18:18:47 UTC 2026
✅ Commit 3 on Sun Feb 15 18:18:47 UTC 2026
✅ Commit 4 on Sun Feb 15 18:18:47 UTC 2026
✅ Commit 5 on Sun Feb 15 18:18:47 UTC 2026
✅ Commit 6 on Sun Feb 15 18:18:47 UTC 2026
✅ Commit 7 on Sun Feb 15 18:18:47 UTC 2026
✅ Commit 8 on Sun Feb 15 18:18:47 UTC 2026
✅ Commit 9 on Sun Feb 15 18:18:47 UTC 2026
✅ Commit 10 on Sun Feb 15 18:18:47 UTC 2026
✅ Commit 11 on Sun Feb 15 18:18:47 UTC 2026
✅ Commit 12 on Sun Feb 15 18:18:47 UTC 2026
✅ Commit 1 on Mon Feb 16 02:51:58 UTC 2026
✅ Commit 2 on Mon Feb 16 02:51:58 UTC 2026
✅ Commit 3 on Mon Feb 16 02:51:58 UTC 2026
✅ Commit 4 on Mon Feb 16 02:51:58 UTC 2026
✅ Commit 5 on Mon Feb 16 02:51:58 UTC 2026
✅ Commit 6 on Mon Feb 16 02:51:58 UTC 2026
✅ Commit 7 on Mon Feb 16 02:51:58 UTC 2026
✅ Commit 8 on Mon Feb 16 02:51:58 UTC 2026
✅ Commit 9 on Mon Feb 16 02:51:58 UTC 2026
✅ Commit 10 on Mon Feb 16 02:51:58 UTC 2026
✅ Commit 11 on Mon Feb 16 02:51:58 UTC 2026
✅ Commit 12 on Mon Feb 16 02:51:58 UTC 2026
✅ Commit 1 on Mon Feb 16 07:05:29 UTC 2026
✅ Commit 2 on Mon Feb 16 07:05:29 UTC 2026
✅ Commit 3 on Mon Feb 16 07:05:29 UTC 2026
✅ Commit 4 on Mon Feb 16 07:05:29 UTC 2026
✅ Commit 5 on Mon Feb 16 07:05:29 UTC 2026
✅ Commit 6 on Mon Feb 16 07:05:29 UTC 2026
✅ Commit 7 on Mon Feb 16 07:05:29 UTC 2026
✅ Commit 8 on Mon Feb 16 07:05:29 UTC 2026
✅ Commit 9 on Mon Feb 16 07:05:29 UTC 2026
✅ Commit 10 on Mon Feb 16 07:05:29 UTC 2026
✅ Commit 11 on Mon Feb 16 07:05:29 UTC 2026
✅ Commit 12 on Mon Feb 16 07:05:29 UTC 2026
✅ Commit 1 on Mon Feb 16 13:19:03 UTC 2026
✅ Commit 2 on Mon Feb 16 13:19:03 UTC 2026
✅ Commit 3 on Mon Feb 16 13:19:03 UTC 2026
✅ Commit 4 on Mon Feb 16 13:19:03 UTC 2026
✅ Commit 5 on Mon Feb 16 13:19:03 UTC 2026
✅ Commit 6 on Mon Feb 16 13:19:03 UTC 2026
✅ Commit 7 on Mon Feb 16 13:19:03 UTC 2026
✅ Commit 8 on Mon Feb 16 13:19:03 UTC 2026
✅ Commit 9 on Mon Feb 16 13:19:03 UTC 2026
✅ Commit 10 on Mon Feb 16 13:19:03 UTC 2026
✅ Commit 11 on Mon Feb 16 13:19:04 UTC 2026
✅ Commit 12 on Mon Feb 16 13:19:04 UTC 2026
✅ Commit 1 on Mon Feb 16 18:26:53 UTC 2026
✅ Commit 2 on Mon Feb 16 18:26:53 UTC 2026
✅ Commit 3 on Mon Feb 16 18:26:53 UTC 2026
✅ Commit 4 on Mon Feb 16 18:26:53 UTC 2026
✅ Commit 5 on Mon Feb 16 18:26:53 UTC 2026
✅ Commit 6 on Mon Feb 16 18:26:53 UTC 2026
✅ Commit 7 on Mon Feb 16 18:26:53 UTC 2026
✅ Commit 8 on Mon Feb 16 18:26:53 UTC 2026
✅ Commit 9 on Mon Feb 16 18:26:53 UTC 2026
✅ Commit 10 on Mon Feb 16 18:26:53 UTC 2026
✅ Commit 11 on Mon Feb 16 18:26:53 UTC 2026
✅ Commit 12 on Mon Feb 16 18:26:53 UTC 2026
✅ Commit 1 on Tue Feb 17 02:48:29 UTC 2026
✅ Commit 2 on Tue Feb 17 02:48:29 UTC 2026
✅ Commit 3 on Tue Feb 17 02:48:29 UTC 2026
✅ Commit 4 on Tue Feb 17 02:48:29 UTC 2026
✅ Commit 5 on Tue Feb 17 02:48:29 UTC 2026
✅ Commit 6 on Tue Feb 17 02:48:29 UTC 2026
✅ Commit 7 on Tue Feb 17 02:48:29 UTC 2026
✅ Commit 8 on Tue Feb 17 02:48:29 UTC 2026
✅ Commit 9 on Tue Feb 17 02:48:29 UTC 2026
✅ Commit 10 on Tue Feb 17 02:48:29 UTC 2026
✅ Commit 11 on Tue Feb 17 02:48:29 UTC 2026
✅ Commit 12 on Tue Feb 17 02:48:29 UTC 2026
✅ Commit 1 on Tue Feb 17 07:01:33 UTC 2026
✅ Commit 2 on Tue Feb 17 07:01:33 UTC 2026
✅ Commit 3 on Tue Feb 17 07:01:33 UTC 2026
✅ Commit 4 on Tue Feb 17 07:01:33 UTC 2026
✅ Commit 5 on Tue Feb 17 07:01:33 UTC 2026
✅ Commit 6 on Tue Feb 17 07:01:33 UTC 2026
✅ Commit 7 on Tue Feb 17 07:01:33 UTC 2026
✅ Commit 8 on Tue Feb 17 07:01:33 UTC 2026
✅ Commit 9 on Tue Feb 17 07:01:33 UTC 2026
✅ Commit 10 on Tue Feb 17 07:01:33 UTC 2026
✅ Commit 11 on Tue Feb 17 07:01:33 UTC 2026
✅ Commit 12 on Tue Feb 17 07:01:33 UTC 2026
✅ Commit 1 on Tue Feb 17 13:19:19 UTC 2026
✅ Commit 2 on Tue Feb 17 13:19:19 UTC 2026
✅ Commit 3 on Tue Feb 17 13:19:19 UTC 2026
✅ Commit 4 on Tue Feb 17 13:19:19 UTC 2026
✅ Commit 5 on Tue Feb 17 13:19:19 UTC 2026
✅ Commit 6 on Tue Feb 17 13:19:19 UTC 2026
✅ Commit 7 on Tue Feb 17 13:19:19 UTC 2026
✅ Commit 8 on Tue Feb 17 13:19:19 UTC 2026
✅ Commit 9 on Tue Feb 17 13:19:19 UTC 2026
✅ Commit 10 on Tue Feb 17 13:19:19 UTC 2026
✅ Commit 11 on Tue Feb 17 13:19:19 UTC 2026
✅ Commit 12 on Tue Feb 17 13:19:19 UTC 2026
✅ Commit 1 on Tue Feb 17 18:39:59 UTC 2026
✅ Commit 2 on Tue Feb 17 18:39:59 UTC 2026
✅ Commit 3 on Tue Feb 17 18:39:59 UTC 2026
✅ Commit 4 on Tue Feb 17 18:39:59 UTC 2026
✅ Commit 5 on Tue Feb 17 18:39:59 UTC 2026
✅ Commit 6 on Tue Feb 17 18:39:59 UTC 2026
✅ Commit 7 on Tue Feb 17 18:39:59 UTC 2026
✅ Commit 8 on Tue Feb 17 18:39:59 UTC 2026
✅ Commit 9 on Tue Feb 17 18:39:59 UTC 2026
✅ Commit 10 on Tue Feb 17 18:39:59 UTC 2026
✅ Commit 11 on Tue Feb 17 18:39:59 UTC 2026
✅ Commit 12 on Tue Feb 17 18:39:59 UTC 2026
✅ Commit 1 on Wed Feb 18 02:51:37 UTC 2026
✅ Commit 2 on Wed Feb 18 02:51:37 UTC 2026
✅ Commit 3 on Wed Feb 18 02:51:37 UTC 2026
✅ Commit 4 on Wed Feb 18 02:51:38 UTC 2026
✅ Commit 5 on Wed Feb 18 02:51:38 UTC 2026
✅ Commit 6 on Wed Feb 18 02:51:38 UTC 2026
✅ Commit 7 on Wed Feb 18 02:51:38 UTC 2026
✅ Commit 8 on Wed Feb 18 02:51:38 UTC 2026
✅ Commit 9 on Wed Feb 18 02:51:38 UTC 2026
✅ Commit 10 on Wed Feb 18 02:51:38 UTC 2026
✅ Commit 11 on Wed Feb 18 02:51:38 UTC 2026
✅ Commit 12 on Wed Feb 18 02:51:38 UTC 2026
✅ Commit 1 on Wed Feb 18 07:03:58 UTC 2026
✅ Commit 2 on Wed Feb 18 07:03:58 UTC 2026
✅ Commit 3 on Wed Feb 18 07:03:58 UTC 2026
✅ Commit 4 on Wed Feb 18 07:03:58 UTC 2026
✅ Commit 5 on Wed Feb 18 07:03:58 UTC 2026
✅ Commit 6 on Wed Feb 18 07:03:58 UTC 2026
✅ Commit 7 on Wed Feb 18 07:03:58 UTC 2026
✅ Commit 8 on Wed Feb 18 07:03:58 UTC 2026
✅ Commit 9 on Wed Feb 18 07:03:58 UTC 2026
✅ Commit 10 on Wed Feb 18 07:03:58 UTC 2026
✅ Commit 11 on Wed Feb 18 07:03:58 UTC 2026
✅ Commit 12 on Wed Feb 18 07:03:58 UTC 2026
✅ Commit 1 on Wed Feb 18 13:21:04 UTC 2026
✅ Commit 2 on Wed Feb 18 13:21:04 UTC 2026
✅ Commit 3 on Wed Feb 18 13:21:04 UTC 2026
✅ Commit 4 on Wed Feb 18 13:21:04 UTC 2026
✅ Commit 5 on Wed Feb 18 13:21:04 UTC 2026
✅ Commit 6 on Wed Feb 18 13:21:04 UTC 2026
✅ Commit 7 on Wed Feb 18 13:21:04 UTC 2026
✅ Commit 8 on Wed Feb 18 13:21:04 UTC 2026
✅ Commit 9 on Wed Feb 18 13:21:04 UTC 2026
✅ Commit 10 on Wed Feb 18 13:21:04 UTC 2026
✅ Commit 11 on Wed Feb 18 13:21:04 UTC 2026
✅ Commit 12 on Wed Feb 18 13:21:04 UTC 2026
✅ Commit 1 on Wed Feb 18 18:35:36 UTC 2026
✅ Commit 2 on Wed Feb 18 18:35:36 UTC 2026
✅ Commit 3 on Wed Feb 18 18:35:36 UTC 2026
✅ Commit 4 on Wed Feb 18 18:35:36 UTC 2026
✅ Commit 5 on Wed Feb 18 18:35:36 UTC 2026
✅ Commit 6 on Wed Feb 18 18:35:36 UTC 2026
✅ Commit 7 on Wed Feb 18 18:35:36 UTC 2026
✅ Commit 8 on Wed Feb 18 18:35:36 UTC 2026
✅ Commit 9 on Wed Feb 18 18:35:36 UTC 2026
✅ Commit 10 on Wed Feb 18 18:35:37 UTC 2026
✅ Commit 11 on Wed Feb 18 18:35:37 UTC 2026
✅ Commit 12 on Wed Feb 18 18:35:37 UTC 2026
✅ Commit 1 on Thu Feb 19 02:50:40 UTC 2026
✅ Commit 2 on Thu Feb 19 02:50:40 UTC 2026
✅ Commit 3 on Thu Feb 19 02:50:40 UTC 2026
✅ Commit 4 on Thu Feb 19 02:50:40 UTC 2026
✅ Commit 5 on Thu Feb 19 02:50:40 UTC 2026
✅ Commit 6 on Thu Feb 19 02:50:40 UTC 2026
✅ Commit 7 on Thu Feb 19 02:50:40 UTC 2026
✅ Commit 8 on Thu Feb 19 02:50:40 UTC 2026
✅ Commit 9 on Thu Feb 19 02:50:40 UTC 2026
✅ Commit 10 on Thu Feb 19 02:50:40 UTC 2026
✅ Commit 11 on Thu Feb 19 02:50:40 UTC 2026
✅ Commit 12 on Thu Feb 19 02:50:40 UTC 2026
✅ Commit 1 on Thu Feb 19 07:02:41 UTC 2026
✅ Commit 2 on Thu Feb 19 07:02:41 UTC 2026
✅ Commit 3 on Thu Feb 19 07:02:41 UTC 2026
✅ Commit 4 on Thu Feb 19 07:02:41 UTC 2026
✅ Commit 5 on Thu Feb 19 07:02:41 UTC 2026
✅ Commit 6 on Thu Feb 19 07:02:41 UTC 2026
✅ Commit 7 on Thu Feb 19 07:02:41 UTC 2026
✅ Commit 8 on Thu Feb 19 07:02:41 UTC 2026
✅ Commit 9 on Thu Feb 19 07:02:41 UTC 2026
✅ Commit 10 on Thu Feb 19 07:02:41 UTC 2026
✅ Commit 11 on Thu Feb 19 07:02:41 UTC 2026
✅ Commit 12 on Thu Feb 19 07:02:41 UTC 2026
✅ Commit 1 on Thu Feb 19 13:22:26 UTC 2026
✅ Commit 2 on Thu Feb 19 13:22:26 UTC 2026
✅ Commit 3 on Thu Feb 19 13:22:26 UTC 2026
✅ Commit 4 on Thu Feb 19 13:22:26 UTC 2026
✅ Commit 5 on Thu Feb 19 13:22:26 UTC 2026
✅ Commit 6 on Thu Feb 19 13:22:26 UTC 2026
✅ Commit 7 on Thu Feb 19 13:22:26 UTC 2026
✅ Commit 8 on Thu Feb 19 13:22:26 UTC 2026
✅ Commit 9 on Thu Feb 19 13:22:26 UTC 2026
✅ Commit 10 on Thu Feb 19 13:22:26 UTC 2026
✅ Commit 11 on Thu Feb 19 13:22:26 UTC 2026
✅ Commit 12 on Thu Feb 19 13:22:26 UTC 2026
✅ Commit 1 on Thu Feb 19 18:36:44 UTC 2026
✅ Commit 2 on Thu Feb 19 18:36:44 UTC 2026
✅ Commit 3 on Thu Feb 19 18:36:44 UTC 2026
✅ Commit 4 on Thu Feb 19 18:36:44 UTC 2026
✅ Commit 5 on Thu Feb 19 18:36:44 UTC 2026
✅ Commit 6 on Thu Feb 19 18:36:44 UTC 2026
✅ Commit 7 on Thu Feb 19 18:36:44 UTC 2026
✅ Commit 8 on Thu Feb 19 18:36:44 UTC 2026
✅ Commit 9 on Thu Feb 19 18:36:44 UTC 2026
✅ Commit 10 on Thu Feb 19 18:36:44 UTC 2026
✅ Commit 11 on Thu Feb 19 18:36:44 UTC 2026
✅ Commit 12 on Thu Feb 19 18:36:44 UTC 2026
✅ Commit 1 on Fri Feb 20 02:45:30 UTC 2026
✅ Commit 2 on Fri Feb 20 02:45:30 UTC 2026
✅ Commit 3 on Fri Feb 20 02:45:30 UTC 2026
✅ Commit 4 on Fri Feb 20 02:45:30 UTC 2026
✅ Commit 5 on Fri Feb 20 02:45:30 UTC 2026
✅ Commit 6 on Fri Feb 20 02:45:30 UTC 2026
✅ Commit 7 on Fri Feb 20 02:45:30 UTC 2026
✅ Commit 8 on Fri Feb 20 02:45:30 UTC 2026
✅ Commit 9 on Fri Feb 20 02:45:30 UTC 2026
✅ Commit 10 on Fri Feb 20 02:45:30 UTC 2026
✅ Commit 11 on Fri Feb 20 02:45:30 UTC 2026
✅ Commit 12 on Fri Feb 20 02:45:30 UTC 2026
✅ Commit 1 on Fri Feb 20 06:59:24 UTC 2026
✅ Commit 2 on Fri Feb 20 06:59:24 UTC 2026
✅ Commit 3 on Fri Feb 20 06:59:24 UTC 2026
✅ Commit 4 on Fri Feb 20 06:59:24 UTC 2026
✅ Commit 5 on Fri Feb 20 06:59:24 UTC 2026
✅ Commit 6 on Fri Feb 20 06:59:24 UTC 2026
✅ Commit 7 on Fri Feb 20 06:59:25 UTC 2026
✅ Commit 8 on Fri Feb 20 06:59:25 UTC 2026
✅ Commit 9 on Fri Feb 20 06:59:25 UTC 2026
✅ Commit 10 on Fri Feb 20 06:59:25 UTC 2026
✅ Commit 11 on Fri Feb 20 06:59:25 UTC 2026
✅ Commit 12 on Fri Feb 20 06:59:25 UTC 2026
✅ Commit 1 on Fri Feb 20 13:13:26 UTC 2026
✅ Commit 2 on Fri Feb 20 13:13:26 UTC 2026
✅ Commit 3 on Fri Feb 20 13:13:26 UTC 2026
✅ Commit 4 on Fri Feb 20 13:13:26 UTC 2026
✅ Commit 5 on Fri Feb 20 13:13:26 UTC 2026
✅ Commit 6 on Fri Feb 20 13:13:26 UTC 2026
✅ Commit 7 on Fri Feb 20 13:13:26 UTC 2026
✅ Commit 8 on Fri Feb 20 13:13:26 UTC 2026
✅ Commit 9 on Fri Feb 20 13:13:26 UTC 2026
✅ Commit 10 on Fri Feb 20 13:13:26 UTC 2026
✅ Commit 11 on Fri Feb 20 13:13:26 UTC 2026
✅ Commit 12 on Fri Feb 20 13:13:26 UTC 2026
✅ Commit 1 on Fri Feb 20 18:29:54 UTC 2026
✅ Commit 2 on Fri Feb 20 18:29:54 UTC 2026
✅ Commit 3 on Fri Feb 20 18:29:54 UTC 2026
✅ Commit 4 on Fri Feb 20 18:29:54 UTC 2026
✅ Commit 5 on Fri Feb 20 18:29:54 UTC 2026
✅ Commit 6 on Fri Feb 20 18:29:54 UTC 2026
✅ Commit 7 on Fri Feb 20 18:29:54 UTC 2026
✅ Commit 8 on Fri Feb 20 18:29:54 UTC 2026
✅ Commit 9 on Fri Feb 20 18:29:54 UTC 2026
✅ Commit 10 on Fri Feb 20 18:29:54 UTC 2026
✅ Commit 11 on Fri Feb 20 18:29:54 UTC 2026
✅ Commit 12 on Fri Feb 20 18:29:54 UTC 2026
✅ Commit 1 on Sat Feb 21 02:39:26 UTC 2026
✅ Commit 2 on Sat Feb 21 02:39:26 UTC 2026
✅ Commit 3 on Sat Feb 21 02:39:26 UTC 2026
✅ Commit 4 on Sat Feb 21 02:39:26 UTC 2026
✅ Commit 5 on Sat Feb 21 02:39:26 UTC 2026
✅ Commit 6 on Sat Feb 21 02:39:26 UTC 2026
✅ Commit 7 on Sat Feb 21 02:39:26 UTC 2026
✅ Commit 8 on Sat Feb 21 02:39:26 UTC 2026
✅ Commit 9 on Sat Feb 21 02:39:26 UTC 2026
✅ Commit 10 on Sat Feb 21 02:39:26 UTC 2026
✅ Commit 11 on Sat Feb 21 02:39:26 UTC 2026
✅ Commit 12 on Sat Feb 21 02:39:26 UTC 2026
✅ Commit 1 on Sat Feb 21 06:45:24 UTC 2026
✅ Commit 2 on Sat Feb 21 06:45:24 UTC 2026
✅ Commit 3 on Sat Feb 21 06:45:24 UTC 2026
✅ Commit 4 on Sat Feb 21 06:45:24 UTC 2026
✅ Commit 5 on Sat Feb 21 06:45:24 UTC 2026
✅ Commit 6 on Sat Feb 21 06:45:24 UTC 2026
✅ Commit 7 on Sat Feb 21 06:45:24 UTC 2026
✅ Commit 8 on Sat Feb 21 06:45:24 UTC 2026
✅ Commit 9 on Sat Feb 21 06:45:24 UTC 2026
✅ Commit 10 on Sat Feb 21 06:45:24 UTC 2026
✅ Commit 11 on Sat Feb 21 06:45:24 UTC 2026
✅ Commit 12 on Sat Feb 21 06:45:24 UTC 2026
✅ Commit 1 on Sat Feb 21 13:02:54 UTC 2026
✅ Commit 2 on Sat Feb 21 13:02:54 UTC 2026
✅ Commit 3 on Sat Feb 21 13:02:54 UTC 2026
✅ Commit 4 on Sat Feb 21 13:02:54 UTC 2026
✅ Commit 5 on Sat Feb 21 13:02:54 UTC 2026
✅ Commit 6 on Sat Feb 21 13:02:54 UTC 2026
✅ Commit 7 on Sat Feb 21 13:02:54 UTC 2026
✅ Commit 8 on Sat Feb 21 13:02:54 UTC 2026
✅ Commit 9 on Sat Feb 21 13:02:54 UTC 2026
✅ Commit 10 on Sat Feb 21 13:02:55 UTC 2026
✅ Commit 11 on Sat Feb 21 13:02:55 UTC 2026
✅ Commit 12 on Sat Feb 21 13:02:55 UTC 2026
✅ Commit 1 on Sat Feb 21 18:17:37 UTC 2026
✅ Commit 2 on Sat Feb 21 18:17:37 UTC 2026
✅ Commit 3 on Sat Feb 21 18:17:37 UTC 2026
✅ Commit 4 on Sat Feb 21 18:17:37 UTC 2026
✅ Commit 5 on Sat Feb 21 18:17:37 UTC 2026
✅ Commit 6 on Sat Feb 21 18:17:38 UTC 2026
✅ Commit 7 on Sat Feb 21 18:17:38 UTC 2026
✅ Commit 8 on Sat Feb 21 18:17:38 UTC 2026
✅ Commit 9 on Sat Feb 21 18:17:38 UTC 2026
✅ Commit 10 on Sat Feb 21 18:17:38 UTC 2026
✅ Commit 11 on Sat Feb 21 18:17:38 UTC 2026
✅ Commit 12 on Sat Feb 21 18:17:38 UTC 2026
✅ Commit 1 on Sun Feb 22 02:52:06 UTC 2026
✅ Commit 2 on Sun Feb 22 02:52:06 UTC 2026
✅ Commit 3 on Sun Feb 22 02:52:06 UTC 2026
✅ Commit 4 on Sun Feb 22 02:52:06 UTC 2026
✅ Commit 5 on Sun Feb 22 02:52:06 UTC 2026
✅ Commit 6 on Sun Feb 22 02:52:06 UTC 2026
✅ Commit 7 on Sun Feb 22 02:52:06 UTC 2026
✅ Commit 8 on Sun Feb 22 02:52:06 UTC 2026
✅ Commit 9 on Sun Feb 22 02:52:06 UTC 2026
✅ Commit 10 on Sun Feb 22 02:52:07 UTC 2026
✅ Commit 11 on Sun Feb 22 02:52:07 UTC 2026
✅ Commit 12 on Sun Feb 22 02:52:07 UTC 2026
✅ Commit 1 on Sun Feb 22 06:51:54 UTC 2026
✅ Commit 2 on Sun Feb 22 06:51:54 UTC 2026
✅ Commit 3 on Sun Feb 22 06:51:54 UTC 2026
✅ Commit 4 on Sun Feb 22 06:51:54 UTC 2026
✅ Commit 5 on Sun Feb 22 06:51:54 UTC 2026
✅ Commit 6 on Sun Feb 22 06:51:54 UTC 2026
✅ Commit 7 on Sun Feb 22 06:51:54 UTC 2026
✅ Commit 8 on Sun Feb 22 06:51:54 UTC 2026
✅ Commit 9 on Sun Feb 22 06:51:54 UTC 2026
✅ Commit 10 on Sun Feb 22 06:51:54 UTC 2026
✅ Commit 11 on Sun Feb 22 06:51:54 UTC 2026
✅ Commit 12 on Sun Feb 22 06:51:54 UTC 2026
✅ Commit 1 on Sun Feb 22 13:04:36 UTC 2026
✅ Commit 2 on Sun Feb 22 13:04:36 UTC 2026
✅ Commit 3 on Sun Feb 22 13:04:36 UTC 2026
✅ Commit 4 on Sun Feb 22 13:04:36 UTC 2026
✅ Commit 5 on Sun Feb 22 13:04:36 UTC 2026
✅ Commit 6 on Sun Feb 22 13:04:36 UTC 2026
✅ Commit 7 on Sun Feb 22 13:04:36 UTC 2026
✅ Commit 8 on Sun Feb 22 13:04:36 UTC 2026
✅ Commit 9 on Sun Feb 22 13:04:36 UTC 2026
✅ Commit 10 on Sun Feb 22 13:04:36 UTC 2026
✅ Commit 11 on Sun Feb 22 13:04:36 UTC 2026
✅ Commit 12 on Sun Feb 22 13:04:36 UTC 2026
✅ Commit 1 on Sun Feb 22 18:18:32 UTC 2026
✅ Commit 2 on Sun Feb 22 18:18:32 UTC 2026
✅ Commit 3 on Sun Feb 22 18:18:32 UTC 2026
✅ Commit 4 on Sun Feb 22 18:18:32 UTC 2026
✅ Commit 5 on Sun Feb 22 18:18:32 UTC 2026
✅ Commit 6 on Sun Feb 22 18:18:32 UTC 2026
✅ Commit 7 on Sun Feb 22 18:18:32 UTC 2026
✅ Commit 8 on Sun Feb 22 18:18:32 UTC 2026
✅ Commit 9 on Sun Feb 22 18:18:32 UTC 2026
✅ Commit 10 on Sun Feb 22 18:18:32 UTC 2026
✅ Commit 11 on Sun Feb 22 18:18:32 UTC 2026
✅ Commit 12 on Sun Feb 22 18:18:32 UTC 2026
✅ Commit 1 on Mon Feb 23 02:52:07 UTC 2026
✅ Commit 2 on Mon Feb 23 02:52:07 UTC 2026
✅ Commit 3 on Mon Feb 23 02:52:07 UTC 2026
✅ Commit 4 on Mon Feb 23 02:52:07 UTC 2026
✅ Commit 5 on Mon Feb 23 02:52:07 UTC 2026
✅ Commit 6 on Mon Feb 23 02:52:07 UTC 2026
✅ Commit 7 on Mon Feb 23 02:52:07 UTC 2026
✅ Commit 8 on Mon Feb 23 02:52:07 UTC 2026
✅ Commit 9 on Mon Feb 23 02:52:07 UTC 2026
✅ Commit 10 on Mon Feb 23 02:52:07 UTC 2026
✅ Commit 11 on Mon Feb 23 02:52:07 UTC 2026
✅ Commit 12 on Mon Feb 23 02:52:07 UTC 2026
✅ Commit 1 on Mon Feb 23 07:06:52 UTC 2026
✅ Commit 2 on Mon Feb 23 07:06:52 UTC 2026
✅ Commit 3 on Mon Feb 23 07:06:52 UTC 2026
✅ Commit 4 on Mon Feb 23 07:06:52 UTC 2026
✅ Commit 5 on Mon Feb 23 07:06:52 UTC 2026
✅ Commit 6 on Mon Feb 23 07:06:52 UTC 2026
✅ Commit 7 on Mon Feb 23 07:06:52 UTC 2026
✅ Commit 8 on Mon Feb 23 07:06:52 UTC 2026
✅ Commit 9 on Mon Feb 23 07:06:52 UTC 2026
✅ Commit 10 on Mon Feb 23 07:06:52 UTC 2026
✅ Commit 11 on Mon Feb 23 07:06:52 UTC 2026
✅ Commit 12 on Mon Feb 23 07:06:52 UTC 2026
✅ Commit 1 on Mon Feb 23 13:20:37 UTC 2026
✅ Commit 2 on Mon Feb 23 13:20:37 UTC 2026
✅ Commit 3 on Mon Feb 23 13:20:37 UTC 2026
✅ Commit 4 on Mon Feb 23 13:20:37 UTC 2026
✅ Commit 5 on Mon Feb 23 13:20:37 UTC 2026
✅ Commit 6 on Mon Feb 23 13:20:37 UTC 2026
✅ Commit 7 on Mon Feb 23 13:20:37 UTC 2026
✅ Commit 8 on Mon Feb 23 13:20:37 UTC 2026
✅ Commit 9 on Mon Feb 23 13:20:37 UTC 2026
✅ Commit 10 on Mon Feb 23 13:20:37 UTC 2026
✅ Commit 11 on Mon Feb 23 13:20:37 UTC 2026
✅ Commit 12 on Mon Feb 23 13:20:37 UTC 2026
✅ Commit 1 on Mon Feb 23 18:45:23 UTC 2026
✅ Commit 2 on Mon Feb 23 18:45:23 UTC 2026
✅ Commit 3 on Mon Feb 23 18:45:23 UTC 2026
✅ Commit 4 on Mon Feb 23 18:45:23 UTC 2026
✅ Commit 5 on Mon Feb 23 18:45:23 UTC 2026
✅ Commit 6 on Mon Feb 23 18:45:23 UTC 2026
✅ Commit 7 on Mon Feb 23 18:45:23 UTC 2026
✅ Commit 8 on Mon Feb 23 18:45:23 UTC 2026
✅ Commit 9 on Mon Feb 23 18:45:23 UTC 2026
✅ Commit 10 on Mon Feb 23 18:45:23 UTC 2026
✅ Commit 11 on Mon Feb 23 18:45:23 UTC 2026
✅ Commit 12 on Mon Feb 23 18:45:23 UTC 2026
✅ Commit 1 on Tue Feb 24 02:49:16 UTC 2026
✅ Commit 2 on Tue Feb 24 02:49:16 UTC 2026
✅ Commit 3 on Tue Feb 24 02:49:16 UTC 2026
✅ Commit 4 on Tue Feb 24 02:49:16 UTC 2026
✅ Commit 5 on Tue Feb 24 02:49:16 UTC 2026
✅ Commit 6 on Tue Feb 24 02:49:16 UTC 2026
✅ Commit 7 on Tue Feb 24 02:49:16 UTC 2026
✅ Commit 8 on Tue Feb 24 02:49:16 UTC 2026
✅ Commit 9 on Tue Feb 24 02:49:16 UTC 2026
✅ Commit 10 on Tue Feb 24 02:49:16 UTC 2026
✅ Commit 11 on Tue Feb 24 02:49:16 UTC 2026
✅ Commit 12 on Tue Feb 24 02:49:16 UTC 2026
✅ Commit 1 on Tue Feb 24 07:02:37 UTC 2026
✅ Commit 2 on Tue Feb 24 07:02:37 UTC 2026
✅ Commit 3 on Tue Feb 24 07:02:37 UTC 2026
✅ Commit 4 on Tue Feb 24 07:02:37 UTC 2026
✅ Commit 5 on Tue Feb 24 07:02:37 UTC 2026
✅ Commit 6 on Tue Feb 24 07:02:37 UTC 2026
✅ Commit 7 on Tue Feb 24 07:02:37 UTC 2026
✅ Commit 8 on Tue Feb 24 07:02:37 UTC 2026
✅ Commit 9 on Tue Feb 24 07:02:37 UTC 2026
✅ Commit 10 on Tue Feb 24 07:02:37 UTC 2026
✅ Commit 11 on Tue Feb 24 07:02:37 UTC 2026
✅ Commit 12 on Tue Feb 24 07:02:37 UTC 2026
✅ Commit 1 on Tue Feb 24 13:22:13 UTC 2026
✅ Commit 2 on Tue Feb 24 13:22:13 UTC 2026
✅ Commit 3 on Tue Feb 24 13:22:13 UTC 2026
✅ Commit 4 on Tue Feb 24 13:22:13 UTC 2026
✅ Commit 5 on Tue Feb 24 13:22:13 UTC 2026
✅ Commit 6 on Tue Feb 24 13:22:13 UTC 2026
✅ Commit 7 on Tue Feb 24 13:22:13 UTC 2026
✅ Commit 8 on Tue Feb 24 13:22:13 UTC 2026
✅ Commit 9 on Tue Feb 24 13:22:13 UTC 2026
✅ Commit 10 on Tue Feb 24 13:22:13 UTC 2026
✅ Commit 11 on Tue Feb 24 13:22:13 UTC 2026
✅ Commit 12 on Tue Feb 24 13:22:13 UTC 2026
✅ Commit 1 on Tue Feb 24 18:43:40 UTC 2026
✅ Commit 2 on Tue Feb 24 18:43:40 UTC 2026
✅ Commit 3 on Tue Feb 24 18:43:40 UTC 2026
✅ Commit 4 on Tue Feb 24 18:43:40 UTC 2026
✅ Commit 5 on Tue Feb 24 18:43:40 UTC 2026
✅ Commit 6 on Tue Feb 24 18:43:40 UTC 2026
✅ Commit 7 on Tue Feb 24 18:43:40 UTC 2026
✅ Commit 8 on Tue Feb 24 18:43:40 UTC 2026
✅ Commit 9 on Tue Feb 24 18:43:40 UTC 2026
✅ Commit 10 on Tue Feb 24 18:43:40 UTC 2026
✅ Commit 11 on Tue Feb 24 18:43:40 UTC 2026
✅ Commit 12 on Tue Feb 24 18:43:40 UTC 2026
✅ Commit 1 on Wed Feb 25 02:50:32 UTC 2026
✅ Commit 2 on Wed Feb 25 02:50:32 UTC 2026
✅ Commit 3 on Wed Feb 25 02:50:32 UTC 2026
✅ Commit 4 on Wed Feb 25 02:50:32 UTC 2026
✅ Commit 5 on Wed Feb 25 02:50:32 UTC 2026
✅ Commit 6 on Wed Feb 25 02:50:32 UTC 2026
✅ Commit 7 on Wed Feb 25 02:50:32 UTC 2026
✅ Commit 8 on Wed Feb 25 02:50:32 UTC 2026
✅ Commit 9 on Wed Feb 25 02:50:32 UTC 2026
✅ Commit 10 on Wed Feb 25 02:50:32 UTC 2026
✅ Commit 11 on Wed Feb 25 02:50:32 UTC 2026
✅ Commit 12 on Wed Feb 25 02:50:32 UTC 2026
✅ Commit 1 on Wed Feb 25 07:04:14 UTC 2026
✅ Commit 2 on Wed Feb 25 07:04:14 UTC 2026
✅ Commit 3 on Wed Feb 25 07:04:14 UTC 2026
✅ Commit 4 on Wed Feb 25 07:04:14 UTC 2026
✅ Commit 5 on Wed Feb 25 07:04:14 UTC 2026
✅ Commit 6 on Wed Feb 25 07:04:14 UTC 2026
✅ Commit 7 on Wed Feb 25 07:04:14 UTC 2026
✅ Commit 8 on Wed Feb 25 07:04:14 UTC 2026
✅ Commit 9 on Wed Feb 25 07:04:14 UTC 2026
✅ Commit 10 on Wed Feb 25 07:04:14 UTC 2026
✅ Commit 11 on Wed Feb 25 07:04:14 UTC 2026
✅ Commit 12 on Wed Feb 25 07:04:14 UTC 2026
✅ Commit 1 on Wed Feb 25 13:21:32 UTC 2026
✅ Commit 2 on Wed Feb 25 13:21:32 UTC 2026
✅ Commit 3 on Wed Feb 25 13:21:32 UTC 2026
✅ Commit 4 on Wed Feb 25 13:21:32 UTC 2026
✅ Commit 5 on Wed Feb 25 13:21:32 UTC 2026
✅ Commit 6 on Wed Feb 25 13:21:32 UTC 2026
✅ Commit 7 on Wed Feb 25 13:21:32 UTC 2026
✅ Commit 8 on Wed Feb 25 13:21:32 UTC 2026
✅ Commit 9 on Wed Feb 25 13:21:32 UTC 2026
✅ Commit 10 on Wed Feb 25 13:21:32 UTC 2026
✅ Commit 11 on Wed Feb 25 13:21:32 UTC 2026
✅ Commit 12 on Wed Feb 25 13:21:32 UTC 2026
✅ Commit 1 on Wed Feb 25 18:48:00 UTC 2026
✅ Commit 2 on Wed Feb 25 18:48:00 UTC 2026
✅ Commit 3 on Wed Feb 25 18:48:00 UTC 2026
✅ Commit 4 on Wed Feb 25 18:48:00 UTC 2026
✅ Commit 5 on Wed Feb 25 18:48:00 UTC 2026
✅ Commit 6 on Wed Feb 25 18:48:00 UTC 2026
✅ Commit 7 on Wed Feb 25 18:48:00 UTC 2026
✅ Commit 8 on Wed Feb 25 18:48:00 UTC 2026
✅ Commit 9 on Wed Feb 25 18:48:00 UTC 2026
✅ Commit 10 on Wed Feb 25 18:48:00 UTC 2026
✅ Commit 11 on Wed Feb 25 18:48:00 UTC 2026
✅ Commit 12 on Wed Feb 25 18:48:00 UTC 2026
✅ Commit 1 on Thu Feb 26 02:45:27 UTC 2026
✅ Commit 2 on Thu Feb 26 02:45:27 UTC 2026
✅ Commit 3 on Thu Feb 26 02:45:27 UTC 2026
✅ Commit 4 on Thu Feb 26 02:45:27 UTC 2026
✅ Commit 5 on Thu Feb 26 02:45:27 UTC 2026
✅ Commit 6 on Thu Feb 26 02:45:27 UTC 2026
✅ Commit 7 on Thu Feb 26 02:45:27 UTC 2026
✅ Commit 8 on Thu Feb 26 02:45:27 UTC 2026
✅ Commit 9 on Thu Feb 26 02:45:27 UTC 2026
✅ Commit 10 on Thu Feb 26 02:45:27 UTC 2026
✅ Commit 11 on Thu Feb 26 02:45:27 UTC 2026
✅ Commit 12 on Thu Feb 26 02:45:27 UTC 2026
✅ Commit 1 on Thu Feb 26 07:02:52 UTC 2026
✅ Commit 2 on Thu Feb 26 07:02:52 UTC 2026
✅ Commit 3 on Thu Feb 26 07:02:52 UTC 2026
✅ Commit 4 on Thu Feb 26 07:02:52 UTC 2026
✅ Commit 5 on Thu Feb 26 07:02:52 UTC 2026
✅ Commit 6 on Thu Feb 26 07:02:52 UTC 2026
✅ Commit 7 on Thu Feb 26 07:02:52 UTC 2026
✅ Commit 8 on Thu Feb 26 07:02:52 UTC 2026
✅ Commit 9 on Thu Feb 26 07:02:52 UTC 2026
✅ Commit 10 on Thu Feb 26 07:02:52 UTC 2026
✅ Commit 11 on Thu Feb 26 07:02:52 UTC 2026
✅ Commit 12 on Thu Feb 26 07:02:52 UTC 2026
✅ Commit 1 on Thu Feb 26 13:22:24 UTC 2026
✅ Commit 2 on Thu Feb 26 13:22:24 UTC 2026
✅ Commit 3 on Thu Feb 26 13:22:24 UTC 2026
✅ Commit 4 on Thu Feb 26 13:22:24 UTC 2026
✅ Commit 5 on Thu Feb 26 13:22:24 UTC 2026
✅ Commit 6 on Thu Feb 26 13:22:24 UTC 2026
✅ Commit 7 on Thu Feb 26 13:22:24 UTC 2026
✅ Commit 8 on Thu Feb 26 13:22:24 UTC 2026
✅ Commit 9 on Thu Feb 26 13:22:24 UTC 2026
✅ Commit 10 on Thu Feb 26 13:22:24 UTC 2026
✅ Commit 11 on Thu Feb 26 13:22:24 UTC 2026
✅ Commit 12 on Thu Feb 26 13:22:24 UTC 2026
✅ Commit 1 on Thu Feb 26 18:35:30 UTC 2026
✅ Commit 2 on Thu Feb 26 18:35:30 UTC 2026
✅ Commit 3 on Thu Feb 26 18:35:30 UTC 2026
✅ Commit 4 on Thu Feb 26 18:35:30 UTC 2026
✅ Commit 5 on Thu Feb 26 18:35:30 UTC 2026
✅ Commit 6 on Thu Feb 26 18:35:31 UTC 2026
✅ Commit 7 on Thu Feb 26 18:35:31 UTC 2026
✅ Commit 8 on Thu Feb 26 18:35:31 UTC 2026
✅ Commit 9 on Thu Feb 26 18:35:31 UTC 2026
✅ Commit 10 on Thu Feb 26 18:35:31 UTC 2026
✅ Commit 11 on Thu Feb 26 18:35:31 UTC 2026
✅ Commit 12 on Thu Feb 26 18:35:31 UTC 2026
✅ Commit 1 on Fri Feb 27 02:43:48 UTC 2026
✅ Commit 2 on Fri Feb 27 02:43:48 UTC 2026
✅ Commit 3 on Fri Feb 27 02:43:48 UTC 2026
✅ Commit 4 on Fri Feb 27 02:43:48 UTC 2026
✅ Commit 5 on Fri Feb 27 02:43:48 UTC 2026
✅ Commit 6 on Fri Feb 27 02:43:48 UTC 2026
✅ Commit 7 on Fri Feb 27 02:43:48 UTC 2026
✅ Commit 8 on Fri Feb 27 02:43:48 UTC 2026
✅ Commit 9 on Fri Feb 27 02:43:48 UTC 2026
✅ Commit 10 on Fri Feb 27 02:43:48 UTC 2026
✅ Commit 11 on Fri Feb 27 02:43:48 UTC 2026
✅ Commit 12 on Fri Feb 27 02:43:48 UTC 2026
✅ Commit 1 on Fri Feb 27 06:57:30 UTC 2026
✅ Commit 2 on Fri Feb 27 06:57:30 UTC 2026
✅ Commit 3 on Fri Feb 27 06:57:30 UTC 2026
✅ Commit 4 on Fri Feb 27 06:57:30 UTC 2026
✅ Commit 5 on Fri Feb 27 06:57:30 UTC 2026
✅ Commit 6 on Fri Feb 27 06:57:30 UTC 2026
✅ Commit 7 on Fri Feb 27 06:57:30 UTC 2026
✅ Commit 8 on Fri Feb 27 06:57:30 UTC 2026
✅ Commit 9 on Fri Feb 27 06:57:30 UTC 2026
✅ Commit 10 on Fri Feb 27 06:57:30 UTC 2026
✅ Commit 11 on Fri Feb 27 06:57:31 UTC 2026
✅ Commit 12 on Fri Feb 27 06:57:31 UTC 2026
✅ Commit 1 on Fri Feb 27 13:13:35 UTC 2026
✅ Commit 2 on Fri Feb 27 13:13:35 UTC 2026
✅ Commit 3 on Fri Feb 27 13:13:35 UTC 2026
✅ Commit 4 on Fri Feb 27 13:13:35 UTC 2026
✅ Commit 5 on Fri Feb 27 13:13:35 UTC 2026
✅ Commit 6 on Fri Feb 27 13:13:36 UTC 2026
✅ Commit 7 on Fri Feb 27 13:13:36 UTC 2026
✅ Commit 8 on Fri Feb 27 13:13:36 UTC 2026
✅ Commit 9 on Fri Feb 27 13:13:36 UTC 2026
✅ Commit 10 on Fri Feb 27 13:13:36 UTC 2026
✅ Commit 11 on Fri Feb 27 13:13:36 UTC 2026
✅ Commit 12 on Fri Feb 27 13:13:36 UTC 2026
✅ Commit 1 on Fri Feb 27 18:24:39 UTC 2026
✅ Commit 2 on Fri Feb 27 18:24:39 UTC 2026
✅ Commit 3 on Fri Feb 27 18:24:39 UTC 2026
✅ Commit 4 on Fri Feb 27 18:24:39 UTC 2026
✅ Commit 5 on Fri Feb 27 18:24:39 UTC 2026
✅ Commit 6 on Fri Feb 27 18:24:39 UTC 2026
✅ Commit 7 on Fri Feb 27 18:24:39 UTC 2026
✅ Commit 8 on Fri Feb 27 18:24:39 UTC 2026
✅ Commit 9 on Fri Feb 27 18:24:39 UTC 2026
✅ Commit 10 on Fri Feb 27 18:24:39 UTC 2026
✅ Commit 11 on Fri Feb 27 18:24:39 UTC 2026
✅ Commit 12 on Fri Feb 27 18:24:39 UTC 2026
✅ Commit 1 on Sat Feb 28 02:32:31 UTC 2026
✅ Commit 2 on Sat Feb 28 02:32:31 UTC 2026
✅ Commit 3 on Sat Feb 28 02:32:31 UTC 2026
✅ Commit 4 on Sat Feb 28 02:32:31 UTC 2026
✅ Commit 5 on Sat Feb 28 02:32:31 UTC 2026
✅ Commit 6 on Sat Feb 28 02:32:31 UTC 2026
✅ Commit 7 on Sat Feb 28 02:32:31 UTC 2026
✅ Commit 8 on Sat Feb 28 02:32:31 UTC 2026
✅ Commit 9 on Sat Feb 28 02:32:31 UTC 2026
✅ Commit 10 on Sat Feb 28 02:32:31 UTC 2026
✅ Commit 11 on Sat Feb 28 02:32:31 UTC 2026
✅ Commit 12 on Sat Feb 28 02:32:31 UTC 2026
✅ Commit 1 on Sat Feb 28 06:41:05 UTC 2026
✅ Commit 2 on Sat Feb 28 06:41:05 UTC 2026
✅ Commit 3 on Sat Feb 28 06:41:05 UTC 2026
✅ Commit 4 on Sat Feb 28 06:41:05 UTC 2026
✅ Commit 5 on Sat Feb 28 06:41:05 UTC 2026
✅ Commit 6 on Sat Feb 28 06:41:06 UTC 2026
✅ Commit 7 on Sat Feb 28 06:41:06 UTC 2026
✅ Commit 8 on Sat Feb 28 06:41:06 UTC 2026
✅ Commit 9 on Sat Feb 28 06:41:06 UTC 2026
✅ Commit 10 on Sat Feb 28 06:41:06 UTC 2026
✅ Commit 11 on Sat Feb 28 06:41:06 UTC 2026
✅ Commit 12 on Sat Feb 28 06:41:06 UTC 2026
✅ Commit 1 on Sat Feb 28 12:59:11 UTC 2026
✅ Commit 2 on Sat Feb 28 12:59:11 UTC 2026
✅ Commit 3 on Sat Feb 28 12:59:11 UTC 2026
✅ Commit 4 on Sat Feb 28 12:59:11 UTC 2026
✅ Commit 5 on Sat Feb 28 12:59:11 UTC 2026
✅ Commit 6 on Sat Feb 28 12:59:11 UTC 2026
✅ Commit 7 on Sat Feb 28 12:59:11 UTC 2026
✅ Commit 8 on Sat Feb 28 12:59:11 UTC 2026
✅ Commit 9 on Sat Feb 28 12:59:11 UTC 2026
✅ Commit 10 on Sat Feb 28 12:59:11 UTC 2026
✅ Commit 11 on Sat Feb 28 12:59:11 UTC 2026
✅ Commit 12 on Sat Feb 28 12:59:11 UTC 2026
✅ Commit 1 on Sat Feb 28 18:16:09 UTC 2026
✅ Commit 2 on Sat Feb 28 18:16:09 UTC 2026
✅ Commit 3 on Sat Feb 28 18:16:09 UTC 2026
✅ Commit 4 on Sat Feb 28 18:16:09 UTC 2026
✅ Commit 5 on Sat Feb 28 18:16:09 UTC 2026
✅ Commit 6 on Sat Feb 28 18:16:09 UTC 2026
✅ Commit 7 on Sat Feb 28 18:16:09 UTC 2026
✅ Commit 8 on Sat Feb 28 18:16:09 UTC 2026
✅ Commit 9 on Sat Feb 28 18:16:09 UTC 2026
✅ Commit 10 on Sat Feb 28 18:16:09 UTC 2026
✅ Commit 11 on Sat Feb 28 18:16:09 UTC 2026
✅ Commit 12 on Sat Feb 28 18:16:09 UTC 2026
✅ Commit 1 on Sun Mar  1 03:15:52 UTC 2026
✅ Commit 2 on Sun Mar  1 03:15:52 UTC 2026
✅ Commit 3 on Sun Mar  1 03:15:52 UTC 2026
✅ Commit 4 on Sun Mar  1 03:15:52 UTC 2026
✅ Commit 5 on Sun Mar  1 03:15:52 UTC 2026
✅ Commit 6 on Sun Mar  1 03:15:52 UTC 2026
✅ Commit 7 on Sun Mar  1 03:15:52 UTC 2026
✅ Commit 8 on Sun Mar  1 03:15:52 UTC 2026
✅ Commit 9 on Sun Mar  1 03:15:52 UTC 2026
✅ Commit 10 on Sun Mar  1 03:15:52 UTC 2026
✅ Commit 11 on Sun Mar  1 03:15:52 UTC 2026
✅ Commit 12 on Sun Mar  1 03:15:52 UTC 2026
✅ Commit 1 on Sun Mar  1 06:50:47 UTC 2026
✅ Commit 2 on Sun Mar  1 06:50:47 UTC 2026
✅ Commit 3 on Sun Mar  1 06:50:47 UTC 2026
✅ Commit 4 on Sun Mar  1 06:50:47 UTC 2026
✅ Commit 5 on Sun Mar  1 06:50:47 UTC 2026
✅ Commit 6 on Sun Mar  1 06:50:47 UTC 2026
✅ Commit 7 on Sun Mar  1 06:50:47 UTC 2026
✅ Commit 8 on Sun Mar  1 06:50:47 UTC 2026
✅ Commit 9 on Sun Mar  1 06:50:47 UTC 2026
✅ Commit 10 on Sun Mar  1 06:50:47 UTC 2026
✅ Commit 11 on Sun Mar  1 06:50:47 UTC 2026
✅ Commit 12 on Sun Mar  1 06:50:47 UTC 2026
✅ Commit 1 on Sun Mar  1 13:02:53 UTC 2026
✅ Commit 2 on Sun Mar  1 13:02:53 UTC 2026
✅ Commit 3 on Sun Mar  1 13:02:53 UTC 2026
✅ Commit 4 on Sun Mar  1 13:02:53 UTC 2026
✅ Commit 5 on Sun Mar  1 13:02:53 UTC 2026
✅ Commit 6 on Sun Mar  1 13:02:53 UTC 2026
✅ Commit 7 on Sun Mar  1 13:02:53 UTC 2026
✅ Commit 8 on Sun Mar  1 13:02:53 UTC 2026
✅ Commit 9 on Sun Mar  1 13:02:53 UTC 2026
✅ Commit 10 on Sun Mar  1 13:02:53 UTC 2026
✅ Commit 11 on Sun Mar  1 13:02:54 UTC 2026
✅ Commit 12 on Sun Mar  1 13:02:54 UTC 2026
✅ Commit 1 on Sun Mar  1 18:17:28 UTC 2026
✅ Commit 2 on Sun Mar  1 18:17:28 UTC 2026
✅ Commit 3 on Sun Mar  1 18:17:28 UTC 2026
✅ Commit 4 on Sun Mar  1 18:17:28 UTC 2026
✅ Commit 5 on Sun Mar  1 18:17:28 UTC 2026
✅ Commit 6 on Sun Mar  1 18:17:28 UTC 2026
✅ Commit 7 on Sun Mar  1 18:17:28 UTC 2026
✅ Commit 8 on Sun Mar  1 18:17:28 UTC 2026
✅ Commit 9 on Sun Mar  1 18:17:28 UTC 2026
✅ Commit 10 on Sun Mar  1 18:17:28 UTC 2026
✅ Commit 11 on Sun Mar  1 18:17:28 UTC 2026
✅ Commit 12 on Sun Mar  1 18:17:28 UTC 2026
✅ Commit 1 on Mon Mar  2 02:46:23 UTC 2026
✅ Commit 2 on Mon Mar  2 02:46:23 UTC 2026
✅ Commit 3 on Mon Mar  2 02:46:23 UTC 2026
✅ Commit 4 on Mon Mar  2 02:46:24 UTC 2026
✅ Commit 5 on Mon Mar  2 02:46:24 UTC 2026
✅ Commit 6 on Mon Mar  2 02:46:24 UTC 2026
✅ Commit 7 on Mon Mar  2 02:46:24 UTC 2026
✅ Commit 8 on Mon Mar  2 02:46:24 UTC 2026
✅ Commit 9 on Mon Mar  2 02:46:24 UTC 2026
✅ Commit 10 on Mon Mar  2 02:46:24 UTC 2026
✅ Commit 11 on Mon Mar  2 02:46:24 UTC 2026
✅ Commit 12 on Mon Mar  2 02:46:24 UTC 2026
✅ Commit 1 on Mon Mar  2 07:01:08 UTC 2026
✅ Commit 2 on Mon Mar  2 07:01:08 UTC 2026
✅ Commit 3 on Mon Mar  2 07:01:08 UTC 2026
✅ Commit 4 on Mon Mar  2 07:01:08 UTC 2026
✅ Commit 5 on Mon Mar  2 07:01:08 UTC 2026
✅ Commit 6 on Mon Mar  2 07:01:08 UTC 2026
✅ Commit 7 on Mon Mar  2 07:01:08 UTC 2026
✅ Commit 8 on Mon Mar  2 07:01:08 UTC 2026
✅ Commit 9 on Mon Mar  2 07:01:08 UTC 2026
✅ Commit 10 on Mon Mar  2 07:01:08 UTC 2026
✅ Commit 11 on Mon Mar  2 07:01:08 UTC 2026
✅ Commit 12 on Mon Mar  2 07:01:08 UTC 2026
✅ Commit 1 on Mon Mar  2 13:14:38 UTC 2026
✅ Commit 2 on Mon Mar  2 13:14:38 UTC 2026
✅ Commit 3 on Mon Mar  2 13:14:38 UTC 2026
✅ Commit 4 on Mon Mar  2 13:14:38 UTC 2026
✅ Commit 5 on Mon Mar  2 13:14:38 UTC 2026
✅ Commit 6 on Mon Mar  2 13:14:38 UTC 2026
✅ Commit 7 on Mon Mar  2 13:14:38 UTC 2026
✅ Commit 8 on Mon Mar  2 13:14:38 UTC 2026
✅ Commit 9 on Mon Mar  2 13:14:38 UTC 2026
✅ Commit 10 on Mon Mar  2 13:14:38 UTC 2026
✅ Commit 11 on Mon Mar  2 13:14:38 UTC 2026
✅ Commit 12 on Mon Mar  2 13:14:38 UTC 2026
✅ Commit 1 on Mon Mar  2 18:30:17 UTC 2026
✅ Commit 2 on Mon Mar  2 18:30:17 UTC 2026
✅ Commit 3 on Mon Mar  2 18:30:17 UTC 2026
✅ Commit 4 on Mon Mar  2 18:30:18 UTC 2026
✅ Commit 5 on Mon Mar  2 18:30:18 UTC 2026
✅ Commit 6 on Mon Mar  2 18:30:18 UTC 2026
✅ Commit 7 on Mon Mar  2 18:30:18 UTC 2026
✅ Commit 8 on Mon Mar  2 18:30:18 UTC 2026
✅ Commit 9 on Mon Mar  2 18:30:18 UTC 2026
✅ Commit 10 on Mon Mar  2 18:30:18 UTC 2026
✅ Commit 11 on Mon Mar  2 18:30:18 UTC 2026
✅ Commit 12 on Mon Mar  2 18:30:18 UTC 2026
✅ Commit 1 on Tue Mar  3 02:49:21 UTC 2026
✅ Commit 2 on Tue Mar  3 02:49:21 UTC 2026
✅ Commit 3 on Tue Mar  3 02:49:21 UTC 2026
✅ Commit 4 on Tue Mar  3 02:49:21 UTC 2026
✅ Commit 5 on Tue Mar  3 02:49:21 UTC 2026
✅ Commit 6 on Tue Mar  3 02:49:21 UTC 2026
✅ Commit 7 on Tue Mar  3 02:49:21 UTC 2026
✅ Commit 8 on Tue Mar  3 02:49:22 UTC 2026
✅ Commit 9 on Tue Mar  3 02:49:22 UTC 2026
✅ Commit 10 on Tue Mar  3 02:49:22 UTC 2026
✅ Commit 11 on Tue Mar  3 02:49:22 UTC 2026
✅ Commit 12 on Tue Mar  3 02:49:22 UTC 2026
✅ Commit 1 on Tue Mar  3 06:54:52 UTC 2026
✅ Commit 2 on Tue Mar  3 06:54:52 UTC 2026
✅ Commit 3 on Tue Mar  3 06:54:52 UTC 2026
✅ Commit 4 on Tue Mar  3 06:54:52 UTC 2026
✅ Commit 5 on Tue Mar  3 06:54:52 UTC 2026
✅ Commit 6 on Tue Mar  3 06:54:52 UTC 2026
✅ Commit 7 on Tue Mar  3 06:54:52 UTC 2026
✅ Commit 8 on Tue Mar  3 06:54:52 UTC 2026
✅ Commit 9 on Tue Mar  3 06:54:52 UTC 2026
✅ Commit 10 on Tue Mar  3 06:54:52 UTC 2026
✅ Commit 11 on Tue Mar  3 06:54:52 UTC 2026
✅ Commit 12 on Tue Mar  3 06:54:52 UTC 2026
✅ Commit 1 on Tue Mar  3 13:12:53 UTC 2026
✅ Commit 2 on Tue Mar  3 13:12:53 UTC 2026
✅ Commit 3 on Tue Mar  3 13:12:53 UTC 2026
✅ Commit 4 on Tue Mar  3 13:12:53 UTC 2026
✅ Commit 5 on Tue Mar  3 13:12:53 UTC 2026
✅ Commit 6 on Tue Mar  3 13:12:53 UTC 2026
✅ Commit 7 on Tue Mar  3 13:12:53 UTC 2026
✅ Commit 8 on Tue Mar  3 13:12:53 UTC 2026
✅ Commit 9 on Tue Mar  3 13:12:53 UTC 2026
✅ Commit 10 on Tue Mar  3 13:12:53 UTC 2026
✅ Commit 11 on Tue Mar  3 13:12:53 UTC 2026
✅ Commit 12 on Tue Mar  3 13:12:53 UTC 2026
✅ Commit 1 on Tue Mar  3 18:31:59 UTC 2026
✅ Commit 2 on Tue Mar  3 18:31:59 UTC 2026
✅ Commit 3 on Tue Mar  3 18:31:59 UTC 2026
✅ Commit 4 on Tue Mar  3 18:31:59 UTC 2026
✅ Commit 5 on Tue Mar  3 18:31:59 UTC 2026
✅ Commit 6 on Tue Mar  3 18:31:59 UTC 2026
✅ Commit 7 on Tue Mar  3 18:31:59 UTC 2026
✅ Commit 8 on Tue Mar  3 18:31:59 UTC 2026
✅ Commit 9 on Tue Mar  3 18:31:59 UTC 2026
✅ Commit 10 on Tue Mar  3 18:31:59 UTC 2026
✅ Commit 11 on Tue Mar  3 18:31:59 UTC 2026
✅ Commit 12 on Tue Mar  3 18:31:59 UTC 2026
✅ Commit 1 on Wed Mar  4 02:42:19 UTC 2026
✅ Commit 2 on Wed Mar  4 02:42:19 UTC 2026
✅ Commit 3 on Wed Mar  4 02:42:19 UTC 2026
✅ Commit 4 on Wed Mar  4 02:42:19 UTC 2026
✅ Commit 5 on Wed Mar  4 02:42:19 UTC 2026
✅ Commit 6 on Wed Mar  4 02:42:19 UTC 2026
✅ Commit 7 on Wed Mar  4 02:42:19 UTC 2026
✅ Commit 8 on Wed Mar  4 02:42:19 UTC 2026
✅ Commit 9 on Wed Mar  4 02:42:19 UTC 2026
✅ Commit 10 on Wed Mar  4 02:42:19 UTC 2026
✅ Commit 11 on Wed Mar  4 02:42:19 UTC 2026
✅ Commit 12 on Wed Mar  4 02:42:19 UTC 2026
✅ Commit 1 on Wed Mar  4 06:51:43 UTC 2026
✅ Commit 2 on Wed Mar  4 06:51:43 UTC 2026
✅ Commit 3 on Wed Mar  4 06:51:43 UTC 2026
✅ Commit 4 on Wed Mar  4 06:51:43 UTC 2026
✅ Commit 5 on Wed Mar  4 06:51:43 UTC 2026
✅ Commit 6 on Wed Mar  4 06:51:43 UTC 2026
✅ Commit 7 on Wed Mar  4 06:51:43 UTC 2026
✅ Commit 8 on Wed Mar  4 06:51:43 UTC 2026
✅ Commit 9 on Wed Mar  4 06:51:43 UTC 2026
✅ Commit 10 on Wed Mar  4 06:51:43 UTC 2026
✅ Commit 11 on Wed Mar  4 06:51:43 UTC 2026
✅ Commit 12 on Wed Mar  4 06:51:43 UTC 2026
✅ Commit 1 on Wed Mar  4 13:11:45 UTC 2026
✅ Commit 2 on Wed Mar  4 13:11:45 UTC 2026
✅ Commit 3 on Wed Mar  4 13:11:45 UTC 2026
✅ Commit 4 on Wed Mar  4 13:11:45 UTC 2026
✅ Commit 5 on Wed Mar  4 13:11:45 UTC 2026
✅ Commit 6 on Wed Mar  4 13:11:45 UTC 2026
✅ Commit 7 on Wed Mar  4 13:11:45 UTC 2026
✅ Commit 8 on Wed Mar  4 13:11:45 UTC 2026
✅ Commit 9 on Wed Mar  4 13:11:45 UTC 2026
✅ Commit 10 on Wed Mar  4 13:11:46 UTC 2026
✅ Commit 11 on Wed Mar  4 13:11:46 UTC 2026
✅ Commit 12 on Wed Mar  4 13:11:46 UTC 2026
✅ Commit 1 on Wed Mar  4 18:31:14 UTC 2026
✅ Commit 2 on Wed Mar  4 18:31:14 UTC 2026
✅ Commit 3 on Wed Mar  4 18:31:14 UTC 2026
✅ Commit 4 on Wed Mar  4 18:31:14 UTC 2026
✅ Commit 5 on Wed Mar  4 18:31:14 UTC 2026
✅ Commit 6 on Wed Mar  4 18:31:14 UTC 2026
✅ Commit 7 on Wed Mar  4 18:31:14 UTC 2026
✅ Commit 8 on Wed Mar  4 18:31:14 UTC 2026
✅ Commit 9 on Wed Mar  4 18:31:14 UTC 2026
✅ Commit 10 on Wed Mar  4 18:31:14 UTC 2026
✅ Commit 11 on Wed Mar  4 18:31:14 UTC 2026
✅ Commit 12 on Wed Mar  4 18:31:14 UTC 2026
✅ Commit 1 on Thu Mar  5 02:45:22 UTC 2026
✅ Commit 2 on Thu Mar  5 02:45:22 UTC 2026
✅ Commit 3 on Thu Mar  5 02:45:22 UTC 2026
✅ Commit 4 on Thu Mar  5 02:45:22 UTC 2026
✅ Commit 5 on Thu Mar  5 02:45:22 UTC 2026
✅ Commit 6 on Thu Mar  5 02:45:22 UTC 2026
✅ Commit 7 on Thu Mar  5 02:45:22 UTC 2026
✅ Commit 8 on Thu Mar  5 02:45:22 UTC 2026
✅ Commit 9 on Thu Mar  5 02:45:22 UTC 2026
✅ Commit 10 on Thu Mar  5 02:45:22 UTC 2026
✅ Commit 11 on Thu Mar  5 02:45:22 UTC 2026
✅ Commit 12 on Thu Mar  5 02:45:22 UTC 2026
✅ Commit 1 on Thu Mar  5 06:55:21 UTC 2026
✅ Commit 2 on Thu Mar  5 06:55:21 UTC 2026
✅ Commit 3 on Thu Mar  5 06:55:21 UTC 2026
✅ Commit 4 on Thu Mar  5 06:55:21 UTC 2026
✅ Commit 5 on Thu Mar  5 06:55:21 UTC 2026
✅ Commit 6 on Thu Mar  5 06:55:21 UTC 2026
✅ Commit 7 on Thu Mar  5 06:55:21 UTC 2026
✅ Commit 8 on Thu Mar  5 06:55:21 UTC 2026
✅ Commit 9 on Thu Mar  5 06:55:21 UTC 2026
✅ Commit 10 on Thu Mar  5 06:55:21 UTC 2026
✅ Commit 11 on Thu Mar  5 06:55:21 UTC 2026
✅ Commit 12 on Thu Mar  5 06:55:21 UTC 2026
✅ Commit 1 on Thu Mar  5 13:15:47 UTC 2026
✅ Commit 2 on Thu Mar  5 13:15:47 UTC 2026
✅ Commit 3 on Thu Mar  5 13:15:47 UTC 2026
✅ Commit 4 on Thu Mar  5 13:15:47 UTC 2026
✅ Commit 5 on Thu Mar  5 13:15:47 UTC 2026
✅ Commit 6 on Thu Mar  5 13:15:47 UTC 2026
✅ Commit 7 on Thu Mar  5 13:15:47 UTC 2026
✅ Commit 8 on Thu Mar  5 13:15:47 UTC 2026
✅ Commit 9 on Thu Mar  5 13:15:47 UTC 2026
✅ Commit 10 on Thu Mar  5 13:15:47 UTC 2026
✅ Commit 11 on Thu Mar  5 13:15:47 UTC 2026
✅ Commit 12 on Thu Mar  5 13:15:47 UTC 2026
✅ Commit 1 on Thu Mar  5 19:04:41 UTC 2026
✅ Commit 2 on Thu Mar  5 19:04:41 UTC 2026
✅ Commit 3 on Thu Mar  5 19:04:41 UTC 2026
✅ Commit 4 on Thu Mar  5 19:04:41 UTC 2026
✅ Commit 5 on Thu Mar  5 19:04:41 UTC 2026
✅ Commit 6 on Thu Mar  5 19:04:41 UTC 2026
✅ Commit 7 on Thu Mar  5 19:04:41 UTC 2026
✅ Commit 8 on Thu Mar  5 19:04:41 UTC 2026
✅ Commit 9 on Thu Mar  5 19:04:41 UTC 2026
✅ Commit 10 on Thu Mar  5 19:04:41 UTC 2026
✅ Commit 11 on Thu Mar  5 19:04:41 UTC 2026
✅ Commit 12 on Thu Mar  5 19:04:41 UTC 2026
✅ Commit 1 on Fri Mar  6 02:42:29 UTC 2026
✅ Commit 2 on Fri Mar  6 02:42:29 UTC 2026
✅ Commit 3 on Fri Mar  6 02:42:29 UTC 2026
✅ Commit 4 on Fri Mar  6 02:42:29 UTC 2026
✅ Commit 5 on Fri Mar  6 02:42:29 UTC 2026
✅ Commit 6 on Fri Mar  6 02:42:29 UTC 2026
✅ Commit 7 on Fri Mar  6 02:42:29 UTC 2026
✅ Commit 8 on Fri Mar  6 02:42:29 UTC 2026
✅ Commit 9 on Fri Mar  6 02:42:29 UTC 2026
✅ Commit 10 on Fri Mar  6 02:42:29 UTC 2026
✅ Commit 11 on Fri Mar  6 02:42:29 UTC 2026
✅ Commit 12 on Fri Mar  6 02:42:29 UTC 2026
✅ Commit 1 on Fri Mar  6 06:52:58 UTC 2026
✅ Commit 2 on Fri Mar  6 06:52:58 UTC 2026
✅ Commit 3 on Fri Mar  6 06:52:58 UTC 2026
✅ Commit 4 on Fri Mar  6 06:52:58 UTC 2026
✅ Commit 5 on Fri Mar  6 06:52:59 UTC 2026
✅ Commit 6 on Fri Mar  6 06:52:59 UTC 2026
✅ Commit 7 on Fri Mar  6 06:52:59 UTC 2026
✅ Commit 8 on Fri Mar  6 06:52:59 UTC 2026
✅ Commit 9 on Fri Mar  6 06:52:59 UTC 2026
✅ Commit 10 on Fri Mar  6 06:52:59 UTC 2026
✅ Commit 11 on Fri Mar  6 06:52:59 UTC 2026
✅ Commit 12 on Fri Mar  6 06:52:59 UTC 2026
✅ Commit 1 on Fri Mar  6 13:11:18 UTC 2026
✅ Commit 2 on Fri Mar  6 13:11:18 UTC 2026
✅ Commit 3 on Fri Mar  6 13:11:18 UTC 2026
✅ Commit 4 on Fri Mar  6 13:11:18 UTC 2026
✅ Commit 5 on Fri Mar  6 13:11:18 UTC 2026
✅ Commit 6 on Fri Mar  6 13:11:18 UTC 2026
✅ Commit 7 on Fri Mar  6 13:11:18 UTC 2026
✅ Commit 8 on Fri Mar  6 13:11:18 UTC 2026
✅ Commit 9 on Fri Mar  6 13:11:18 UTC 2026
✅ Commit 10 on Fri Mar  6 13:11:18 UTC 2026
✅ Commit 11 on Fri Mar  6 13:11:18 UTC 2026
✅ Commit 12 on Fri Mar  6 13:11:18 UTC 2026
✅ Commit 1 on Fri Mar  6 18:27:47 UTC 2026
✅ Commit 2 on Fri Mar  6 18:27:47 UTC 2026
✅ Commit 3 on Fri Mar  6 18:27:47 UTC 2026
✅ Commit 4 on Fri Mar  6 18:27:47 UTC 2026
✅ Commit 5 on Fri Mar  6 18:27:47 UTC 2026
✅ Commit 6 on Fri Mar  6 18:27:47 UTC 2026
✅ Commit 7 on Fri Mar  6 18:27:47 UTC 2026
✅ Commit 8 on Fri Mar  6 18:27:47 UTC 2026
✅ Commit 9 on Fri Mar  6 18:27:47 UTC 2026
✅ Commit 10 on Fri Mar  6 18:27:47 UTC 2026
✅ Commit 11 on Fri Mar  6 18:27:47 UTC 2026
✅ Commit 12 on Fri Mar  6 18:27:47 UTC 2026
✅ Commit 1 on Sat Mar  7 02:35:39 UTC 2026
✅ Commit 2 on Sat Mar  7 02:35:39 UTC 2026
✅ Commit 3 on Sat Mar  7 02:35:39 UTC 2026
✅ Commit 4 on Sat Mar  7 02:35:39 UTC 2026
✅ Commit 5 on Sat Mar  7 02:35:39 UTC 2026
✅ Commit 6 on Sat Mar  7 02:35:39 UTC 2026
✅ Commit 7 on Sat Mar  7 02:35:39 UTC 2026
✅ Commit 8 on Sat Mar  7 02:35:39 UTC 2026
✅ Commit 9 on Sat Mar  7 02:35:39 UTC 2026
✅ Commit 10 on Sat Mar  7 02:35:40 UTC 2026
✅ Commit 11 on Sat Mar  7 02:35:40 UTC 2026
✅ Commit 12 on Sat Mar  7 02:35:40 UTC 2026
✅ Commit 1 on Sat Mar  7 06:44:10 UTC 2026
✅ Commit 2 on Sat Mar  7 06:44:10 UTC 2026
✅ Commit 3 on Sat Mar  7 06:44:10 UTC 2026
✅ Commit 4 on Sat Mar  7 06:44:10 UTC 2026
✅ Commit 5 on Sat Mar  7 06:44:10 UTC 2026
✅ Commit 6 on Sat Mar  7 06:44:10 UTC 2026
✅ Commit 7 on Sat Mar  7 06:44:10 UTC 2026
✅ Commit 8 on Sat Mar  7 06:44:10 UTC 2026
✅ Commit 9 on Sat Mar  7 06:44:10 UTC 2026
✅ Commit 10 on Sat Mar  7 06:44:10 UTC 2026
✅ Commit 11 on Sat Mar  7 06:44:10 UTC 2026
✅ Commit 12 on Sat Mar  7 06:44:10 UTC 2026
✅ Commit 1 on Sat Mar  7 13:01:34 UTC 2026
✅ Commit 2 on Sat Mar  7 13:01:34 UTC 2026
✅ Commit 3 on Sat Mar  7 13:01:34 UTC 2026
✅ Commit 4 on Sat Mar  7 13:01:34 UTC 2026
✅ Commit 5 on Sat Mar  7 13:01:34 UTC 2026
✅ Commit 6 on Sat Mar  7 13:01:34 UTC 2026
✅ Commit 7 on Sat Mar  7 13:01:34 UTC 2026
✅ Commit 8 on Sat Mar  7 13:01:34 UTC 2026
✅ Commit 9 on Sat Mar  7 13:01:34 UTC 2026
✅ Commit 10 on Sat Mar  7 13:01:34 UTC 2026
✅ Commit 11 on Sat Mar  7 13:01:34 UTC 2026
✅ Commit 12 on Sat Mar  7 13:01:34 UTC 2026
✅ Commit 1 on Sat Mar  7 18:16:48 UTC 2026
✅ Commit 2 on Sat Mar  7 18:16:48 UTC 2026
✅ Commit 3 on Sat Mar  7 18:16:48 UTC 2026
✅ Commit 4 on Sat Mar  7 18:16:48 UTC 2026
✅ Commit 5 on Sat Mar  7 18:16:48 UTC 2026
✅ Commit 6 on Sat Mar  7 18:16:48 UTC 2026
✅ Commit 7 on Sat Mar  7 18:16:48 UTC 2026
✅ Commit 8 on Sat Mar  7 18:16:48 UTC 2026
✅ Commit 9 on Sat Mar  7 18:16:48 UTC 2026
✅ Commit 10 on Sat Mar  7 18:16:48 UTC 2026
✅ Commit 11 on Sat Mar  7 18:16:48 UTC 2026
✅ Commit 12 on Sat Mar  7 18:16:48 UTC 2026
✅ Commit 1 on Sun Mar  8 02:49:06 UTC 2026
✅ Commit 2 on Sun Mar  8 02:49:06 UTC 2026
✅ Commit 3 on Sun Mar  8 02:49:07 UTC 2026
✅ Commit 4 on Sun Mar  8 02:49:07 UTC 2026
✅ Commit 5 on Sun Mar  8 02:49:07 UTC 2026
✅ Commit 6 on Sun Mar  8 02:49:07 UTC 2026
✅ Commit 7 on Sun Mar  8 02:49:07 UTC 2026
✅ Commit 8 on Sun Mar  8 02:49:07 UTC 2026
✅ Commit 9 on Sun Mar  8 02:49:07 UTC 2026
✅ Commit 10 on Sun Mar  8 02:49:07 UTC 2026
✅ Commit 11 on Sun Mar  8 02:49:07 UTC 2026
✅ Commit 12 on Sun Mar  8 02:49:07 UTC 2026
✅ Commit 1 on Sun Mar  8 06:47:06 UTC 2026
✅ Commit 2 on Sun Mar  8 06:47:06 UTC 2026
✅ Commit 3 on Sun Mar  8 06:47:06 UTC 2026
✅ Commit 4 on Sun Mar  8 06:47:06 UTC 2026
✅ Commit 5 on Sun Mar  8 06:47:06 UTC 2026
✅ Commit 6 on Sun Mar  8 06:47:06 UTC 2026
✅ Commit 7 on Sun Mar  8 06:47:06 UTC 2026
✅ Commit 8 on Sun Mar  8 06:47:06 UTC 2026
✅ Commit 9 on Sun Mar  8 06:47:06 UTC 2026
✅ Commit 10 on Sun Mar  8 06:47:06 UTC 2026
✅ Commit 11 on Sun Mar  8 06:47:06 UTC 2026
✅ Commit 12 on Sun Mar  8 06:47:06 UTC 2026
✅ Commit 1 on Sun Mar  8 13:02:57 UTC 2026
✅ Commit 2 on Sun Mar  8 13:02:57 UTC 2026
✅ Commit 3 on Sun Mar  8 13:02:57 UTC 2026
✅ Commit 4 on Sun Mar  8 13:02:57 UTC 2026
✅ Commit 5 on Sun Mar  8 13:02:57 UTC 2026
✅ Commit 6 on Sun Mar  8 13:02:57 UTC 2026
✅ Commit 7 on Sun Mar  8 13:02:57 UTC 2026
✅ Commit 8 on Sun Mar  8 13:02:57 UTC 2026
✅ Commit 9 on Sun Mar  8 13:02:57 UTC 2026
✅ Commit 10 on Sun Mar  8 13:02:57 UTC 2026
✅ Commit 11 on Sun Mar  8 13:02:57 UTC 2026
✅ Commit 12 on Sun Mar  8 13:02:57 UTC 2026
✅ Commit 1 on Sun Mar  8 18:17:24 UTC 2026
✅ Commit 2 on Sun Mar  8 18:17:24 UTC 2026
✅ Commit 3 on Sun Mar  8 18:17:24 UTC 2026
✅ Commit 4 on Sun Mar  8 18:17:24 UTC 2026
✅ Commit 5 on Sun Mar  8 18:17:24 UTC 2026
✅ Commit 6 on Sun Mar  8 18:17:24 UTC 2026
✅ Commit 7 on Sun Mar  8 18:17:24 UTC 2026
✅ Commit 8 on Sun Mar  8 18:17:24 UTC 2026
✅ Commit 9 on Sun Mar  8 18:17:24 UTC 2026
✅ Commit 10 on Sun Mar  8 18:17:24 UTC 2026
✅ Commit 11 on Sun Mar  8 18:17:24 UTC 2026
✅ Commit 12 on Sun Mar  8 18:17:24 UTC 2026
✅ Commit 1 on Mon Mar  9 02:50:27 UTC 2026
✅ Commit 2 on Mon Mar  9 02:50:27 UTC 2026
✅ Commit 3 on Mon Mar  9 02:50:27 UTC 2026
✅ Commit 4 on Mon Mar  9 02:50:27 UTC 2026
✅ Commit 5 on Mon Mar  9 02:50:27 UTC 2026
✅ Commit 6 on Mon Mar  9 02:50:27 UTC 2026
✅ Commit 7 on Mon Mar  9 02:50:27 UTC 2026
✅ Commit 8 on Mon Mar  9 02:50:27 UTC 2026
✅ Commit 9 on Mon Mar  9 02:50:27 UTC 2026
✅ Commit 10 on Mon Mar  9 02:50:27 UTC 2026
✅ Commit 11 on Mon Mar  9 02:50:27 UTC 2026
✅ Commit 12 on Mon Mar  9 02:50:27 UTC 2026
✅ Commit 1 on Mon Mar  9 07:04:28 UTC 2026
✅ Commit 2 on Mon Mar  9 07:04:28 UTC 2026
✅ Commit 3 on Mon Mar  9 07:04:28 UTC 2026
✅ Commit 4 on Mon Mar  9 07:04:28 UTC 2026
✅ Commit 5 on Mon Mar  9 07:04:28 UTC 2026
✅ Commit 6 on Mon Mar  9 07:04:28 UTC 2026
✅ Commit 7 on Mon Mar  9 07:04:28 UTC 2026
✅ Commit 8 on Mon Mar  9 07:04:28 UTC 2026
✅ Commit 9 on Mon Mar  9 07:04:28 UTC 2026
✅ Commit 10 on Mon Mar  9 07:04:28 UTC 2026
✅ Commit 11 on Mon Mar  9 07:04:28 UTC 2026
✅ Commit 12 on Mon Mar  9 07:04:28 UTC 2026
✅ Commit 1 on Mon Mar  9 13:19:33 UTC 2026
✅ Commit 2 on Mon Mar  9 13:19:33 UTC 2026
✅ Commit 3 on Mon Mar  9 13:19:33 UTC 2026
✅ Commit 4 on Mon Mar  9 13:19:33 UTC 2026
✅ Commit 5 on Mon Mar  9 13:19:33 UTC 2026
✅ Commit 6 on Mon Mar  9 13:19:33 UTC 2026
✅ Commit 7 on Mon Mar  9 13:19:33 UTC 2026
✅ Commit 8 on Mon Mar  9 13:19:33 UTC 2026
✅ Commit 9 on Mon Mar  9 13:19:33 UTC 2026
✅ Commit 10 on Mon Mar  9 13:19:33 UTC 2026
✅ Commit 11 on Mon Mar  9 13:19:33 UTC 2026
✅ Commit 12 on Mon Mar  9 13:19:33 UTC 2026
✅ Commit 1 on Mon Mar  9 18:35:14 UTC 2026
✅ Commit 2 on Mon Mar  9 18:35:14 UTC 2026
✅ Commit 3 on Mon Mar  9 18:35:14 UTC 2026
✅ Commit 4 on Mon Mar  9 18:35:14 UTC 2026
✅ Commit 5 on Mon Mar  9 18:35:15 UTC 2026
✅ Commit 6 on Mon Mar  9 18:35:15 UTC 2026
✅ Commit 7 on Mon Mar  9 18:35:15 UTC 2026
✅ Commit 8 on Mon Mar  9 18:35:15 UTC 2026
✅ Commit 9 on Mon Mar  9 18:35:15 UTC 2026
✅ Commit 10 on Mon Mar  9 18:35:15 UTC 2026
✅ Commit 11 on Mon Mar  9 18:35:15 UTC 2026
✅ Commit 12 on Mon Mar  9 18:35:15 UTC 2026
✅ Commit 1 on Tue Mar 10 02:41:41 UTC 2026
✅ Commit 2 on Tue Mar 10 02:41:41 UTC 2026
✅ Commit 3 on Tue Mar 10 02:41:41 UTC 2026
✅ Commit 4 on Tue Mar 10 02:41:41 UTC 2026
✅ Commit 5 on Tue Mar 10 02:41:41 UTC 2026
✅ Commit 6 on Tue Mar 10 02:41:41 UTC 2026
✅ Commit 7 on Tue Mar 10 02:41:41 UTC 2026
✅ Commit 8 on Tue Mar 10 02:41:41 UTC 2026
✅ Commit 9 on Tue Mar 10 02:41:41 UTC 2026
✅ Commit 10 on Tue Mar 10 02:41:41 UTC 2026
✅ Commit 11 on Tue Mar 10 02:41:41 UTC 2026
✅ Commit 12 on Tue Mar 10 02:41:41 UTC 2026
✅ Commit 1 on Tue Mar 10 06:53:43 UTC 2026
✅ Commit 2 on Tue Mar 10 06:53:43 UTC 2026
✅ Commit 3 on Tue Mar 10 06:53:43 UTC 2026
✅ Commit 4 on Tue Mar 10 06:53:43 UTC 2026
✅ Commit 5 on Tue Mar 10 06:53:43 UTC 2026
✅ Commit 6 on Tue Mar 10 06:53:43 UTC 2026
✅ Commit 7 on Tue Mar 10 06:53:43 UTC 2026
✅ Commit 8 on Tue Mar 10 06:53:43 UTC 2026
✅ Commit 9 on Tue Mar 10 06:53:43 UTC 2026
✅ Commit 10 on Tue Mar 10 06:53:43 UTC 2026
✅ Commit 11 on Tue Mar 10 06:53:43 UTC 2026
✅ Commit 12 on Tue Mar 10 06:53:43 UTC 2026
✅ Commit 1 on Tue Mar 10 13:17:04 UTC 2026
✅ Commit 2 on Tue Mar 10 13:17:04 UTC 2026
✅ Commit 3 on Tue Mar 10 13:17:04 UTC 2026
✅ Commit 4 on Tue Mar 10 13:17:04 UTC 2026
✅ Commit 5 on Tue Mar 10 13:17:04 UTC 2026
✅ Commit 6 on Tue Mar 10 13:17:04 UTC 2026
✅ Commit 7 on Tue Mar 10 13:17:04 UTC 2026
✅ Commit 8 on Tue Mar 10 13:17:04 UTC 2026
✅ Commit 9 on Tue Mar 10 13:17:04 UTC 2026
✅ Commit 10 on Tue Mar 10 13:17:04 UTC 2026
✅ Commit 11 on Tue Mar 10 13:17:04 UTC 2026
✅ Commit 12 on Tue Mar 10 13:17:04 UTC 2026
✅ Commit 1 on Tue Mar 10 18:32:50 UTC 2026
✅ Commit 2 on Tue Mar 10 18:32:50 UTC 2026
✅ Commit 3 on Tue Mar 10 18:32:50 UTC 2026
✅ Commit 4 on Tue Mar 10 18:32:50 UTC 2026
✅ Commit 5 on Tue Mar 10 18:32:50 UTC 2026
✅ Commit 6 on Tue Mar 10 18:32:50 UTC 2026
✅ Commit 7 on Tue Mar 10 18:32:50 UTC 2026
✅ Commit 8 on Tue Mar 10 18:32:50 UTC 2026
✅ Commit 9 on Tue Mar 10 18:32:50 UTC 2026
✅ Commit 10 on Tue Mar 10 18:32:50 UTC 2026
✅ Commit 11 on Tue Mar 10 18:32:50 UTC 2026
✅ Commit 12 on Tue Mar 10 18:32:50 UTC 2026
✅ Commit 1 on Wed Mar 11 02:40:57 UTC 2026
✅ Commit 2 on Wed Mar 11 02:40:57 UTC 2026
✅ Commit 3 on Wed Mar 11 02:40:57 UTC 2026
✅ Commit 4 on Wed Mar 11 02:40:57 UTC 2026
✅ Commit 5 on Wed Mar 11 02:40:57 UTC 2026
✅ Commit 6 on Wed Mar 11 02:40:57 UTC 2026
✅ Commit 7 on Wed Mar 11 02:40:57 UTC 2026
✅ Commit 8 on Wed Mar 11 02:40:57 UTC 2026
✅ Commit 9 on Wed Mar 11 02:40:57 UTC 2026
✅ Commit 10 on Wed Mar 11 02:40:57 UTC 2026
✅ Commit 11 on Wed Mar 11 02:40:57 UTC 2026
✅ Commit 12 on Wed Mar 11 02:40:57 UTC 2026
✅ Commit 1 on Wed Mar 11 06:56:53 UTC 2026
✅ Commit 2 on Wed Mar 11 06:56:53 UTC 2026
✅ Commit 3 on Wed Mar 11 06:56:53 UTC 2026
✅ Commit 4 on Wed Mar 11 06:56:54 UTC 2026
✅ Commit 5 on Wed Mar 11 06:56:54 UTC 2026
✅ Commit 6 on Wed Mar 11 06:56:54 UTC 2026
✅ Commit 7 on Wed Mar 11 06:56:54 UTC 2026
✅ Commit 8 on Wed Mar 11 06:56:54 UTC 2026
✅ Commit 9 on Wed Mar 11 06:56:54 UTC 2026
✅ Commit 10 on Wed Mar 11 06:56:54 UTC 2026
✅ Commit 11 on Wed Mar 11 06:56:54 UTC 2026
✅ Commit 12 on Wed Mar 11 06:56:54 UTC 2026
✅ Commit 1 on Wed Mar 11 13:16:45 UTC 2026
✅ Commit 2 on Wed Mar 11 13:16:45 UTC 2026
✅ Commit 3 on Wed Mar 11 13:16:45 UTC 2026
✅ Commit 4 on Wed Mar 11 13:16:45 UTC 2026
✅ Commit 5 on Wed Mar 11 13:16:45 UTC 2026
✅ Commit 6 on Wed Mar 11 13:16:45 UTC 2026
✅ Commit 7 on Wed Mar 11 13:16:45 UTC 2026
✅ Commit 8 on Wed Mar 11 13:16:45 UTC 2026
✅ Commit 9 on Wed Mar 11 13:16:45 UTC 2026
✅ Commit 10 on Wed Mar 11 13:16:45 UTC 2026
✅ Commit 11 on Wed Mar 11 13:16:45 UTC 2026
✅ Commit 12 on Wed Mar 11 13:16:45 UTC 2026
✅ Commit 1 on Wed Mar 11 18:37:51 UTC 2026
✅ Commit 2 on Wed Mar 11 18:37:51 UTC 2026
✅ Commit 3 on Wed Mar 11 18:37:51 UTC 2026
✅ Commit 4 on Wed Mar 11 18:37:51 UTC 2026
✅ Commit 5 on Wed Mar 11 18:37:51 UTC 2026
✅ Commit 6 on Wed Mar 11 18:37:51 UTC 2026
✅ Commit 7 on Wed Mar 11 18:37:51 UTC 2026
✅ Commit 8 on Wed Mar 11 18:37:51 UTC 2026
✅ Commit 9 on Wed Mar 11 18:37:51 UTC 2026
✅ Commit 10 on Wed Mar 11 18:37:51 UTC 2026
✅ Commit 11 on Wed Mar 11 18:37:51 UTC 2026
✅ Commit 12 on Wed Mar 11 18:37:51 UTC 2026
✅ Commit 1 on Thu Mar 12 02:46:38 UTC 2026
✅ Commit 2 on Thu Mar 12 02:46:38 UTC 2026
✅ Commit 3 on Thu Mar 12 02:46:38 UTC 2026
✅ Commit 4 on Thu Mar 12 02:46:38 UTC 2026
✅ Commit 5 on Thu Mar 12 02:46:38 UTC 2026
✅ Commit 6 on Thu Mar 12 02:46:38 UTC 2026
✅ Commit 7 on Thu Mar 12 02:46:38 UTC 2026
✅ Commit 8 on Thu Mar 12 02:46:38 UTC 2026
✅ Commit 9 on Thu Mar 12 02:46:38 UTC 2026
✅ Commit 10 on Thu Mar 12 02:46:38 UTC 2026
✅ Commit 11 on Thu Mar 12 02:46:38 UTC 2026
✅ Commit 12 on Thu Mar 12 02:46:38 UTC 2026
✅ Commit 1 on Thu Mar 12 06:58:38 UTC 2026
✅ Commit 2 on Thu Mar 12 06:58:38 UTC 2026
✅ Commit 3 on Thu Mar 12 06:58:38 UTC 2026
✅ Commit 4 on Thu Mar 12 06:58:38 UTC 2026
✅ Commit 5 on Thu Mar 12 06:58:38 UTC 2026
✅ Commit 6 on Thu Mar 12 06:58:38 UTC 2026
✅ Commit 7 on Thu Mar 12 06:58:38 UTC 2026
✅ Commit 8 on Thu Mar 12 06:58:38 UTC 2026
✅ Commit 9 on Thu Mar 12 06:58:38 UTC 2026
✅ Commit 10 on Thu Mar 12 06:58:38 UTC 2026
✅ Commit 11 on Thu Mar 12 06:58:38 UTC 2026
✅ Commit 12 on Thu Mar 12 06:58:38 UTC 2026
✅ Commit 1 on Thu Mar 12 13:16:42 UTC 2026
✅ Commit 2 on Thu Mar 12 13:16:42 UTC 2026
✅ Commit 3 on Thu Mar 12 13:16:42 UTC 2026
✅ Commit 4 on Thu Mar 12 13:16:42 UTC 2026
✅ Commit 5 on Thu Mar 12 13:16:42 UTC 2026
✅ Commit 6 on Thu Mar 12 13:16:42 UTC 2026
✅ Commit 7 on Thu Mar 12 13:16:42 UTC 2026
✅ Commit 8 on Thu Mar 12 13:16:42 UTC 2026
✅ Commit 9 on Thu Mar 12 13:16:42 UTC 2026
✅ Commit 10 on Thu Mar 12 13:16:42 UTC 2026
✅ Commit 11 on Thu Mar 12 13:16:42 UTC 2026
✅ Commit 12 on Thu Mar 12 13:16:42 UTC 2026
✅ Commit 1 on Thu Mar 12 18:36:21 UTC 2026
✅ Commit 2 on Thu Mar 12 18:36:21 UTC 2026
✅ Commit 3 on Thu Mar 12 18:36:21 UTC 2026
✅ Commit 4 on Thu Mar 12 18:36:21 UTC 2026
✅ Commit 5 on Thu Mar 12 18:36:22 UTC 2026
✅ Commit 6 on Thu Mar 12 18:36:22 UTC 2026
✅ Commit 7 on Thu Mar 12 18:36:22 UTC 2026
✅ Commit 8 on Thu Mar 12 18:36:22 UTC 2026
✅ Commit 9 on Thu Mar 12 18:36:22 UTC 2026
✅ Commit 10 on Thu Mar 12 18:36:22 UTC 2026
✅ Commit 11 on Thu Mar 12 18:36:22 UTC 2026
✅ Commit 12 on Thu Mar 12 18:36:22 UTC 2026
✅ Commit 1 on Fri Mar 13 02:44:31 UTC 2026
✅ Commit 2 on Fri Mar 13 02:44:31 UTC 2026
✅ Commit 3 on Fri Mar 13 02:44:31 UTC 2026
✅ Commit 4 on Fri Mar 13 02:44:31 UTC 2026
✅ Commit 5 on Fri Mar 13 02:44:31 UTC 2026
✅ Commit 6 on Fri Mar 13 02:44:31 UTC 2026
✅ Commit 7 on Fri Mar 13 02:44:31 UTC 2026
✅ Commit 8 on Fri Mar 13 02:44:31 UTC 2026
✅ Commit 9 on Fri Mar 13 02:44:31 UTC 2026
✅ Commit 10 on Fri Mar 13 02:44:31 UTC 2026
✅ Commit 11 on Fri Mar 13 02:44:31 UTC 2026
✅ Commit 12 on Fri Mar 13 02:44:31 UTC 2026
✅ Commit 1 on Fri Mar 13 06:56:53 UTC 2026
✅ Commit 2 on Fri Mar 13 06:56:53 UTC 2026
✅ Commit 3 on Fri Mar 13 06:56:53 UTC 2026
✅ Commit 4 on Fri Mar 13 06:56:53 UTC 2026
✅ Commit 5 on Fri Mar 13 06:56:53 UTC 2026
✅ Commit 6 on Fri Mar 13 06:56:54 UTC 2026
✅ Commit 7 on Fri Mar 13 06:56:54 UTC 2026
✅ Commit 8 on Fri Mar 13 06:56:54 UTC 2026
✅ Commit 9 on Fri Mar 13 06:56:54 UTC 2026
✅ Commit 10 on Fri Mar 13 06:56:54 UTC 2026
✅ Commit 11 on Fri Mar 13 06:56:54 UTC 2026
✅ Commit 12 on Fri Mar 13 06:56:54 UTC 2026
✅ Commit 1 on Fri Mar 13 13:14:42 UTC 2026
✅ Commit 2 on Fri Mar 13 13:14:42 UTC 2026
✅ Commit 3 on Fri Mar 13 13:14:42 UTC 2026
✅ Commit 4 on Fri Mar 13 13:14:42 UTC 2026
✅ Commit 5 on Fri Mar 13 13:14:42 UTC 2026
✅ Commit 6 on Fri Mar 13 13:14:42 UTC 2026
✅ Commit 7 on Fri Mar 13 13:14:42 UTC 2026
✅ Commit 8 on Fri Mar 13 13:14:42 UTC 2026
✅ Commit 9 on Fri Mar 13 13:14:42 UTC 2026
✅ Commit 10 on Fri Mar 13 13:14:42 UTC 2026
✅ Commit 11 on Fri Mar 13 13:14:42 UTC 2026
✅ Commit 12 on Fri Mar 13 13:14:42 UTC 2026
✅ Commit 1 on Fri Mar 13 18:25:46 UTC 2026
✅ Commit 2 on Fri Mar 13 18:25:46 UTC 2026
✅ Commit 3 on Fri Mar 13 18:25:46 UTC 2026
✅ Commit 4 on Fri Mar 13 18:25:46 UTC 2026
✅ Commit 5 on Fri Mar 13 18:25:46 UTC 2026
✅ Commit 6 on Fri Mar 13 18:25:46 UTC 2026
✅ Commit 7 on Fri Mar 13 18:25:46 UTC 2026
✅ Commit 8 on Fri Mar 13 18:25:46 UTC 2026
✅ Commit 9 on Fri Mar 13 18:25:46 UTC 2026
✅ Commit 10 on Fri Mar 13 18:25:46 UTC 2026
✅ Commit 11 on Fri Mar 13 18:25:46 UTC 2026
✅ Commit 12 on Fri Mar 13 18:25:46 UTC 2026
✅ Commit 1 on Sat Mar 14 02:42:43 UTC 2026
✅ Commit 2 on Sat Mar 14 02:42:43 UTC 2026
✅ Commit 3 on Sat Mar 14 02:42:43 UTC 2026
✅ Commit 4 on Sat Mar 14 02:42:43 UTC 2026
✅ Commit 5 on Sat Mar 14 02:42:43 UTC 2026
✅ Commit 6 on Sat Mar 14 02:42:44 UTC 2026
✅ Commit 7 on Sat Mar 14 02:42:44 UTC 2026
✅ Commit 8 on Sat Mar 14 02:42:44 UTC 2026
✅ Commit 9 on Sat Mar 14 02:42:44 UTC 2026
✅ Commit 10 on Sat Mar 14 02:42:44 UTC 2026
✅ Commit 11 on Sat Mar 14 02:42:44 UTC 2026
✅ Commit 12 on Sat Mar 14 02:42:44 UTC 2026
✅ Commit 1 on Sat Mar 14 06:50:49 UTC 2026
✅ Commit 2 on Sat Mar 14 06:50:49 UTC 2026
✅ Commit 3 on Sat Mar 14 06:50:49 UTC 2026
✅ Commit 4 on Sat Mar 14 06:50:49 UTC 2026
✅ Commit 5 on Sat Mar 14 06:50:49 UTC 2026
✅ Commit 6 on Sat Mar 14 06:50:49 UTC 2026
✅ Commit 7 on Sat Mar 14 06:50:49 UTC 2026
✅ Commit 8 on Sat Mar 14 06:50:49 UTC 2026
✅ Commit 9 on Sat Mar 14 06:50:49 UTC 2026
✅ Commit 10 on Sat Mar 14 06:50:49 UTC 2026
✅ Commit 11 on Sat Mar 14 06:50:49 UTC 2026
✅ Commit 12 on Sat Mar 14 06:50:49 UTC 2026
✅ Commit 1 on Sat Mar 14 13:07:02 UTC 2026
✅ Commit 2 on Sat Mar 14 13:07:02 UTC 2026
✅ Commit 3 on Sat Mar 14 13:07:02 UTC 2026
✅ Commit 4 on Sat Mar 14 13:07:02 UTC 2026
✅ Commit 5 on Sat Mar 14 13:07:02 UTC 2026
✅ Commit 6 on Sat Mar 14 13:07:02 UTC 2026
✅ Commit 7 on Sat Mar 14 13:07:02 UTC 2026
✅ Commit 8 on Sat Mar 14 13:07:02 UTC 2026
✅ Commit 9 on Sat Mar 14 13:07:02 UTC 2026
✅ Commit 10 on Sat Mar 14 13:07:02 UTC 2026
✅ Commit 11 on Sat Mar 14 13:07:02 UTC 2026
✅ Commit 12 on Sat Mar 14 13:07:02 UTC 2026
✅ Commit 1 on Sat Mar 14 18:20:45 UTC 2026
✅ Commit 2 on Sat Mar 14 18:20:45 UTC 2026
✅ Commit 3 on Sat Mar 14 18:20:45 UTC 2026
✅ Commit 4 on Sat Mar 14 18:20:45 UTC 2026
✅ Commit 5 on Sat Mar 14 18:20:45 UTC 2026
✅ Commit 6 on Sat Mar 14 18:20:45 UTC 2026
✅ Commit 7 on Sat Mar 14 18:20:45 UTC 2026
✅ Commit 8 on Sat Mar 14 18:20:45 UTC 2026
✅ Commit 9 on Sat Mar 14 18:20:45 UTC 2026
✅ Commit 10 on Sat Mar 14 18:20:45 UTC 2026
✅ Commit 11 on Sat Mar 14 18:20:45 UTC 2026
✅ Commit 12 on Sat Mar 14 18:20:45 UTC 2026
✅ Commit 1 on Sun Mar 15 03:21:33 UTC 2026
✅ Commit 2 on Sun Mar 15 03:21:33 UTC 2026
✅ Commit 3 on Sun Mar 15 03:21:33 UTC 2026
✅ Commit 4 on Sun Mar 15 03:21:33 UTC 2026
✅ Commit 5 on Sun Mar 15 03:21:33 UTC 2026
✅ Commit 6 on Sun Mar 15 03:21:33 UTC 2026
✅ Commit 7 on Sun Mar 15 03:21:33 UTC 2026
✅ Commit 8 on Sun Mar 15 03:21:33 UTC 2026
✅ Commit 9 on Sun Mar 15 03:21:33 UTC 2026
✅ Commit 10 on Sun Mar 15 03:21:33 UTC 2026
✅ Commit 11 on Sun Mar 15 03:21:33 UTC 2026
✅ Commit 12 on Sun Mar 15 03:21:33 UTC 2026
✅ Commit 1 on Sun Mar 15 07:00:05 UTC 2026
✅ Commit 2 on Sun Mar 15 07:00:05 UTC 2026
✅ Commit 3 on Sun Mar 15 07:00:05 UTC 2026
✅ Commit 4 on Sun Mar 15 07:00:05 UTC 2026
✅ Commit 5 on Sun Mar 15 07:00:05 UTC 2026
✅ Commit 6 on Sun Mar 15 07:00:05 UTC 2026
✅ Commit 7 on Sun Mar 15 07:00:05 UTC 2026
✅ Commit 8 on Sun Mar 15 07:00:05 UTC 2026
✅ Commit 9 on Sun Mar 15 07:00:05 UTC 2026
✅ Commit 10 on Sun Mar 15 07:00:05 UTC 2026
✅ Commit 11 on Sun Mar 15 07:00:05 UTC 2026
✅ Commit 12 on Sun Mar 15 07:00:05 UTC 2026
✅ Commit 1 on Sun Mar 15 13:07:38 UTC 2026
✅ Commit 2 on Sun Mar 15 13:07:38 UTC 2026
✅ Commit 3 on Sun Mar 15 13:07:38 UTC 2026
✅ Commit 4 on Sun Mar 15 13:07:38 UTC 2026
✅ Commit 5 on Sun Mar 15 13:07:38 UTC 2026
✅ Commit 6 on Sun Mar 15 13:07:38 UTC 2026
✅ Commit 7 on Sun Mar 15 13:07:39 UTC 2026
✅ Commit 8 on Sun Mar 15 13:07:39 UTC 2026
✅ Commit 9 on Sun Mar 15 13:07:39 UTC 2026
✅ Commit 10 on Sun Mar 15 13:07:39 UTC 2026
✅ Commit 11 on Sun Mar 15 13:07:39 UTC 2026
✅ Commit 12 on Sun Mar 15 13:07:39 UTC 2026
✅ Commit 1 on Sun Mar 15 18:21:17 UTC 2026
✅ Commit 2 on Sun Mar 15 18:21:17 UTC 2026
✅ Commit 3 on Sun Mar 15 18:21:17 UTC 2026
✅ Commit 4 on Sun Mar 15 18:21:17 UTC 2026
✅ Commit 5 on Sun Mar 15 18:21:17 UTC 2026
✅ Commit 6 on Sun Mar 15 18:21:17 UTC 2026
✅ Commit 7 on Sun Mar 15 18:21:17 UTC 2026
✅ Commit 8 on Sun Mar 15 18:21:17 UTC 2026
✅ Commit 9 on Sun Mar 15 18:21:17 UTC 2026
✅ Commit 10 on Sun Mar 15 18:21:17 UTC 2026
✅ Commit 11 on Sun Mar 15 18:21:17 UTC 2026
✅ Commit 12 on Sun Mar 15 18:21:17 UTC 2026
✅ Commit 1 on Mon Mar 16 03:24:12 UTC 2026
✅ Commit 2 on Mon Mar 16 03:24:12 UTC 2026
✅ Commit 3 on Mon Mar 16 03:24:12 UTC 2026
✅ Commit 4 on Mon Mar 16 03:24:12 UTC 2026
✅ Commit 5 on Mon Mar 16 03:24:12 UTC 2026
✅ Commit 6 on Mon Mar 16 03:24:12 UTC 2026
✅ Commit 7 on Mon Mar 16 03:24:12 UTC 2026
✅ Commit 8 on Mon Mar 16 03:24:12 UTC 2026
✅ Commit 9 on Mon Mar 16 03:24:12 UTC 2026
✅ Commit 10 on Mon Mar 16 03:24:12 UTC 2026
✅ Commit 11 on Mon Mar 16 03:24:12 UTC 2026
✅ Commit 12 on Mon Mar 16 03:24:12 UTC 2026
✅ Commit 1 on Mon Mar 16 07:21:07 UTC 2026
✅ Commit 2 on Mon Mar 16 07:21:07 UTC 2026
✅ Commit 3 on Mon Mar 16 07:21:07 UTC 2026
✅ Commit 4 on Mon Mar 16 07:21:07 UTC 2026
✅ Commit 5 on Mon Mar 16 07:21:07 UTC 2026
✅ Commit 6 on Mon Mar 16 07:21:07 UTC 2026
✅ Commit 7 on Mon Mar 16 07:21:07 UTC 2026
✅ Commit 8 on Mon Mar 16 07:21:07 UTC 2026
✅ Commit 9 on Mon Mar 16 07:21:07 UTC 2026
✅ Commit 10 on Mon Mar 16 07:21:07 UTC 2026
✅ Commit 11 on Mon Mar 16 07:21:07 UTC 2026
✅ Commit 12 on Mon Mar 16 07:21:07 UTC 2026
✅ Commit 1 on Mon Mar 16 13:41:59 UTC 2026
✅ Commit 2 on Mon Mar 16 13:41:59 UTC 2026
✅ Commit 3 on Mon Mar 16 13:41:59 UTC 2026
✅ Commit 4 on Mon Mar 16 13:41:59 UTC 2026
✅ Commit 5 on Mon Mar 16 13:41:59 UTC 2026
✅ Commit 6 on Mon Mar 16 13:41:59 UTC 2026
✅ Commit 7 on Mon Mar 16 13:41:59 UTC 2026
✅ Commit 8 on Mon Mar 16 13:41:59 UTC 2026
✅ Commit 9 on Mon Mar 16 13:41:59 UTC 2026
✅ Commit 10 on Mon Mar 16 13:41:59 UTC 2026
✅ Commit 11 on Mon Mar 16 13:41:59 UTC 2026
✅ Commit 12 on Mon Mar 16 13:41:59 UTC 2026
✅ Commit 1 on Mon Mar 16 18:44:01 UTC 2026
✅ Commit 2 on Mon Mar 16 18:44:01 UTC 2026
✅ Commit 3 on Mon Mar 16 18:44:01 UTC 2026
✅ Commit 4 on Mon Mar 16 18:44:01 UTC 2026
✅ Commit 5 on Mon Mar 16 18:44:01 UTC 2026
✅ Commit 6 on Mon Mar 16 18:44:01 UTC 2026
✅ Commit 7 on Mon Mar 16 18:44:01 UTC 2026
✅ Commit 8 on Mon Mar 16 18:44:01 UTC 2026
✅ Commit 9 on Mon Mar 16 18:44:02 UTC 2026
✅ Commit 10 on Mon Mar 16 18:44:02 UTC 2026
✅ Commit 11 on Mon Mar 16 18:44:02 UTC 2026
✅ Commit 12 on Mon Mar 16 18:44:02 UTC 2026
✅ Commit 1 on Tue Mar 17 02:46:57 UTC 2026
✅ Commit 2 on Tue Mar 17 02:46:57 UTC 2026
✅ Commit 3 on Tue Mar 17 02:46:57 UTC 2026
✅ Commit 4 on Tue Mar 17 02:46:57 UTC 2026
✅ Commit 5 on Tue Mar 17 02:46:57 UTC 2026
✅ Commit 6 on Tue Mar 17 02:46:57 UTC 2026
✅ Commit 7 on Tue Mar 17 02:46:57 UTC 2026
✅ Commit 8 on Tue Mar 17 02:46:57 UTC 2026
✅ Commit 9 on Tue Mar 17 02:46:57 UTC 2026
✅ Commit 10 on Tue Mar 17 02:46:57 UTC 2026
✅ Commit 11 on Tue Mar 17 02:46:57 UTC 2026
✅ Commit 12 on Tue Mar 17 02:46:57 UTC 2026
✅ Commit 1 on Tue Mar 17 07:07:35 UTC 2026
✅ Commit 2 on Tue Mar 17 07:07:35 UTC 2026
✅ Commit 3 on Tue Mar 17 07:07:35 UTC 2026
✅ Commit 4 on Tue Mar 17 07:07:35 UTC 2026
✅ Commit 5 on Tue Mar 17 07:07:35 UTC 2026
✅ Commit 6 on Tue Mar 17 07:07:35 UTC 2026
✅ Commit 7 on Tue Mar 17 07:07:35 UTC 2026
✅ Commit 8 on Tue Mar 17 07:07:35 UTC 2026
✅ Commit 9 on Tue Mar 17 07:07:35 UTC 2026
✅ Commit 10 on Tue Mar 17 07:07:35 UTC 2026
✅ Commit 11 on Tue Mar 17 07:07:35 UTC 2026
✅ Commit 12 on Tue Mar 17 07:07:35 UTC 2026
✅ Commit 1 on Tue Mar 17 13:26:47 UTC 2026
✅ Commit 2 on Tue Mar 17 13:26:47 UTC 2026
✅ Commit 3 on Tue Mar 17 13:26:47 UTC 2026
✅ Commit 4 on Tue Mar 17 13:26:47 UTC 2026
✅ Commit 5 on Tue Mar 17 13:26:47 UTC 2026
✅ Commit 6 on Tue Mar 17 13:26:47 UTC 2026
✅ Commit 7 on Tue Mar 17 13:26:47 UTC 2026
✅ Commit 8 on Tue Mar 17 13:26:47 UTC 2026
✅ Commit 9 on Tue Mar 17 13:26:47 UTC 2026
✅ Commit 10 on Tue Mar 17 13:26:47 UTC 2026
✅ Commit 11 on Tue Mar 17 13:26:47 UTC 2026
✅ Commit 12 on Tue Mar 17 13:26:47 UTC 2026
✅ Commit 1 on Tue Mar 17 18:43:58 UTC 2026
✅ Commit 2 on Tue Mar 17 18:43:58 UTC 2026
✅ Commit 3 on Tue Mar 17 18:43:58 UTC 2026
✅ Commit 4 on Tue Mar 17 18:43:58 UTC 2026
✅ Commit 5 on Tue Mar 17 18:43:58 UTC 2026
✅ Commit 6 on Tue Mar 17 18:43:58 UTC 2026
✅ Commit 7 on Tue Mar 17 18:43:58 UTC 2026
✅ Commit 8 on Tue Mar 17 18:43:58 UTC 2026
✅ Commit 9 on Tue Mar 17 18:43:58 UTC 2026
✅ Commit 10 on Tue Mar 17 18:43:58 UTC 2026
✅ Commit 11 on Tue Mar 17 18:43:58 UTC 2026
✅ Commit 12 on Tue Mar 17 18:43:58 UTC 2026
✅ Commit 1 on Wed Mar 18 02:53:26 UTC 2026
✅ Commit 2 on Wed Mar 18 02:53:26 UTC 2026
✅ Commit 3 on Wed Mar 18 02:53:26 UTC 2026
✅ Commit 4 on Wed Mar 18 02:53:26 UTC 2026
✅ Commit 5 on Wed Mar 18 02:53:26 UTC 2026
✅ Commit 6 on Wed Mar 18 02:53:26 UTC 2026
✅ Commit 7 on Wed Mar 18 02:53:26 UTC 2026
✅ Commit 8 on Wed Mar 18 02:53:26 UTC 2026
✅ Commit 9 on Wed Mar 18 02:53:26 UTC 2026
✅ Commit 10 on Wed Mar 18 02:53:26 UTC 2026
✅ Commit 11 on Wed Mar 18 02:53:26 UTC 2026
✅ Commit 12 on Wed Mar 18 02:53:26 UTC 2026
✅ Commit 1 on Wed Mar 18 07:03:49 UTC 2026
✅ Commit 2 on Wed Mar 18 07:03:49 UTC 2026
✅ Commit 3 on Wed Mar 18 07:03:49 UTC 2026
✅ Commit 4 on Wed Mar 18 07:03:50 UTC 2026
✅ Commit 5 on Wed Mar 18 07:03:50 UTC 2026
✅ Commit 6 on Wed Mar 18 07:03:50 UTC 2026
✅ Commit 7 on Wed Mar 18 07:03:50 UTC 2026
✅ Commit 8 on Wed Mar 18 07:03:50 UTC 2026
✅ Commit 9 on Wed Mar 18 07:03:50 UTC 2026
✅ Commit 10 on Wed Mar 18 07:03:50 UTC 2026
✅ Commit 11 on Wed Mar 18 07:03:50 UTC 2026
✅ Commit 12 on Wed Mar 18 07:03:50 UTC 2026
✅ Commit 1 on Wed Mar 18 13:40:58 UTC 2026
✅ Commit 2 on Wed Mar 18 13:40:58 UTC 2026
✅ Commit 3 on Wed Mar 18 13:40:58 UTC 2026
✅ Commit 4 on Wed Mar 18 13:40:59 UTC 2026
✅ Commit 5 on Wed Mar 18 13:40:59 UTC 2026
✅ Commit 6 on Wed Mar 18 13:40:59 UTC 2026
✅ Commit 7 on Wed Mar 18 13:40:59 UTC 2026
✅ Commit 8 on Wed Mar 18 13:40:59 UTC 2026
✅ Commit 9 on Wed Mar 18 13:40:59 UTC 2026
✅ Commit 10 on Wed Mar 18 13:40:59 UTC 2026
✅ Commit 11 on Wed Mar 18 13:40:59 UTC 2026
✅ Commit 12 on Wed Mar 18 13:40:59 UTC 2026
✅ Commit 1 on Wed Mar 18 18:41:31 UTC 2026
✅ Commit 2 on Wed Mar 18 18:41:31 UTC 2026
✅ Commit 3 on Wed Mar 18 18:41:31 UTC 2026
✅ Commit 4 on Wed Mar 18 18:41:31 UTC 2026
✅ Commit 5 on Wed Mar 18 18:41:31 UTC 2026
✅ Commit 6 on Wed Mar 18 18:41:31 UTC 2026
✅ Commit 7 on Wed Mar 18 18:41:31 UTC 2026
✅ Commit 8 on Wed Mar 18 18:41:31 UTC 2026
✅ Commit 9 on Wed Mar 18 18:41:31 UTC 2026
✅ Commit 10 on Wed Mar 18 18:41:31 UTC 2026
✅ Commit 11 on Wed Mar 18 18:41:31 UTC 2026
✅ Commit 12 on Wed Mar 18 18:41:31 UTC 2026
✅ Commit 1 on Thu Mar 19 02:54:48 UTC 2026
✅ Commit 2 on Thu Mar 19 02:54:48 UTC 2026
✅ Commit 3 on Thu Mar 19 02:54:48 UTC 2026
✅ Commit 4 on Thu Mar 19 02:54:48 UTC 2026
✅ Commit 5 on Thu Mar 19 02:54:48 UTC 2026
✅ Commit 6 on Thu Mar 19 02:54:48 UTC 2026
✅ Commit 7 on Thu Mar 19 02:54:48 UTC 2026
✅ Commit 8 on Thu Mar 19 02:54:48 UTC 2026
✅ Commit 9 on Thu Mar 19 02:54:48 UTC 2026
✅ Commit 10 on Thu Mar 19 02:54:48 UTC 2026
✅ Commit 11 on Thu Mar 19 02:54:48 UTC 2026
✅ Commit 12 on Thu Mar 19 02:54:48 UTC 2026
✅ Commit 1 on Thu Mar 19 07:01:06 UTC 2026
✅ Commit 2 on Thu Mar 19 07:01:06 UTC 2026
✅ Commit 3 on Thu Mar 19 07:01:06 UTC 2026
✅ Commit 4 on Thu Mar 19 07:01:06 UTC 2026
✅ Commit 5 on Thu Mar 19 07:01:06 UTC 2026
✅ Commit 6 on Thu Mar 19 07:01:06 UTC 2026
✅ Commit 7 on Thu Mar 19 07:01:06 UTC 2026
✅ Commit 8 on Thu Mar 19 07:01:06 UTC 2026
✅ Commit 9 on Thu Mar 19 07:01:06 UTC 2026
✅ Commit 10 on Thu Mar 19 07:01:06 UTC 2026
✅ Commit 11 on Thu Mar 19 07:01:07 UTC 2026
✅ Commit 12 on Thu Mar 19 07:01:07 UTC 2026
✅ Commit 1 on Thu Mar 19 13:21:38 UTC 2026
✅ Commit 2 on Thu Mar 19 13:21:38 UTC 2026
✅ Commit 3 on Thu Mar 19 13:21:38 UTC 2026
✅ Commit 4 on Thu Mar 19 13:21:38 UTC 2026
✅ Commit 5 on Thu Mar 19 13:21:38 UTC 2026
✅ Commit 6 on Thu Mar 19 13:21:38 UTC 2026
✅ Commit 7 on Thu Mar 19 13:21:38 UTC 2026
✅ Commit 8 on Thu Mar 19 13:21:38 UTC 2026
✅ Commit 9 on Thu Mar 19 13:21:38 UTC 2026
✅ Commit 10 on Thu Mar 19 13:21:38 UTC 2026
✅ Commit 11 on Thu Mar 19 13:21:38 UTC 2026
✅ Commit 12 on Thu Mar 19 13:21:38 UTC 2026
✅ Commit 1 on Thu Mar 19 18:39:06 UTC 2026
✅ Commit 2 on Thu Mar 19 18:39:06 UTC 2026
✅ Commit 3 on Thu Mar 19 18:39:06 UTC 2026
✅ Commit 4 on Thu Mar 19 18:39:06 UTC 2026
✅ Commit 5 on Thu Mar 19 18:39:06 UTC 2026
✅ Commit 6 on Thu Mar 19 18:39:06 UTC 2026
✅ Commit 7 on Thu Mar 19 18:39:06 UTC 2026
✅ Commit 8 on Thu Mar 19 18:39:06 UTC 2026
✅ Commit 9 on Thu Mar 19 18:39:06 UTC 2026
✅ Commit 10 on Thu Mar 19 18:39:06 UTC 2026
✅ Commit 11 on Thu Mar 19 18:39:06 UTC 2026
✅ Commit 12 on Thu Mar 19 18:39:06 UTC 2026
✅ Commit 1 on Fri Mar 20 02:45:42 UTC 2026
✅ Commit 2 on Fri Mar 20 02:45:42 UTC 2026
✅ Commit 3 on Fri Mar 20 02:45:42 UTC 2026
✅ Commit 4 on Fri Mar 20 02:45:42 UTC 2026
✅ Commit 5 on Fri Mar 20 02:45:42 UTC 2026
✅ Commit 6 on Fri Mar 20 02:45:42 UTC 2026
✅ Commit 7 on Fri Mar 20 02:45:42 UTC 2026
✅ Commit 8 on Fri Mar 20 02:45:42 UTC 2026
✅ Commit 9 on Fri Mar 20 02:45:42 UTC 2026
✅ Commit 10 on Fri Mar 20 02:45:42 UTC 2026
✅ Commit 11 on Fri Mar 20 02:45:42 UTC 2026
✅ Commit 12 on Fri Mar 20 02:45:42 UTC 2026
✅ Commit 1 on Fri Mar 20 06:58:36 UTC 2026
✅ Commit 2 on Fri Mar 20 06:58:36 UTC 2026
✅ Commit 3 on Fri Mar 20 06:58:36 UTC 2026
✅ Commit 4 on Fri Mar 20 06:58:36 UTC 2026
✅ Commit 5 on Fri Mar 20 06:58:36 UTC 2026
✅ Commit 6 on Fri Mar 20 06:58:36 UTC 2026
✅ Commit 7 on Fri Mar 20 06:58:36 UTC 2026
✅ Commit 8 on Fri Mar 20 06:58:36 UTC 2026
✅ Commit 9 on Fri Mar 20 06:58:36 UTC 2026
✅ Commit 10 on Fri Mar 20 06:58:36 UTC 2026
✅ Commit 11 on Fri Mar 20 06:58:36 UTC 2026
✅ Commit 12 on Fri Mar 20 06:58:36 UTC 2026
✅ Commit 1 on Fri Mar 20 13:14:34 UTC 2026
✅ Commit 2 on Fri Mar 20 13:14:34 UTC 2026
✅ Commit 3 on Fri Mar 20 13:14:34 UTC 2026
✅ Commit 4 on Fri Mar 20 13:14:34 UTC 2026
✅ Commit 5 on Fri Mar 20 13:14:34 UTC 2026
✅ Commit 6 on Fri Mar 20 13:14:34 UTC 2026
✅ Commit 7 on Fri Mar 20 13:14:34 UTC 2026
✅ Commit 8 on Fri Mar 20 13:14:34 UTC 2026
✅ Commit 9 on Fri Mar 20 13:14:34 UTC 2026
✅ Commit 10 on Fri Mar 20 13:14:34 UTC 2026
✅ Commit 11 on Fri Mar 20 13:14:34 UTC 2026
✅ Commit 12 on Fri Mar 20 13:14:34 UTC 2026
✅ Commit 1 on Fri Mar 20 18:30:56 UTC 2026
✅ Commit 2 on Fri Mar 20 18:30:56 UTC 2026
✅ Commit 3 on Fri Mar 20 18:30:56 UTC 2026
✅ Commit 4 on Fri Mar 20 18:30:56 UTC 2026
✅ Commit 5 on Fri Mar 20 18:30:56 UTC 2026
✅ Commit 6 on Fri Mar 20 18:30:56 UTC 2026
✅ Commit 7 on Fri Mar 20 18:30:56 UTC 2026
✅ Commit 8 on Fri Mar 20 18:30:56 UTC 2026
✅ Commit 9 on Fri Mar 20 18:30:56 UTC 2026
✅ Commit 10 on Fri Mar 20 18:30:56 UTC 2026
✅ Commit 11 on Fri Mar 20 18:30:56 UTC 2026
✅ Commit 12 on Fri Mar 20 18:30:56 UTC 2026
✅ Commit 1 on Sat Mar 21 02:39:04 UTC 2026
✅ Commit 2 on Sat Mar 21 02:39:04 UTC 2026
✅ Commit 3 on Sat Mar 21 02:39:04 UTC 2026
✅ Commit 4 on Sat Mar 21 02:39:04 UTC 2026
✅ Commit 5 on Sat Mar 21 02:39:04 UTC 2026
✅ Commit 6 on Sat Mar 21 02:39:04 UTC 2026
✅ Commit 7 on Sat Mar 21 02:39:04 UTC 2026
✅ Commit 8 on Sat Mar 21 02:39:04 UTC 2026
✅ Commit 9 on Sat Mar 21 02:39:04 UTC 2026
✅ Commit 10 on Sat Mar 21 02:39:04 UTC 2026
✅ Commit 11 on Sat Mar 21 02:39:04 UTC 2026
✅ Commit 12 on Sat Mar 21 02:39:04 UTC 2026
✅ Commit 1 on Sat Mar 21 06:48:49 UTC 2026
✅ Commit 2 on Sat Mar 21 06:48:49 UTC 2026
✅ Commit 3 on Sat Mar 21 06:48:49 UTC 2026
✅ Commit 4 on Sat Mar 21 06:48:49 UTC 2026
✅ Commit 5 on Sat Mar 21 06:48:49 UTC 2026
✅ Commit 6 on Sat Mar 21 06:48:49 UTC 2026
✅ Commit 7 on Sat Mar 21 06:48:49 UTC 2026
✅ Commit 8 on Sat Mar 21 06:48:49 UTC 2026
✅ Commit 9 on Sat Mar 21 06:48:49 UTC 2026
✅ Commit 10 on Sat Mar 21 06:48:50 UTC 2026
✅ Commit 11 on Sat Mar 21 06:48:50 UTC 2026
✅ Commit 12 on Sat Mar 21 06:48:50 UTC 2026
✅ Commit 1 on Sat Mar 21 13:03:57 UTC 2026
✅ Commit 2 on Sat Mar 21 13:03:57 UTC 2026
✅ Commit 3 on Sat Mar 21 13:03:57 UTC 2026
✅ Commit 4 on Sat Mar 21 13:03:57 UTC 2026
✅ Commit 5 on Sat Mar 21 13:03:57 UTC 2026
✅ Commit 6 on Sat Mar 21 13:03:57 UTC 2026
✅ Commit 7 on Sat Mar 21 13:03:57 UTC 2026
✅ Commit 8 on Sat Mar 21 13:03:57 UTC 2026
✅ Commit 9 on Sat Mar 21 13:03:57 UTC 2026
✅ Commit 10 on Sat Mar 21 13:03:57 UTC 2026
✅ Commit 11 on Sat Mar 21 13:03:57 UTC 2026
✅ Commit 12 on Sat Mar 21 13:03:58 UTC 2026
✅ Commit 1 on Sat Mar 21 18:19:46 UTC 2026
✅ Commit 2 on Sat Mar 21 18:19:46 UTC 2026
✅ Commit 3 on Sat Mar 21 18:19:46 UTC 2026
✅ Commit 4 on Sat Mar 21 18:19:46 UTC 2026
✅ Commit 5 on Sat Mar 21 18:19:46 UTC 2026
✅ Commit 6 on Sat Mar 21 18:19:46 UTC 2026
✅ Commit 7 on Sat Mar 21 18:19:46 UTC 2026
✅ Commit 8 on Sat Mar 21 18:19:46 UTC 2026
✅ Commit 9 on Sat Mar 21 18:19:46 UTC 2026
✅ Commit 10 on Sat Mar 21 18:19:46 UTC 2026
✅ Commit 11 on Sat Mar 21 18:19:46 UTC 2026
✅ Commit 12 on Sat Mar 21 18:19:46 UTC 2026
✅ Commit 1 on Sun Mar 22 02:55:29 UTC 2026
✅ Commit 2 on Sun Mar 22 02:55:29 UTC 2026
✅ Commit 3 on Sun Mar 22 02:55:29 UTC 2026
✅ Commit 4 on Sun Mar 22 02:55:29 UTC 2026
✅ Commit 5 on Sun Mar 22 02:55:29 UTC 2026
✅ Commit 6 on Sun Mar 22 02:55:29 UTC 2026
✅ Commit 7 on Sun Mar 22 02:55:29 UTC 2026
✅ Commit 8 on Sun Mar 22 02:55:29 UTC 2026
✅ Commit 9 on Sun Mar 22 02:55:29 UTC 2026
✅ Commit 10 on Sun Mar 22 02:55:29 UTC 2026
✅ Commit 11 on Sun Mar 22 02:55:29 UTC 2026
✅ Commit 12 on Sun Mar 22 02:55:29 UTC 2026
✅ Commit 1 on Sun Mar 22 06:55:13 UTC 2026
✅ Commit 2 on Sun Mar 22 06:55:13 UTC 2026
✅ Commit 3 on Sun Mar 22 06:55:13 UTC 2026
✅ Commit 4 on Sun Mar 22 06:55:13 UTC 2026
✅ Commit 5 on Sun Mar 22 06:55:13 UTC 2026
✅ Commit 6 on Sun Mar 22 06:55:13 UTC 2026
✅ Commit 7 on Sun Mar 22 06:55:13 UTC 2026
✅ Commit 8 on Sun Mar 22 06:55:13 UTC 2026
✅ Commit 9 on Sun Mar 22 06:55:14 UTC 2026
✅ Commit 10 on Sun Mar 22 06:55:14 UTC 2026
✅ Commit 11 on Sun Mar 22 06:55:14 UTC 2026
✅ Commit 12 on Sun Mar 22 06:55:14 UTC 2026
✅ Commit 1 on Sun Mar 22 13:06:07 UTC 2026
✅ Commit 2 on Sun Mar 22 13:06:07 UTC 2026
✅ Commit 3 on Sun Mar 22 13:06:07 UTC 2026
✅ Commit 4 on Sun Mar 22 13:06:07 UTC 2026
✅ Commit 5 on Sun Mar 22 13:06:07 UTC 2026
✅ Commit 6 on Sun Mar 22 13:06:07 UTC 2026
✅ Commit 7 on Sun Mar 22 13:06:07 UTC 2026
✅ Commit 8 on Sun Mar 22 13:06:07 UTC 2026
✅ Commit 9 on Sun Mar 22 13:06:07 UTC 2026
✅ Commit 10 on Sun Mar 22 13:06:07 UTC 2026
✅ Commit 11 on Sun Mar 22 13:06:07 UTC 2026
✅ Commit 12 on Sun Mar 22 13:06:07 UTC 2026
✅ Commit 1 on Sun Mar 22 18:20:04 UTC 2026
✅ Commit 2 on Sun Mar 22 18:20:04 UTC 2026
✅ Commit 3 on Sun Mar 22 18:20:04 UTC 2026
✅ Commit 4 on Sun Mar 22 18:20:04 UTC 2026
✅ Commit 5 on Sun Mar 22 18:20:04 UTC 2026
✅ Commit 6 on Sun Mar 22 18:20:04 UTC 2026
✅ Commit 7 on Sun Mar 22 18:20:04 UTC 2026
✅ Commit 8 on Sun Mar 22 18:20:04 UTC 2026
✅ Commit 9 on Sun Mar 22 18:20:04 UTC 2026
✅ Commit 10 on Sun Mar 22 18:20:04 UTC 2026
✅ Commit 11 on Sun Mar 22 18:20:04 UTC 2026
✅ Commit 12 on Sun Mar 22 18:20:04 UTC 2026
✅ Commit 1 on Mon Mar 23 02:55:27 UTC 2026
✅ Commit 2 on Mon Mar 23 02:55:27 UTC 2026
✅ Commit 3 on Mon Mar 23 02:55:27 UTC 2026
✅ Commit 4 on Mon Mar 23 02:55:27 UTC 2026
✅ Commit 5 on Mon Mar 23 02:55:27 UTC 2026
✅ Commit 6 on Mon Mar 23 02:55:27 UTC 2026
✅ Commit 7 on Mon Mar 23 02:55:27 UTC 2026
✅ Commit 8 on Mon Mar 23 02:55:27 UTC 2026
✅ Commit 9 on Mon Mar 23 02:55:27 UTC 2026
✅ Commit 10 on Mon Mar 23 02:55:27 UTC 2026
✅ Commit 11 on Mon Mar 23 02:55:27 UTC 2026
✅ Commit 12 on Mon Mar 23 02:55:27 UTC 2026
✅ Commit 1 on Mon Mar 23 07:13:39 UTC 2026
✅ Commit 2 on Mon Mar 23 07:13:39 UTC 2026
✅ Commit 3 on Mon Mar 23 07:13:39 UTC 2026
✅ Commit 4 on Mon Mar 23 07:13:39 UTC 2026
✅ Commit 5 on Mon Mar 23 07:13:39 UTC 2026
✅ Commit 6 on Mon Mar 23 07:13:39 UTC 2026
✅ Commit 7 on Mon Mar 23 07:13:39 UTC 2026
✅ Commit 8 on Mon Mar 23 07:13:39 UTC 2026
✅ Commit 9 on Mon Mar 23 07:13:39 UTC 2026
✅ Commit 10 on Mon Mar 23 07:13:39 UTC 2026
✅ Commit 11 on Mon Mar 23 07:13:39 UTC 2026
✅ Commit 12 on Mon Mar 23 07:13:39 UTC 2026
✅ Commit 1 on Mon Mar 23 13:23:30 UTC 2026
✅ Commit 2 on Mon Mar 23 13:23:30 UTC 2026
✅ Commit 3 on Mon Mar 23 13:23:30 UTC 2026
✅ Commit 4 on Mon Mar 23 13:23:30 UTC 2026
✅ Commit 5 on Mon Mar 23 13:23:30 UTC 2026
✅ Commit 6 on Mon Mar 23 13:23:30 UTC 2026
✅ Commit 7 on Mon Mar 23 13:23:30 UTC 2026
✅ Commit 8 on Mon Mar 23 13:23:30 UTC 2026
✅ Commit 9 on Mon Mar 23 13:23:30 UTC 2026
✅ Commit 10 on Mon Mar 23 13:23:30 UTC 2026
✅ Commit 11 on Mon Mar 23 13:23:30 UTC 2026
✅ Commit 12 on Mon Mar 23 13:23:30 UTC 2026
✅ Commit 1 on Mon Mar 23 18:36:50 UTC 2026
✅ Commit 2 on Mon Mar 23 18:36:50 UTC 2026
✅ Commit 3 on Mon Mar 23 18:36:50 UTC 2026
✅ Commit 4 on Mon Mar 23 18:36:50 UTC 2026
✅ Commit 5 on Mon Mar 23 18:36:50 UTC 2026
✅ Commit 6 on Mon Mar 23 18:36:50 UTC 2026
✅ Commit 7 on Mon Mar 23 18:36:50 UTC 2026
✅ Commit 8 on Mon Mar 23 18:36:50 UTC 2026
✅ Commit 9 on Mon Mar 23 18:36:50 UTC 2026
✅ Commit 10 on Mon Mar 23 18:36:50 UTC 2026
✅ Commit 11 on Mon Mar 23 18:36:50 UTC 2026
✅ Commit 12 on Mon Mar 23 18:36:50 UTC 2026
✅ Commit 1 on Tue Mar 24 02:47:25 UTC 2026
✅ Commit 2 on Tue Mar 24 02:47:25 UTC 2026
✅ Commit 3 on Tue Mar 24 02:47:25 UTC 2026
✅ Commit 4 on Tue Mar 24 02:47:25 UTC 2026
✅ Commit 5 on Tue Mar 24 02:47:25 UTC 2026
✅ Commit 6 on Tue Mar 24 02:47:25 UTC 2026
✅ Commit 7 on Tue Mar 24 02:47:25 UTC 2026
✅ Commit 8 on Tue Mar 24 02:47:25 UTC 2026
✅ Commit 9 on Tue Mar 24 02:47:25 UTC 2026
✅ Commit 10 on Tue Mar 24 02:47:25 UTC 2026
✅ Commit 11 on Tue Mar 24 02:47:25 UTC 2026
✅ Commit 12 on Tue Mar 24 02:47:25 UTC 2026
✅ Commit 1 on Tue Mar 24 07:06:42 UTC 2026
✅ Commit 2 on Tue Mar 24 07:06:42 UTC 2026
✅ Commit 3 on Tue Mar 24 07:06:42 UTC 2026
✅ Commit 4 on Tue Mar 24 07:06:42 UTC 2026
✅ Commit 5 on Tue Mar 24 07:06:42 UTC 2026
✅ Commit 6 on Tue Mar 24 07:06:42 UTC 2026
✅ Commit 7 on Tue Mar 24 07:06:42 UTC 2026
✅ Commit 8 on Tue Mar 24 07:06:42 UTC 2026
✅ Commit 9 on Tue Mar 24 07:06:42 UTC 2026
✅ Commit 10 on Tue Mar 24 07:06:42 UTC 2026
✅ Commit 11 on Tue Mar 24 07:06:42 UTC 2026
✅ Commit 12 on Tue Mar 24 07:06:42 UTC 2026
✅ Commit 1 on Tue Mar 24 13:27:01 UTC 2026
✅ Commit 2 on Tue Mar 24 13:27:01 UTC 2026
✅ Commit 3 on Tue Mar 24 13:27:01 UTC 2026
✅ Commit 4 on Tue Mar 24 13:27:01 UTC 2026
✅ Commit 5 on Tue Mar 24 13:27:01 UTC 2026
✅ Commit 6 on Tue Mar 24 13:27:01 UTC 2026
✅ Commit 7 on Tue Mar 24 13:27:01 UTC 2026
✅ Commit 8 on Tue Mar 24 13:27:01 UTC 2026
✅ Commit 9 on Tue Mar 24 13:27:01 UTC 2026
✅ Commit 10 on Tue Mar 24 13:27:01 UTC 2026
✅ Commit 11 on Tue Mar 24 13:27:02 UTC 2026
✅ Commit 12 on Tue Mar 24 13:27:02 UTC 2026
✅ Commit 1 on Tue Mar 24 18:44:24 UTC 2026
✅ Commit 2 on Tue Mar 24 18:44:24 UTC 2026
✅ Commit 3 on Tue Mar 24 18:44:24 UTC 2026
✅ Commit 4 on Tue Mar 24 18:44:24 UTC 2026
✅ Commit 5 on Tue Mar 24 18:44:24 UTC 2026
✅ Commit 6 on Tue Mar 24 18:44:24 UTC 2026
✅ Commit 7 on Tue Mar 24 18:44:24 UTC 2026
✅ Commit 8 on Tue Mar 24 18:44:24 UTC 2026
✅ Commit 9 on Tue Mar 24 18:44:24 UTC 2026
✅ Commit 10 on Tue Mar 24 18:44:24 UTC 2026
✅ Commit 11 on Tue Mar 24 18:44:24 UTC 2026
✅ Commit 12 on Tue Mar 24 18:44:24 UTC 2026
✅ Commit 1 on Wed Mar 25 02:51:59 UTC 2026
✅ Commit 2 on Wed Mar 25 02:51:59 UTC 2026
✅ Commit 3 on Wed Mar 25 02:51:59 UTC 2026
✅ Commit 4 on Wed Mar 25 02:51:59 UTC 2026
✅ Commit 5 on Wed Mar 25 02:51:59 UTC 2026
✅ Commit 6 on Wed Mar 25 02:51:59 UTC 2026
✅ Commit 7 on Wed Mar 25 02:51:59 UTC 2026
✅ Commit 8 on Wed Mar 25 02:51:59 UTC 2026
✅ Commit 9 on Wed Mar 25 02:52:00 UTC 2026
✅ Commit 10 on Wed Mar 25 02:52:00 UTC 2026
✅ Commit 11 on Wed Mar 25 02:52:00 UTC 2026
✅ Commit 12 on Wed Mar 25 02:52:00 UTC 2026
✅ Commit 1 on Wed Mar 25 07:04:42 UTC 2026
✅ Commit 2 on Wed Mar 25 07:04:42 UTC 2026
✅ Commit 3 on Wed Mar 25 07:04:42 UTC 2026
✅ Commit 4 on Wed Mar 25 07:04:42 UTC 2026
✅ Commit 5 on Wed Mar 25 07:04:42 UTC 2026
✅ Commit 6 on Wed Mar 25 07:04:42 UTC 2026
✅ Commit 7 on Wed Mar 25 07:04:42 UTC 2026
✅ Commit 8 on Wed Mar 25 07:04:42 UTC 2026
✅ Commit 9 on Wed Mar 25 07:04:42 UTC 2026
✅ Commit 10 on Wed Mar 25 07:04:42 UTC 2026
✅ Commit 11 on Wed Mar 25 07:04:42 UTC 2026
✅ Commit 12 on Wed Mar 25 07:04:43 UTC 2026
✅ Commit 1 on Wed Mar 25 13:26:12 UTC 2026
✅ Commit 2 on Wed Mar 25 13:26:12 UTC 2026
✅ Commit 3 on Wed Mar 25 13:26:12 UTC 2026
✅ Commit 4 on Wed Mar 25 13:26:12 UTC 2026
✅ Commit 5 on Wed Mar 25 13:26:12 UTC 2026
✅ Commit 6 on Wed Mar 25 13:26:12 UTC 2026
✅ Commit 7 on Wed Mar 25 13:26:12 UTC 2026
✅ Commit 8 on Wed Mar 25 13:26:12 UTC 2026
✅ Commit 9 on Wed Mar 25 13:26:12 UTC 2026
✅ Commit 10 on Wed Mar 25 13:26:13 UTC 2026
✅ Commit 11 on Wed Mar 25 13:26:13 UTC 2026
✅ Commit 12 on Wed Mar 25 13:26:13 UTC 2026
✅ Commit 1 on Wed Mar 25 18:40:22 UTC 2026
✅ Commit 2 on Wed Mar 25 18:40:22 UTC 2026
✅ Commit 3 on Wed Mar 25 18:40:22 UTC 2026
✅ Commit 4 on Wed Mar 25 18:40:22 UTC 2026
✅ Commit 5 on Wed Mar 25 18:40:22 UTC 2026
✅ Commit 6 on Wed Mar 25 18:40:22 UTC 2026
✅ Commit 7 on Wed Mar 25 18:40:22 UTC 2026
✅ Commit 8 on Wed Mar 25 18:40:22 UTC 2026
✅ Commit 9 on Wed Mar 25 18:40:22 UTC 2026
✅ Commit 10 on Wed Mar 25 18:40:22 UTC 2026
✅ Commit 11 on Wed Mar 25 18:40:22 UTC 2026
✅ Commit 12 on Wed Mar 25 18:40:23 UTC 2026
✅ Commit 1 on Thu Mar 26 03:17:20 UTC 2026
✅ Commit 2 on Thu Mar 26 03:17:20 UTC 2026
✅ Commit 3 on Thu Mar 26 03:17:20 UTC 2026
✅ Commit 4 on Thu Mar 26 03:17:20 UTC 2026
✅ Commit 5 on Thu Mar 26 03:17:20 UTC 2026
✅ Commit 6 on Thu Mar 26 03:17:20 UTC 2026
✅ Commit 7 on Thu Mar 26 03:17:20 UTC 2026
✅ Commit 8 on Thu Mar 26 03:17:20 UTC 2026
✅ Commit 9 on Thu Mar 26 03:17:20 UTC 2026
✅ Commit 10 on Thu Mar 26 03:17:20 UTC 2026
✅ Commit 11 on Thu Mar 26 03:17:20 UTC 2026
✅ Commit 12 on Thu Mar 26 03:17:20 UTC 2026
✅ Commit 1 on Thu Mar 26 07:12:22 UTC 2026
✅ Commit 2 on Thu Mar 26 07:12:22 UTC 2026
✅ Commit 3 on Thu Mar 26 07:12:22 UTC 2026
✅ Commit 4 on Thu Mar 26 07:12:22 UTC 2026
✅ Commit 5 on Thu Mar 26 07:12:22 UTC 2026
✅ Commit 6 on Thu Mar 26 07:12:22 UTC 2026
✅ Commit 7 on Thu Mar 26 07:12:22 UTC 2026
✅ Commit 8 on Thu Mar 26 07:12:22 UTC 2026
✅ Commit 9 on Thu Mar 26 07:12:22 UTC 2026
✅ Commit 10 on Thu Mar 26 07:12:22 UTC 2026
✅ Commit 11 on Thu Mar 26 07:12:22 UTC 2026
✅ Commit 12 on Thu Mar 26 07:12:22 UTC 2026
✅ Commit 1 on Thu Mar 26 13:44:08 UTC 2026
✅ Commit 2 on Thu Mar 26 13:44:08 UTC 2026
✅ Commit 3 on Thu Mar 26 13:44:08 UTC 2026
✅ Commit 4 on Thu Mar 26 13:44:08 UTC 2026
✅ Commit 5 on Thu Mar 26 13:44:08 UTC 2026
✅ Commit 6 on Thu Mar 26 13:44:08 UTC 2026
✅ Commit 7 on Thu Mar 26 13:44:08 UTC 2026
✅ Commit 8 on Thu Mar 26 13:44:08 UTC 2026
✅ Commit 9 on Thu Mar 26 13:44:08 UTC 2026
✅ Commit 10 on Thu Mar 26 13:44:08 UTC 2026
✅ Commit 11 on Thu Mar 26 13:44:08 UTC 2026
✅ Commit 12 on Thu Mar 26 13:44:08 UTC 2026
✅ Commit 1 on Thu Mar 26 18:47:47 UTC 2026
✅ Commit 2 on Thu Mar 26 18:47:47 UTC 2026
✅ Commit 3 on Thu Mar 26 18:47:47 UTC 2026
✅ Commit 4 on Thu Mar 26 18:47:47 UTC 2026
✅ Commit 5 on Thu Mar 26 18:47:47 UTC 2026
✅ Commit 6 on Thu Mar 26 18:47:47 UTC 2026
✅ Commit 7 on Thu Mar 26 18:47:47 UTC 2026
✅ Commit 8 on Thu Mar 26 18:47:47 UTC 2026
✅ Commit 9 on Thu Mar 26 18:47:47 UTC 2026
✅ Commit 10 on Thu Mar 26 18:47:47 UTC 2026
✅ Commit 11 on Thu Mar 26 18:47:47 UTC 2026
✅ Commit 12 on Thu Mar 26 18:47:47 UTC 2026
✅ Commit 1 on Fri Mar 27 03:20:36 UTC 2026
✅ Commit 2 on Fri Mar 27 03:20:36 UTC 2026
✅ Commit 3 on Fri Mar 27 03:20:36 UTC 2026
✅ Commit 4 on Fri Mar 27 03:20:36 UTC 2026
✅ Commit 5 on Fri Mar 27 03:20:36 UTC 2026
✅ Commit 6 on Fri Mar 27 03:20:36 UTC 2026
✅ Commit 7 on Fri Mar 27 03:20:36 UTC 2026
✅ Commit 8 on Fri Mar 27 03:20:36 UTC 2026
✅ Commit 9 on Fri Mar 27 03:20:36 UTC 2026
✅ Commit 10 on Fri Mar 27 03:20:36 UTC 2026
✅ Commit 11 on Fri Mar 27 03:20:36 UTC 2026
✅ Commit 12 on Fri Mar 27 03:20:36 UTC 2026
✅ Commit 1 on Fri Mar 27 07:11:21 UTC 2026
✅ Commit 2 on Fri Mar 27 07:11:21 UTC 2026
✅ Commit 3 on Fri Mar 27 07:11:21 UTC 2026
✅ Commit 4 on Fri Mar 27 07:11:21 UTC 2026
✅ Commit 5 on Fri Mar 27 07:11:21 UTC 2026
✅ Commit 6 on Fri Mar 27 07:11:21 UTC 2026
✅ Commit 7 on Fri Mar 27 07:11:21 UTC 2026
✅ Commit 8 on Fri Mar 27 07:11:21 UTC 2026
✅ Commit 9 on Fri Mar 27 07:11:21 UTC 2026
✅ Commit 10 on Fri Mar 27 07:11:21 UTC 2026
✅ Commit 11 on Fri Mar 27 07:11:21 UTC 2026
✅ Commit 12 on Fri Mar 27 07:11:21 UTC 2026
✅ Commit 1 on Fri Mar 27 13:21:30 UTC 2026
✅ Commit 2 on Fri Mar 27 13:21:30 UTC 2026
✅ Commit 3 on Fri Mar 27 13:21:30 UTC 2026
✅ Commit 4 on Fri Mar 27 13:21:30 UTC 2026
✅ Commit 5 on Fri Mar 27 13:21:30 UTC 2026
✅ Commit 6 on Fri Mar 27 13:21:30 UTC 2026
✅ Commit 7 on Fri Mar 27 13:21:30 UTC 2026
✅ Commit 8 on Fri Mar 27 13:21:30 UTC 2026
✅ Commit 9 on Fri Mar 27 13:21:30 UTC 2026
✅ Commit 10 on Fri Mar 27 13:21:30 UTC 2026
✅ Commit 11 on Fri Mar 27 13:21:30 UTC 2026
✅ Commit 12 on Fri Mar 27 13:21:30 UTC 2026
✅ Commit 1 on Fri Mar 27 18:39:57 UTC 2026
✅ Commit 2 on Fri Mar 27 18:39:57 UTC 2026
✅ Commit 3 on Fri Mar 27 18:39:57 UTC 2026
✅ Commit 4 on Fri Mar 27 18:39:58 UTC 2026
✅ Commit 5 on Fri Mar 27 18:39:58 UTC 2026
✅ Commit 6 on Fri Mar 27 18:39:58 UTC 2026
✅ Commit 7 on Fri Mar 27 18:39:58 UTC 2026
✅ Commit 8 on Fri Mar 27 18:39:58 UTC 2026
✅ Commit 9 on Fri Mar 27 18:39:58 UTC 2026
✅ Commit 10 on Fri Mar 27 18:39:58 UTC 2026
✅ Commit 11 on Fri Mar 27 18:39:58 UTC 2026
✅ Commit 12 on Fri Mar 27 18:39:58 UTC 2026
✅ Commit 1 on Sat Mar 28 02:50:54 UTC 2026
✅ Commit 2 on Sat Mar 28 02:50:54 UTC 2026
✅ Commit 3 on Sat Mar 28 02:50:54 UTC 2026
✅ Commit 4 on Sat Mar 28 02:50:55 UTC 2026
✅ Commit 5 on Sat Mar 28 02:50:55 UTC 2026
✅ Commit 6 on Sat Mar 28 02:50:55 UTC 2026
✅ Commit 7 on Sat Mar 28 02:50:55 UTC 2026
✅ Commit 8 on Sat Mar 28 02:50:55 UTC 2026
✅ Commit 9 on Sat Mar 28 02:50:55 UTC 2026
✅ Commit 10 on Sat Mar 28 02:50:55 UTC 2026
✅ Commit 11 on Sat Mar 28 02:50:55 UTC 2026
✅ Commit 12 on Sat Mar 28 02:50:55 UTC 2026
✅ Commit 1 on Sat Mar 28 07:01:04 UTC 2026
✅ Commit 2 on Sat Mar 28 07:01:04 UTC 2026
✅ Commit 3 on Sat Mar 28 07:01:04 UTC 2026
✅ Commit 4 on Sat Mar 28 07:01:04 UTC 2026
✅ Commit 5 on Sat Mar 28 07:01:04 UTC 2026
✅ Commit 6 on Sat Mar 28 07:01:04 UTC 2026
✅ Commit 7 on Sat Mar 28 07:01:04 UTC 2026
✅ Commit 8 on Sat Mar 28 07:01:04 UTC 2026
✅ Commit 9 on Sat Mar 28 07:01:04 UTC 2026
✅ Commit 10 on Sat Mar 28 07:01:04 UTC 2026
✅ Commit 11 on Sat Mar 28 07:01:04 UTC 2026
✅ Commit 12 on Sat Mar 28 07:01:04 UTC 2026
✅ Commit 1 on Sat Mar 28 13:09:27 UTC 2026
✅ Commit 2 on Sat Mar 28 13:09:27 UTC 2026
✅ Commit 3 on Sat Mar 28 13:09:28 UTC 2026
✅ Commit 4 on Sat Mar 28 13:09:28 UTC 2026
✅ Commit 5 on Sat Mar 28 13:09:28 UTC 2026
✅ Commit 6 on Sat Mar 28 13:09:28 UTC 2026
✅ Commit 7 on Sat Mar 28 13:09:28 UTC 2026
✅ Commit 8 on Sat Mar 28 13:09:28 UTC 2026
✅ Commit 9 on Sat Mar 28 13:09:28 UTC 2026
✅ Commit 10 on Sat Mar 28 13:09:28 UTC 2026
✅ Commit 11 on Sat Mar 28 13:09:28 UTC 2026
✅ Commit 12 on Sat Mar 28 13:09:28 UTC 2026
✅ Commit 1 on Sat Mar 28 18:22:53 UTC 2026
✅ Commit 2 on Sat Mar 28 18:22:53 UTC 2026
✅ Commit 3 on Sat Mar 28 18:22:53 UTC 2026
✅ Commit 4 on Sat Mar 28 18:22:53 UTC 2026
✅ Commit 5 on Sat Mar 28 18:22:53 UTC 2026
✅ Commit 6 on Sat Mar 28 18:22:53 UTC 2026
✅ Commit 7 on Sat Mar 28 18:22:53 UTC 2026
✅ Commit 8 on Sat Mar 28 18:22:53 UTC 2026
✅ Commit 9 on Sat Mar 28 18:22:53 UTC 2026
✅ Commit 10 on Sat Mar 28 18:22:53 UTC 2026
✅ Commit 11 on Sat Mar 28 18:22:53 UTC 2026
✅ Commit 12 on Sat Mar 28 18:22:54 UTC 2026
✅ Commit 1 on Sun Mar 29 03:25:13 UTC 2026
✅ Commit 2 on Sun Mar 29 03:25:13 UTC 2026
✅ Commit 3 on Sun Mar 29 03:25:13 UTC 2026
✅ Commit 4 on Sun Mar 29 03:25:13 UTC 2026
✅ Commit 5 on Sun Mar 29 03:25:13 UTC 2026
✅ Commit 6 on Sun Mar 29 03:25:13 UTC 2026
✅ Commit 7 on Sun Mar 29 03:25:13 UTC 2026
✅ Commit 8 on Sun Mar 29 03:25:13 UTC 2026
✅ Commit 9 on Sun Mar 29 03:25:13 UTC 2026
✅ Commit 10 on Sun Mar 29 03:25:13 UTC 2026
✅ Commit 11 on Sun Mar 29 03:25:13 UTC 2026
✅ Commit 12 on Sun Mar 29 03:25:13 UTC 2026
✅ Commit 1 on Sun Mar 29 07:06:30 UTC 2026
✅ Commit 2 on Sun Mar 29 07:06:30 UTC 2026
✅ Commit 3 on Sun Mar 29 07:06:30 UTC 2026
✅ Commit 4 on Sun Mar 29 07:06:30 UTC 2026
✅ Commit 5 on Sun Mar 29 07:06:30 UTC 2026
✅ Commit 6 on Sun Mar 29 07:06:30 UTC 2026
✅ Commit 7 on Sun Mar 29 07:06:30 UTC 2026
✅ Commit 8 on Sun Mar 29 07:06:30 UTC 2026
✅ Commit 9 on Sun Mar 29 07:06:30 UTC 2026
✅ Commit 10 on Sun Mar 29 07:06:30 UTC 2026
✅ Commit 11 on Sun Mar 29 07:06:30 UTC 2026
✅ Commit 12 on Sun Mar 29 07:06:30 UTC 2026
✅ Commit 1 on Sun Mar 29 13:10:31 UTC 2026
✅ Commit 2 on Sun Mar 29 13:10:31 UTC 2026
✅ Commit 3 on Sun Mar 29 13:10:31 UTC 2026
✅ Commit 4 on Sun Mar 29 13:10:31 UTC 2026
✅ Commit 5 on Sun Mar 29 13:10:31 UTC 2026
✅ Commit 6 on Sun Mar 29 13:10:31 UTC 2026
✅ Commit 7 on Sun Mar 29 13:10:31 UTC 2026
✅ Commit 8 on Sun Mar 29 13:10:31 UTC 2026
✅ Commit 9 on Sun Mar 29 13:10:31 UTC 2026
✅ Commit 10 on Sun Mar 29 13:10:31 UTC 2026
✅ Commit 11 on Sun Mar 29 13:10:31 UTC 2026
✅ Commit 12 on Sun Mar 29 13:10:31 UTC 2026
✅ Commit 1 on Sun Mar 29 18:24:30 UTC 2026
✅ Commit 2 on Sun Mar 29 18:24:30 UTC 2026
✅ Commit 3 on Sun Mar 29 18:24:30 UTC 2026
✅ Commit 4 on Sun Mar 29 18:24:30 UTC 2026
✅ Commit 5 on Sun Mar 29 18:24:30 UTC 2026
✅ Commit 6 on Sun Mar 29 18:24:30 UTC 2026
✅ Commit 7 on Sun Mar 29 18:24:30 UTC 2026
✅ Commit 8 on Sun Mar 29 18:24:30 UTC 2026
✅ Commit 9 on Sun Mar 29 18:24:30 UTC 2026
✅ Commit 10 on Sun Mar 29 18:24:30 UTC 2026
✅ Commit 11 on Sun Mar 29 18:24:30 UTC 2026
✅ Commit 12 on Sun Mar 29 18:24:30 UTC 2026
✅ Commit 1 on Mon Mar 30 03:28:24 UTC 2026
✅ Commit 2 on Mon Mar 30 03:28:24 UTC 2026
✅ Commit 3 on Mon Mar 30 03:28:24 UTC 2026
✅ Commit 4 on Mon Mar 30 03:28:24 UTC 2026
✅ Commit 5 on Mon Mar 30 03:28:24 UTC 2026
✅ Commit 6 on Mon Mar 30 03:28:24 UTC 2026
✅ Commit 7 on Mon Mar 30 03:28:24 UTC 2026
✅ Commit 8 on Mon Mar 30 03:28:24 UTC 2026
✅ Commit 9 on Mon Mar 30 03:28:24 UTC 2026
✅ Commit 10 on Mon Mar 30 03:28:24 UTC 2026
✅ Commit 11 on Mon Mar 30 03:28:24 UTC 2026
✅ Commit 12 on Mon Mar 30 03:28:24 UTC 2026
✅ Commit 1 on Mon Mar 30 07:45:17 UTC 2026
✅ Commit 2 on Mon Mar 30 07:45:17 UTC 2026
✅ Commit 3 on Mon Mar 30 07:45:17 UTC 2026
✅ Commit 4 on Mon Mar 30 07:45:17 UTC 2026
✅ Commit 5 on Mon Mar 30 07:45:17 UTC 2026
✅ Commit 6 on Mon Mar 30 07:45:17 UTC 2026
✅ Commit 7 on Mon Mar 30 07:45:17 UTC 2026
✅ Commit 8 on Mon Mar 30 07:45:17 UTC 2026
✅ Commit 9 on Mon Mar 30 07:45:17 UTC 2026
✅ Commit 10 on Mon Mar 30 07:45:17 UTC 2026
✅ Commit 11 on Mon Mar 30 07:45:17 UTC 2026
✅ Commit 12 on Mon Mar 30 07:45:17 UTC 2026
✅ Commit 1 on Mon Mar 30 13:49:27 UTC 2026
✅ Commit 2 on Mon Mar 30 13:49:27 UTC 2026
✅ Commit 3 on Mon Mar 30 13:49:27 UTC 2026
✅ Commit 4 on Mon Mar 30 13:49:27 UTC 2026
✅ Commit 5 on Mon Mar 30 13:49:27 UTC 2026
✅ Commit 6 on Mon Mar 30 13:49:27 UTC 2026
✅ Commit 7 on Mon Mar 30 13:49:27 UTC 2026
✅ Commit 8 on Mon Mar 30 13:49:27 UTC 2026
✅ Commit 9 on Mon Mar 30 13:49:27 UTC 2026
✅ Commit 10 on Mon Mar 30 13:49:27 UTC 2026
✅ Commit 11 on Mon Mar 30 13:49:27 UTC 2026
✅ Commit 12 on Mon Mar 30 13:49:27 UTC 2026
✅ Commit 1 on Mon Mar 30 18:42:35 UTC 2026
✅ Commit 2 on Mon Mar 30 18:42:35 UTC 2026
✅ Commit 3 on Mon Mar 30 18:42:35 UTC 2026
✅ Commit 4 on Mon Mar 30 18:42:35 UTC 2026
✅ Commit 5 on Mon Mar 30 18:42:35 UTC 2026
✅ Commit 6 on Mon Mar 30 18:42:35 UTC 2026
✅ Commit 7 on Mon Mar 30 18:42:35 UTC 2026
✅ Commit 8 on Mon Mar 30 18:42:35 UTC 2026
✅ Commit 9 on Mon Mar 30 18:42:35 UTC 2026
✅ Commit 10 on Mon Mar 30 18:42:35 UTC 2026
✅ Commit 11 on Mon Mar 30 18:42:35 UTC 2026
✅ Commit 12 on Mon Mar 30 18:42:35 UTC 2026
✅ Commit 1 on Tue Mar 31 03:19:28 UTC 2026
✅ Commit 2 on Tue Mar 31 03:19:28 UTC 2026
✅ Commit 3 on Tue Mar 31 03:19:28 UTC 2026
✅ Commit 4 on Tue Mar 31 03:19:28 UTC 2026
✅ Commit 5 on Tue Mar 31 03:19:28 UTC 2026
✅ Commit 6 on Tue Mar 31 03:19:28 UTC 2026
✅ Commit 7 on Tue Mar 31 03:19:28 UTC 2026
✅ Commit 8 on Tue Mar 31 03:19:28 UTC 2026
✅ Commit 9 on Tue Mar 31 03:19:28 UTC 2026
✅ Commit 10 on Tue Mar 31 03:19:28 UTC 2026
✅ Commit 11 on Tue Mar 31 03:19:29 UTC 2026
✅ Commit 12 on Tue Mar 31 03:19:29 UTC 2026
✅ Commit 1 on Tue Mar 31 07:18:22 UTC 2026
✅ Commit 2 on Tue Mar 31 07:18:22 UTC 2026
✅ Commit 3 on Tue Mar 31 07:18:22 UTC 2026
✅ Commit 4 on Tue Mar 31 07:18:22 UTC 2026
✅ Commit 5 on Tue Mar 31 07:18:22 UTC 2026
✅ Commit 6 on Tue Mar 31 07:18:22 UTC 2026
✅ Commit 7 on Tue Mar 31 07:18:22 UTC 2026
✅ Commit 8 on Tue Mar 31 07:18:22 UTC 2026
✅ Commit 9 on Tue Mar 31 07:18:22 UTC 2026
✅ Commit 10 on Tue Mar 31 07:18:22 UTC 2026
✅ Commit 11 on Tue Mar 31 07:18:22 UTC 2026
✅ Commit 12 on Tue Mar 31 07:18:22 UTC 2026
✅ Commit 1 on Tue Mar 31 13:48:49 UTC 2026
✅ Commit 2 on Tue Mar 31 13:48:49 UTC 2026
✅ Commit 3 on Tue Mar 31 13:48:49 UTC 2026
✅ Commit 4 on Tue Mar 31 13:48:49 UTC 2026
✅ Commit 5 on Tue Mar 31 13:48:49 UTC 2026
✅ Commit 6 on Tue Mar 31 13:48:49 UTC 2026
✅ Commit 7 on Tue Mar 31 13:48:49 UTC 2026
✅ Commit 8 on Tue Mar 31 13:48:49 UTC 2026
✅ Commit 9 on Tue Mar 31 13:48:49 UTC 2026
✅ Commit 10 on Tue Mar 31 13:48:49 UTC 2026
✅ Commit 11 on Tue Mar 31 13:48:49 UTC 2026
✅ Commit 12 on Tue Mar 31 13:48:49 UTC 2026
✅ Commit 1 on Tue Mar 31 18:43:18 UTC 2026
✅ Commit 2 on Tue Mar 31 18:43:18 UTC 2026
✅ Commit 3 on Tue Mar 31 18:43:18 UTC 2026
✅ Commit 4 on Tue Mar 31 18:43:18 UTC 2026
✅ Commit 5 on Tue Mar 31 18:43:19 UTC 2026
✅ Commit 6 on Tue Mar 31 18:43:19 UTC 2026
✅ Commit 7 on Tue Mar 31 18:43:19 UTC 2026
✅ Commit 8 on Tue Mar 31 18:43:19 UTC 2026
✅ Commit 9 on Tue Mar 31 18:43:19 UTC 2026
✅ Commit 10 on Tue Mar 31 18:43:19 UTC 2026
✅ Commit 11 on Tue Mar 31 18:43:19 UTC 2026
✅ Commit 12 on Tue Mar 31 18:43:19 UTC 2026
✅ Commit 1 on Wed Apr  1 03:32:12 UTC 2026
✅ Commit 2 on Wed Apr  1 03:32:12 UTC 2026
✅ Commit 3 on Wed Apr  1 03:32:12 UTC 2026
✅ Commit 4 on Wed Apr  1 03:32:12 UTC 2026
✅ Commit 5 on Wed Apr  1 03:32:12 UTC 2026
✅ Commit 6 on Wed Apr  1 03:32:12 UTC 2026
✅ Commit 7 on Wed Apr  1 03:32:12 UTC 2026
✅ Commit 8 on Wed Apr  1 03:32:12 UTC 2026
✅ Commit 9 on Wed Apr  1 03:32:12 UTC 2026
✅ Commit 10 on Wed Apr  1 03:32:12 UTC 2026
✅ Commit 11 on Wed Apr  1 03:32:12 UTC 2026
✅ Commit 12 on Wed Apr  1 03:32:12 UTC 2026
✅ Commit 1 on Wed Apr  1 07:23:43 UTC 2026
✅ Commit 2 on Wed Apr  1 07:23:43 UTC 2026
✅ Commit 3 on Wed Apr  1 07:23:43 UTC 2026
✅ Commit 4 on Wed Apr  1 07:23:43 UTC 2026
✅ Commit 5 on Wed Apr  1 07:23:43 UTC 2026
✅ Commit 6 on Wed Apr  1 07:23:43 UTC 2026
✅ Commit 7 on Wed Apr  1 07:23:43 UTC 2026
✅ Commit 8 on Wed Apr  1 07:23:43 UTC 2026
✅ Commit 9 on Wed Apr  1 07:23:43 UTC 2026
✅ Commit 10 on Wed Apr  1 07:23:43 UTC 2026
✅ Commit 11 on Wed Apr  1 07:23:43 UTC 2026
✅ Commit 12 on Wed Apr  1 07:23:43 UTC 2026
✅ Commit 1 on Wed Apr  1 13:52:02 UTC 2026
✅ Commit 2 on Wed Apr  1 13:52:02 UTC 2026
✅ Commit 3 on Wed Apr  1 13:52:02 UTC 2026
✅ Commit 4 on Wed Apr  1 13:52:02 UTC 2026
✅ Commit 5 on Wed Apr  1 13:52:02 UTC 2026
✅ Commit 6 on Wed Apr  1 13:52:02 UTC 2026
✅ Commit 7 on Wed Apr  1 13:52:02 UTC 2026
✅ Commit 8 on Wed Apr  1 13:52:02 UTC 2026
✅ Commit 9 on Wed Apr  1 13:52:02 UTC 2026
✅ Commit 10 on Wed Apr  1 13:52:02 UTC 2026
✅ Commit 11 on Wed Apr  1 13:52:02 UTC 2026
✅ Commit 12 on Wed Apr  1 13:52:02 UTC 2026
✅ Commit 1 on Wed Apr  1 18:42:43 UTC 2026
✅ Commit 2 on Wed Apr  1 18:42:43 UTC 2026
✅ Commit 3 on Wed Apr  1 18:42:43 UTC 2026
✅ Commit 4 on Wed Apr  1 18:42:43 UTC 2026
✅ Commit 5 on Wed Apr  1 18:42:43 UTC 2026
✅ Commit 6 on Wed Apr  1 18:42:43 UTC 2026
✅ Commit 7 on Wed Apr  1 18:42:43 UTC 2026
✅ Commit 8 on Wed Apr  1 18:42:43 UTC 2026
✅ Commit 9 on Wed Apr  1 18:42:43 UTC 2026
✅ Commit 10 on Wed Apr  1 18:42:43 UTC 2026
✅ Commit 11 on Wed Apr  1 18:42:43 UTC 2026
✅ Commit 12 on Wed Apr  1 18:42:44 UTC 2026
✅ Commit 1 on Thu Apr  2 03:15:17 UTC 2026
✅ Commit 2 on Thu Apr  2 03:15:17 UTC 2026
✅ Commit 3 on Thu Apr  2 03:15:17 UTC 2026
✅ Commit 4 on Thu Apr  2 03:15:17 UTC 2026
✅ Commit 5 on Thu Apr  2 03:15:17 UTC 2026
✅ Commit 6 on Thu Apr  2 03:15:17 UTC 2026
✅ Commit 7 on Thu Apr  2 03:15:17 UTC 2026
✅ Commit 8 on Thu Apr  2 03:15:17 UTC 2026
✅ Commit 9 on Thu Apr  2 03:15:17 UTC 2026
✅ Commit 10 on Thu Apr  2 03:15:18 UTC 2026
✅ Commit 11 on Thu Apr  2 03:15:18 UTC 2026
✅ Commit 12 on Thu Apr  2 03:15:18 UTC 2026
✅ Commit 1 on Thu Apr  2 07:15:50 UTC 2026
✅ Commit 2 on Thu Apr  2 07:15:50 UTC 2026
✅ Commit 3 on Thu Apr  2 07:15:50 UTC 2026
✅ Commit 4 on Thu Apr  2 07:15:50 UTC 2026
✅ Commit 5 on Thu Apr  2 07:15:50 UTC 2026
✅ Commit 6 on Thu Apr  2 07:15:50 UTC 2026
✅ Commit 7 on Thu Apr  2 07:15:50 UTC 2026
✅ Commit 8 on Thu Apr  2 07:15:50 UTC 2026
✅ Commit 9 on Thu Apr  2 07:15:50 UTC 2026
✅ Commit 10 on Thu Apr  2 07:15:50 UTC 2026
✅ Commit 11 on Thu Apr  2 07:15:50 UTC 2026
✅ Commit 12 on Thu Apr  2 07:15:50 UTC 2026
✅ Commit 1 on Thu Apr  2 13:42:12 UTC 2026
✅ Commit 2 on Thu Apr  2 13:42:12 UTC 2026
✅ Commit 3 on Thu Apr  2 13:42:12 UTC 2026
✅ Commit 4 on Thu Apr  2 13:42:12 UTC 2026
✅ Commit 5 on Thu Apr  2 13:42:12 UTC 2026
✅ Commit 6 on Thu Apr  2 13:42:12 UTC 2026
✅ Commit 7 on Thu Apr  2 13:42:12 UTC 2026
✅ Commit 8 on Thu Apr  2 13:42:12 UTC 2026
✅ Commit 9 on Thu Apr  2 13:42:12 UTC 2026
✅ Commit 10 on Thu Apr  2 13:42:12 UTC 2026
✅ Commit 11 on Thu Apr  2 13:42:12 UTC 2026
✅ Commit 12 on Thu Apr  2 13:42:12 UTC 2026
✅ Commit 1 on Thu Apr  2 18:39:03 UTC 2026
✅ Commit 2 on Thu Apr  2 18:39:03 UTC 2026
✅ Commit 3 on Thu Apr  2 18:39:03 UTC 2026
✅ Commit 4 on Thu Apr  2 18:39:03 UTC 2026
✅ Commit 5 on Thu Apr  2 18:39:03 UTC 2026
✅ Commit 6 on Thu Apr  2 18:39:03 UTC 2026
✅ Commit 7 on Thu Apr  2 18:39:03 UTC 2026
✅ Commit 8 on Thu Apr  2 18:39:03 UTC 2026
✅ Commit 9 on Thu Apr  2 18:39:03 UTC 2026
✅ Commit 10 on Thu Apr  2 18:39:03 UTC 2026
✅ Commit 11 on Thu Apr  2 18:39:03 UTC 2026
✅ Commit 12 on Thu Apr  2 18:39:03 UTC 2026
✅ Commit 1 on Fri Apr  3 03:17:25 UTC 2026
✅ Commit 2 on Fri Apr  3 03:17:25 UTC 2026
✅ Commit 3 on Fri Apr  3 03:17:25 UTC 2026
✅ Commit 4 on Fri Apr  3 03:17:25 UTC 2026
✅ Commit 5 on Fri Apr  3 03:17:25 UTC 2026
✅ Commit 6 on Fri Apr  3 03:17:25 UTC 2026
✅ Commit 7 on Fri Apr  3 03:17:25 UTC 2026
✅ Commit 8 on Fri Apr  3 03:17:25 UTC 2026
✅ Commit 9 on Fri Apr  3 03:17:25 UTC 2026
✅ Commit 10 on Fri Apr  3 03:17:25 UTC 2026
✅ Commit 11 on Fri Apr  3 03:17:25 UTC 2026
✅ Commit 12 on Fri Apr  3 03:17:25 UTC 2026
✅ Commit 1 on Fri Apr  3 07:12:20 UTC 2026
✅ Commit 2 on Fri Apr  3 07:12:20 UTC 2026
✅ Commit 3 on Fri Apr  3 07:12:20 UTC 2026
✅ Commit 4 on Fri Apr  3 07:12:20 UTC 2026
✅ Commit 5 on Fri Apr  3 07:12:20 UTC 2026
✅ Commit 6 on Fri Apr  3 07:12:20 UTC 2026
✅ Commit 7 on Fri Apr  3 07:12:20 UTC 2026
✅ Commit 8 on Fri Apr  3 07:12:20 UTC 2026
✅ Commit 9 on Fri Apr  3 07:12:20 UTC 2026
✅ Commit 10 on Fri Apr  3 07:12:20 UTC 2026
✅ Commit 11 on Fri Apr  3 07:12:21 UTC 2026
✅ Commit 12 on Fri Apr  3 07:12:21 UTC 2026
✅ Commit 1 on Fri Apr  3 13:18:30 UTC 2026
✅ Commit 2 on Fri Apr  3 13:18:30 UTC 2026
✅ Commit 3 on Fri Apr  3 13:18:30 UTC 2026
✅ Commit 4 on Fri Apr  3 13:18:30 UTC 2026
✅ Commit 5 on Fri Apr  3 13:18:30 UTC 2026
✅ Commit 6 on Fri Apr  3 13:18:30 UTC 2026
✅ Commit 7 on Fri Apr  3 13:18:30 UTC 2026
✅ Commit 8 on Fri Apr  3 13:18:30 UTC 2026
✅ Commit 9 on Fri Apr  3 13:18:30 UTC 2026
✅ Commit 10 on Fri Apr  3 13:18:30 UTC 2026
✅ Commit 11 on Fri Apr  3 13:18:30 UTC 2026
✅ Commit 12 on Fri Apr  3 13:18:30 UTC 2026
✅ Commit 1 on Fri Apr  3 18:30:45 UTC 2026
✅ Commit 2 on Fri Apr  3 18:30:45 UTC 2026
✅ Commit 3 on Fri Apr  3 18:30:45 UTC 2026
✅ Commit 4 on Fri Apr  3 18:30:45 UTC 2026
✅ Commit 5 on Fri Apr  3 18:30:45 UTC 2026
✅ Commit 6 on Fri Apr  3 18:30:45 UTC 2026
✅ Commit 7 on Fri Apr  3 18:30:45 UTC 2026
✅ Commit 8 on Fri Apr  3 18:30:45 UTC 2026
✅ Commit 9 on Fri Apr  3 18:30:45 UTC 2026
✅ Commit 10 on Fri Apr  3 18:30:45 UTC 2026
✅ Commit 11 on Fri Apr  3 18:30:46 UTC 2026
✅ Commit 12 on Fri Apr  3 18:30:46 UTC 2026
✅ Commit 1 on Sat Apr  4 02:49:50 UTC 2026
✅ Commit 2 on Sat Apr  4 02:49:50 UTC 2026
✅ Commit 3 on Sat Apr  4 02:49:50 UTC 2026
✅ Commit 4 on Sat Apr  4 02:49:50 UTC 2026
✅ Commit 5 on Sat Apr  4 02:49:50 UTC 2026
✅ Commit 6 on Sat Apr  4 02:49:50 UTC 2026
✅ Commit 7 on Sat Apr  4 02:49:50 UTC 2026
✅ Commit 8 on Sat Apr  4 02:49:50 UTC 2026
✅ Commit 9 on Sat Apr  4 02:49:50 UTC 2026
✅ Commit 10 on Sat Apr  4 02:49:50 UTC 2026
✅ Commit 11 on Sat Apr  4 02:49:50 UTC 2026
✅ Commit 12 on Sat Apr  4 02:49:50 UTC 2026
✅ Commit 1 on Sat Apr  4 07:03:50 UTC 2026
✅ Commit 2 on Sat Apr  4 07:03:50 UTC 2026
✅ Commit 3 on Sat Apr  4 07:03:50 UTC 2026
✅ Commit 4 on Sat Apr  4 07:03:50 UTC 2026
✅ Commit 5 on Sat Apr  4 07:03:50 UTC 2026
✅ Commit 6 on Sat Apr  4 07:03:50 UTC 2026
✅ Commit 7 on Sat Apr  4 07:03:50 UTC 2026
✅ Commit 8 on Sat Apr  4 07:03:50 UTC 2026
✅ Commit 9 on Sat Apr  4 07:03:50 UTC 2026
✅ Commit 10 on Sat Apr  4 07:03:50 UTC 2026
✅ Commit 11 on Sat Apr  4 07:03:50 UTC 2026
✅ Commit 12 on Sat Apr  4 07:03:50 UTC 2026
✅ Commit 1 on Sat Apr  4 13:10:27 UTC 2026
✅ Commit 2 on Sat Apr  4 13:10:27 UTC 2026
✅ Commit 3 on Sat Apr  4 13:10:27 UTC 2026
✅ Commit 4 on Sat Apr  4 13:10:27 UTC 2026
✅ Commit 5 on Sat Apr  4 13:10:27 UTC 2026
✅ Commit 6 on Sat Apr  4 13:10:27 UTC 2026
✅ Commit 7 on Sat Apr  4 13:10:27 UTC 2026
✅ Commit 8 on Sat Apr  4 13:10:27 UTC 2026
✅ Commit 9 on Sat Apr  4 13:10:27 UTC 2026
✅ Commit 10 on Sat Apr  4 13:10:27 UTC 2026
✅ Commit 11 on Sat Apr  4 13:10:27 UTC 2026
✅ Commit 12 on Sat Apr  4 13:10:27 UTC 2026
✅ Commit 1 on Sat Apr  4 18:24:29 UTC 2026
✅ Commit 2 on Sat Apr  4 18:24:29 UTC 2026
✅ Commit 3 on Sat Apr  4 18:24:29 UTC 2026
✅ Commit 4 on Sat Apr  4 18:24:29 UTC 2026
✅ Commit 5 on Sat Apr  4 18:24:29 UTC 2026
✅ Commit 6 on Sat Apr  4 18:24:29 UTC 2026
✅ Commit 7 on Sat Apr  4 18:24:29 UTC 2026
✅ Commit 8 on Sat Apr  4 18:24:29 UTC 2026
✅ Commit 9 on Sat Apr  4 18:24:29 UTC 2026
✅ Commit 10 on Sat Apr  4 18:24:29 UTC 2026
✅ Commit 11 on Sat Apr  4 18:24:29 UTC 2026
✅ Commit 12 on Sat Apr  4 18:24:29 UTC 2026
✅ Commit 1 on Sun Apr  5 03:27:35 UTC 2026
✅ Commit 2 on Sun Apr  5 03:27:35 UTC 2026
✅ Commit 3 on Sun Apr  5 03:27:35 UTC 2026
✅ Commit 4 on Sun Apr  5 03:27:35 UTC 2026
✅ Commit 5 on Sun Apr  5 03:27:35 UTC 2026
✅ Commit 6 on Sun Apr  5 03:27:35 UTC 2026
✅ Commit 7 on Sun Apr  5 03:27:35 UTC 2026
✅ Commit 8 on Sun Apr  5 03:27:35 UTC 2026
✅ Commit 9 on Sun Apr  5 03:27:35 UTC 2026
✅ Commit 10 on Sun Apr  5 03:27:35 UTC 2026
✅ Commit 11 on Sun Apr  5 03:27:35 UTC 2026
✅ Commit 12 on Sun Apr  5 03:27:35 UTC 2026
✅ Commit 1 on Sun Apr  5 07:09:54 UTC 2026
✅ Commit 2 on Sun Apr  5 07:09:54 UTC 2026
✅ Commit 3 on Sun Apr  5 07:09:54 UTC 2026
✅ Commit 4 on Sun Apr  5 07:09:54 UTC 2026
✅ Commit 5 on Sun Apr  5 07:09:54 UTC 2026
✅ Commit 6 on Sun Apr  5 07:09:54 UTC 2026
✅ Commit 7 on Sun Apr  5 07:09:54 UTC 2026
✅ Commit 8 on Sun Apr  5 07:09:54 UTC 2026
✅ Commit 9 on Sun Apr  5 07:09:54 UTC 2026
✅ Commit 10 on Sun Apr  5 07:09:54 UTC 2026
✅ Commit 11 on Sun Apr  5 07:09:54 UTC 2026
✅ Commit 12 on Sun Apr  5 07:09:54 UTC 2026
✅ Commit 1 on Sun Apr  5 13:12:17 UTC 2026
✅ Commit 2 on Sun Apr  5 13:12:17 UTC 2026
✅ Commit 3 on Sun Apr  5 13:12:17 UTC 2026
✅ Commit 4 on Sun Apr  5 13:12:17 UTC 2026
✅ Commit 5 on Sun Apr  5 13:12:17 UTC 2026
✅ Commit 6 on Sun Apr  5 13:12:17 UTC 2026
✅ Commit 7 on Sun Apr  5 13:12:17 UTC 2026
✅ Commit 8 on Sun Apr  5 13:12:17 UTC 2026
✅ Commit 9 on Sun Apr  5 13:12:17 UTC 2026
✅ Commit 10 on Sun Apr  5 13:12:17 UTC 2026
✅ Commit 11 on Sun Apr  5 13:12:17 UTC 2026
✅ Commit 12 on Sun Apr  5 13:12:17 UTC 2026
✅ Commit 1 on Sun Apr  5 18:25:24 UTC 2026
✅ Commit 2 on Sun Apr  5 18:25:24 UTC 2026
✅ Commit 3 on Sun Apr  5 18:25:24 UTC 2026
✅ Commit 4 on Sun Apr  5 18:25:24 UTC 2026
✅ Commit 5 on Sun Apr  5 18:25:24 UTC 2026
✅ Commit 6 on Sun Apr  5 18:25:24 UTC 2026
✅ Commit 7 on Sun Apr  5 18:25:24 UTC 2026
✅ Commit 8 on Sun Apr  5 18:25:24 UTC 2026
✅ Commit 9 on Sun Apr  5 18:25:24 UTC 2026
✅ Commit 10 on Sun Apr  5 18:25:24 UTC 2026
✅ Commit 11 on Sun Apr  5 18:25:24 UTC 2026
✅ Commit 12 on Sun Apr  5 18:25:24 UTC 2026
✅ Commit 1 on Mon Apr  6 03:30:34 UTC 2026
✅ Commit 2 on Mon Apr  6 03:30:34 UTC 2026
✅ Commit 3 on Mon Apr  6 03:30:34 UTC 2026
✅ Commit 4 on Mon Apr  6 03:30:34 UTC 2026
✅ Commit 5 on Mon Apr  6 03:30:34 UTC 2026
✅ Commit 6 on Mon Apr  6 03:30:34 UTC 2026
✅ Commit 7 on Mon Apr  6 03:30:34 UTC 2026
✅ Commit 8 on Mon Apr  6 03:30:34 UTC 2026
✅ Commit 9 on Mon Apr  6 03:30:34 UTC 2026
✅ Commit 10 on Mon Apr  6 03:30:35 UTC 2026
✅ Commit 11 on Mon Apr  6 03:30:35 UTC 2026
✅ Commit 12 on Mon Apr  6 03:30:35 UTC 2026
✅ Commit 1 on Mon Apr  6 07:46:42 UTC 2026
✅ Commit 2 on Mon Apr  6 07:46:42 UTC 2026
✅ Commit 3 on Mon Apr  6 07:46:42 UTC 2026
✅ Commit 4 on Mon Apr  6 07:46:42 UTC 2026
✅ Commit 5 on Mon Apr  6 07:46:42 UTC 2026
✅ Commit 6 on Mon Apr  6 07:46:42 UTC 2026
✅ Commit 7 on Mon Apr  6 07:46:42 UTC 2026
✅ Commit 8 on Mon Apr  6 07:46:42 UTC 2026
✅ Commit 9 on Mon Apr  6 07:46:42 UTC 2026
✅ Commit 10 on Mon Apr  6 07:46:42 UTC 2026
✅ Commit 11 on Mon Apr  6 07:46:42 UTC 2026
✅ Commit 12 on Mon Apr  6 07:46:42 UTC 2026
✅ Commit 1 on Mon Apr  6 13:24:51 UTC 2026
✅ Commit 2 on Mon Apr  6 13:24:51 UTC 2026
✅ Commit 3 on Mon Apr  6 13:24:51 UTC 2026
✅ Commit 4 on Mon Apr  6 13:24:51 UTC 2026
✅ Commit 5 on Mon Apr  6 13:24:51 UTC 2026
✅ Commit 6 on Mon Apr  6 13:24:51 UTC 2026
✅ Commit 7 on Mon Apr  6 13:24:51 UTC 2026
✅ Commit 8 on Mon Apr  6 13:24:51 UTC 2026
✅ Commit 9 on Mon Apr  6 13:24:51 UTC 2026
✅ Commit 10 on Mon Apr  6 13:24:51 UTC 2026
✅ Commit 11 on Mon Apr  6 13:24:51 UTC 2026
✅ Commit 12 on Mon Apr  6 13:24:51 UTC 2026
✅ Commit 1 on Mon Apr  6 18:39:16 UTC 2026
✅ Commit 2 on Mon Apr  6 18:39:16 UTC 2026
✅ Commit 3 on Mon Apr  6 18:39:16 UTC 2026
✅ Commit 4 on Mon Apr  6 18:39:16 UTC 2026
✅ Commit 5 on Mon Apr  6 18:39:16 UTC 2026
✅ Commit 6 on Mon Apr  6 18:39:16 UTC 2026
✅ Commit 7 on Mon Apr  6 18:39:16 UTC 2026
✅ Commit 8 on Mon Apr  6 18:39:16 UTC 2026
✅ Commit 9 on Mon Apr  6 18:39:16 UTC 2026
✅ Commit 10 on Mon Apr  6 18:39:16 UTC 2026
✅ Commit 11 on Mon Apr  6 18:39:16 UTC 2026
✅ Commit 12 on Mon Apr  6 18:39:16 UTC 2026
✅ Commit 1 on Tue Apr  7 03:20:23 UTC 2026
✅ Commit 2 on Tue Apr  7 03:20:23 UTC 2026
✅ Commit 3 on Tue Apr  7 03:20:23 UTC 2026
✅ Commit 4 on Tue Apr  7 03:20:23 UTC 2026
✅ Commit 5 on Tue Apr  7 03:20:23 UTC 2026
✅ Commit 6 on Tue Apr  7 03:20:23 UTC 2026
✅ Commit 7 on Tue Apr  7 03:20:23 UTC 2026
✅ Commit 8 on Tue Apr  7 03:20:24 UTC 2026
✅ Commit 9 on Tue Apr  7 03:20:24 UTC 2026
✅ Commit 10 on Tue Apr  7 03:20:24 UTC 2026
✅ Commit 11 on Tue Apr  7 03:20:24 UTC 2026
✅ Commit 12 on Tue Apr  7 03:20:24 UTC 2026
✅ Commit 1 on Tue Apr  7 07:20:53 UTC 2026
✅ Commit 2 on Tue Apr  7 07:20:54 UTC 2026
✅ Commit 3 on Tue Apr  7 07:20:54 UTC 2026
✅ Commit 4 on Tue Apr  7 07:20:54 UTC 2026
✅ Commit 5 on Tue Apr  7 07:20:54 UTC 2026
✅ Commit 6 on Tue Apr  7 07:20:54 UTC 2026
✅ Commit 7 on Tue Apr  7 07:20:54 UTC 2026
✅ Commit 8 on Tue Apr  7 07:20:54 UTC 2026
✅ Commit 9 on Tue Apr  7 07:20:54 UTC 2026
✅ Commit 10 on Tue Apr  7 07:20:54 UTC 2026
✅ Commit 11 on Tue Apr  7 07:20:54 UTC 2026
✅ Commit 12 on Tue Apr  7 07:20:54 UTC 2026
✅ Commit 1 on Tue Apr  7 13:46:40 UTC 2026
✅ Commit 2 on Tue Apr  7 13:46:40 UTC 2026
✅ Commit 3 on Tue Apr  7 13:46:40 UTC 2026
✅ Commit 4 on Tue Apr  7 13:46:40 UTC 2026
✅ Commit 5 on Tue Apr  7 13:46:40 UTC 2026
✅ Commit 6 on Tue Apr  7 13:46:40 UTC 2026
✅ Commit 7 on Tue Apr  7 13:46:41 UTC 2026
✅ Commit 8 on Tue Apr  7 13:46:41 UTC 2026
✅ Commit 9 on Tue Apr  7 13:46:41 UTC 2026
✅ Commit 10 on Tue Apr  7 13:46:41 UTC 2026
✅ Commit 11 on Tue Apr  7 13:46:41 UTC 2026
✅ Commit 12 on Tue Apr  7 13:46:41 UTC 2026
✅ Commit 1 on Tue Apr  7 18:43:39 UTC 2026
✅ Commit 2 on Tue Apr  7 18:43:39 UTC 2026
✅ Commit 3 on Tue Apr  7 18:43:39 UTC 2026
✅ Commit 4 on Tue Apr  7 18:43:39 UTC 2026
✅ Commit 5 on Tue Apr  7 18:43:39 UTC 2026
✅ Commit 6 on Tue Apr  7 18:43:39 UTC 2026
✅ Commit 7 on Tue Apr  7 18:43:39 UTC 2026
✅ Commit 8 on Tue Apr  7 18:43:39 UTC 2026
✅ Commit 9 on Tue Apr  7 18:43:39 UTC 2026
✅ Commit 10 on Tue Apr  7 18:43:39 UTC 2026
✅ Commit 11 on Tue Apr  7 18:43:39 UTC 2026
✅ Commit 12 on Tue Apr  7 18:43:39 UTC 2026
✅ Commit 1 on Wed Apr  8 03:22:49 UTC 2026
✅ Commit 2 on Wed Apr  8 03:22:49 UTC 2026
✅ Commit 3 on Wed Apr  8 03:22:49 UTC 2026
✅ Commit 4 on Wed Apr  8 03:22:49 UTC 2026
✅ Commit 5 on Wed Apr  8 03:22:49 UTC 2026
✅ Commit 6 on Wed Apr  8 03:22:49 UTC 2026
✅ Commit 7 on Wed Apr  8 03:22:49 UTC 2026
✅ Commit 8 on Wed Apr  8 03:22:49 UTC 2026
✅ Commit 9 on Wed Apr  8 03:22:49 UTC 2026
✅ Commit 10 on Wed Apr  8 03:22:49 UTC 2026
✅ Commit 11 on Wed Apr  8 03:22:49 UTC 2026
✅ Commit 12 on Wed Apr  8 03:22:49 UTC 2026
✅ Commit 1 on Wed Apr  8 07:23:28 UTC 2026
✅ Commit 2 on Wed Apr  8 07:23:28 UTC 2026
✅ Commit 3 on Wed Apr  8 07:23:28 UTC 2026
✅ Commit 4 on Wed Apr  8 07:23:28 UTC 2026
✅ Commit 5 on Wed Apr  8 07:23:28 UTC 2026
✅ Commit 6 on Wed Apr  8 07:23:28 UTC 2026
✅ Commit 7 on Wed Apr  8 07:23:28 UTC 2026
✅ Commit 8 on Wed Apr  8 07:23:28 UTC 2026
✅ Commit 9 on Wed Apr  8 07:23:28 UTC 2026
✅ Commit 10 on Wed Apr  8 07:23:28 UTC 2026
✅ Commit 11 on Wed Apr  8 07:23:28 UTC 2026
✅ Commit 12 on Wed Apr  8 07:23:28 UTC 2026
✅ Commit 1 on Wed Apr  8 13:48:43 UTC 2026
✅ Commit 2 on Wed Apr  8 13:48:43 UTC 2026
✅ Commit 3 on Wed Apr  8 13:48:43 UTC 2026
✅ Commit 4 on Wed Apr  8 13:48:43 UTC 2026
✅ Commit 5 on Wed Apr  8 13:48:43 UTC 2026
✅ Commit 6 on Wed Apr  8 13:48:43 UTC 2026
✅ Commit 7 on Wed Apr  8 13:48:43 UTC 2026
✅ Commit 8 on Wed Apr  8 13:48:43 UTC 2026
✅ Commit 9 on Wed Apr  8 13:48:43 UTC 2026
✅ Commit 10 on Wed Apr  8 13:48:44 UTC 2026
✅ Commit 11 on Wed Apr  8 13:48:44 UTC 2026
✅ Commit 12 on Wed Apr  8 13:48:44 UTC 2026
✅ Commit 1 on Wed Apr  8 18:58:53 UTC 2026
✅ Commit 2 on Wed Apr  8 18:58:53 UTC 2026
✅ Commit 3 on Wed Apr  8 18:58:53 UTC 2026
✅ Commit 4 on Wed Apr  8 18:58:53 UTC 2026
✅ Commit 5 on Wed Apr  8 18:58:53 UTC 2026
✅ Commit 6 on Wed Apr  8 18:58:53 UTC 2026
✅ Commit 7 on Wed Apr  8 18:58:53 UTC 2026
✅ Commit 8 on Wed Apr  8 18:58:53 UTC 2026
✅ Commit 9 on Wed Apr  8 18:58:53 UTC 2026
✅ Commit 10 on Wed Apr  8 18:58:53 UTC 2026
✅ Commit 11 on Wed Apr  8 18:58:53 UTC 2026
✅ Commit 12 on Wed Apr  8 18:58:53 UTC 2026
✅ Commit 1 on Thu Apr  9 03:17:03 UTC 2026
✅ Commit 2 on Thu Apr  9 03:17:03 UTC 2026
✅ Commit 3 on Thu Apr  9 03:17:03 UTC 2026
✅ Commit 4 on Thu Apr  9 03:17:03 UTC 2026
✅ Commit 5 on Thu Apr  9 03:17:03 UTC 2026
✅ Commit 6 on Thu Apr  9 03:17:03 UTC 2026
✅ Commit 7 on Thu Apr  9 03:17:03 UTC 2026
✅ Commit 8 on Thu Apr  9 03:17:03 UTC 2026
✅ Commit 9 on Thu Apr  9 03:17:03 UTC 2026
✅ Commit 10 on Thu Apr  9 03:17:03 UTC 2026
✅ Commit 11 on Thu Apr  9 03:17:03 UTC 2026
✅ Commit 12 on Thu Apr  9 03:17:03 UTC 2026
✅ Commit 1 on Thu Apr  9 07:25:54 UTC 2026
✅ Commit 2 on Thu Apr  9 07:25:54 UTC 2026
✅ Commit 3 on Thu Apr  9 07:25:54 UTC 2026
✅ Commit 4 on Thu Apr  9 07:25:54 UTC 2026
✅ Commit 5 on Thu Apr  9 07:25:54 UTC 2026
✅ Commit 6 on Thu Apr  9 07:25:54 UTC 2026
✅ Commit 7 on Thu Apr  9 07:25:54 UTC 2026
✅ Commit 8 on Thu Apr  9 07:25:54 UTC 2026
✅ Commit 9 on Thu Apr  9 07:25:54 UTC 2026
✅ Commit 10 on Thu Apr  9 07:25:54 UTC 2026
✅ Commit 11 on Thu Apr  9 07:25:54 UTC 2026
✅ Commit 12 on Thu Apr  9 07:25:54 UTC 2026
✅ Commit 1 on Thu Apr  9 13:58:51 UTC 2026
✅ Commit 2 on Thu Apr  9 13:58:51 UTC 2026
✅ Commit 3 on Thu Apr  9 13:58:52 UTC 2026
✅ Commit 4 on Thu Apr  9 13:58:52 UTC 2026
✅ Commit 5 on Thu Apr  9 13:58:52 UTC 2026
✅ Commit 6 on Thu Apr  9 13:58:52 UTC 2026
✅ Commit 7 on Thu Apr  9 13:58:52 UTC 2026
✅ Commit 8 on Thu Apr  9 13:58:52 UTC 2026
✅ Commit 9 on Thu Apr  9 13:58:52 UTC 2026
✅ Commit 10 on Thu Apr  9 13:58:52 UTC 2026
✅ Commit 11 on Thu Apr  9 13:58:52 UTC 2026
✅ Commit 12 on Thu Apr  9 13:58:52 UTC 2026
✅ Commit 1 on Thu Apr  9 18:44:00 UTC 2026
✅ Commit 2 on Thu Apr  9 18:44:00 UTC 2026
✅ Commit 3 on Thu Apr  9 18:44:00 UTC 2026
✅ Commit 4 on Thu Apr  9 18:44:00 UTC 2026
✅ Commit 5 on Thu Apr  9 18:44:00 UTC 2026
✅ Commit 6 on Thu Apr  9 18:44:00 UTC 2026
✅ Commit 7 on Thu Apr  9 18:44:00 UTC 2026
✅ Commit 8 on Thu Apr  9 18:44:00 UTC 2026
✅ Commit 9 on Thu Apr  9 18:44:00 UTC 2026
✅ Commit 10 on Thu Apr  9 18:44:00 UTC 2026
✅ Commit 11 on Thu Apr  9 18:44:00 UTC 2026
✅ Commit 12 on Thu Apr  9 18:44:00 UTC 2026
✅ Commit 1 on Fri Apr 10 03:31:00 UTC 2026
✅ Commit 2 on Fri Apr 10 03:31:01 UTC 2026
✅ Commit 3 on Fri Apr 10 03:31:01 UTC 2026
✅ Commit 4 on Fri Apr 10 03:31:01 UTC 2026
✅ Commit 5 on Fri Apr 10 03:31:01 UTC 2026
✅ Commit 6 on Fri Apr 10 03:31:01 UTC 2026
✅ Commit 7 on Fri Apr 10 03:31:01 UTC 2026
✅ Commit 8 on Fri Apr 10 03:31:01 UTC 2026
✅ Commit 9 on Fri Apr 10 03:31:01 UTC 2026
✅ Commit 10 on Fri Apr 10 03:31:01 UTC 2026
✅ Commit 11 on Fri Apr 10 03:31:01 UTC 2026
✅ Commit 12 on Fri Apr 10 03:31:01 UTC 2026
✅ Commit 1 on Fri Apr 10 07:44:39 UTC 2026
✅ Commit 2 on Fri Apr 10 07:44:39 UTC 2026
✅ Commit 3 on Fri Apr 10 07:44:39 UTC 2026
✅ Commit 4 on Fri Apr 10 07:44:39 UTC 2026
✅ Commit 5 on Fri Apr 10 07:44:39 UTC 2026
✅ Commit 6 on Fri Apr 10 07:44:39 UTC 2026
✅ Commit 7 on Fri Apr 10 07:44:39 UTC 2026
✅ Commit 8 on Fri Apr 10 07:44:39 UTC 2026
✅ Commit 9 on Fri Apr 10 07:44:39 UTC 2026
✅ Commit 10 on Fri Apr 10 07:44:39 UTC 2026
✅ Commit 11 on Fri Apr 10 07:44:39 UTC 2026
✅ Commit 12 on Fri Apr 10 07:44:39 UTC 2026
✅ Commit 1 on Fri Apr 10 13:25:46 UTC 2026
✅ Commit 2 on Fri Apr 10 13:25:46 UTC 2026
✅ Commit 3 on Fri Apr 10 13:25:46 UTC 2026
✅ Commit 4 on Fri Apr 10 13:25:46 UTC 2026
✅ Commit 5 on Fri Apr 10 13:25:46 UTC 2026
✅ Commit 6 on Fri Apr 10 13:25:46 UTC 2026
✅ Commit 7 on Fri Apr 10 13:25:46 UTC 2026
✅ Commit 8 on Fri Apr 10 13:25:46 UTC 2026
✅ Commit 9 on Fri Apr 10 13:25:46 UTC 2026
✅ Commit 10 on Fri Apr 10 13:25:46 UTC 2026
✅ Commit 11 on Fri Apr 10 13:25:46 UTC 2026
✅ Commit 12 on Fri Apr 10 13:25:46 UTC 2026
✅ Commit 1 on Fri Apr 10 18:36:46 UTC 2026
✅ Commit 2 on Fri Apr 10 18:36:46 UTC 2026
✅ Commit 3 on Fri Apr 10 18:36:46 UTC 2026
✅ Commit 4 on Fri Apr 10 18:36:46 UTC 2026
✅ Commit 5 on Fri Apr 10 18:36:46 UTC 2026
✅ Commit 6 on Fri Apr 10 18:36:46 UTC 2026
✅ Commit 7 on Fri Apr 10 18:36:46 UTC 2026
✅ Commit 8 on Fri Apr 10 18:36:46 UTC 2026
✅ Commit 9 on Fri Apr 10 18:36:46 UTC 2026
✅ Commit 10 on Fri Apr 10 18:36:46 UTC 2026
✅ Commit 11 on Fri Apr 10 18:36:46 UTC 2026
✅ Commit 12 on Fri Apr 10 18:36:46 UTC 2026
✅ Commit 1 on Sat Apr 11 02:54:10 UTC 2026
✅ Commit 2 on Sat Apr 11 02:54:10 UTC 2026
✅ Commit 3 on Sat Apr 11 02:54:10 UTC 2026
✅ Commit 4 on Sat Apr 11 02:54:10 UTC 2026
✅ Commit 5 on Sat Apr 11 02:54:10 UTC 2026
✅ Commit 6 on Sat Apr 11 02:54:10 UTC 2026
✅ Commit 7 on Sat Apr 11 02:54:10 UTC 2026
✅ Commit 8 on Sat Apr 11 02:54:10 UTC 2026
✅ Commit 9 on Sat Apr 11 02:54:10 UTC 2026
✅ Commit 10 on Sat Apr 11 02:54:10 UTC 2026
✅ Commit 11 on Sat Apr 11 02:54:10 UTC 2026
✅ Commit 12 on Sat Apr 11 02:54:10 UTC 2026
✅ Commit 1 on Sat Apr 11 07:02:59 UTC 2026
✅ Commit 2 on Sat Apr 11 07:03:00 UTC 2026
✅ Commit 3 on Sat Apr 11 07:03:00 UTC 2026
✅ Commit 4 on Sat Apr 11 07:03:00 UTC 2026
✅ Commit 5 on Sat Apr 11 07:03:00 UTC 2026
✅ Commit 6 on Sat Apr 11 07:03:00 UTC 2026
✅ Commit 7 on Sat Apr 11 07:03:00 UTC 2026
✅ Commit 8 on Sat Apr 11 07:03:00 UTC 2026
✅ Commit 9 on Sat Apr 11 07:03:00 UTC 2026
✅ Commit 10 on Sat Apr 11 07:03:00 UTC 2026
✅ Commit 11 on Sat Apr 11 07:03:00 UTC 2026
✅ Commit 12 on Sat Apr 11 07:03:00 UTC 2026
✅ Commit 1 on Sat Apr 11 13:13:22 UTC 2026
✅ Commit 2 on Sat Apr 11 13:13:22 UTC 2026
✅ Commit 3 on Sat Apr 11 13:13:22 UTC 2026
✅ Commit 4 on Sat Apr 11 13:13:22 UTC 2026
✅ Commit 5 on Sat Apr 11 13:13:22 UTC 2026
✅ Commit 6 on Sat Apr 11 13:13:22 UTC 2026
✅ Commit 7 on Sat Apr 11 13:13:22 UTC 2026
✅ Commit 8 on Sat Apr 11 13:13:22 UTC 2026
✅ Commit 9 on Sat Apr 11 13:13:22 UTC 2026
✅ Commit 10 on Sat Apr 11 13:13:22 UTC 2026
✅ Commit 11 on Sat Apr 11 13:13:22 UTC 2026
✅ Commit 12 on Sat Apr 11 13:13:22 UTC 2026
✅ Commit 1 on Sat Apr 11 18:26:13 UTC 2026
✅ Commit 2 on Sat Apr 11 18:26:13 UTC 2026
✅ Commit 3 on Sat Apr 11 18:26:13 UTC 2026
✅ Commit 4 on Sat Apr 11 18:26:13 UTC 2026
✅ Commit 5 on Sat Apr 11 18:26:13 UTC 2026
✅ Commit 6 on Sat Apr 11 18:26:13 UTC 2026
✅ Commit 7 on Sat Apr 11 18:26:13 UTC 2026
✅ Commit 8 on Sat Apr 11 18:26:13 UTC 2026
✅ Commit 9 on Sat Apr 11 18:26:13 UTC 2026
✅ Commit 10 on Sat Apr 11 18:26:13 UTC 2026
✅ Commit 11 on Sat Apr 11 18:26:13 UTC 2026
✅ Commit 12 on Sat Apr 11 18:26:13 UTC 2026
✅ Commit 1 on Sun Apr 12 03:34:56 UTC 2026
✅ Commit 2 on Sun Apr 12 03:34:56 UTC 2026
✅ Commit 3 on Sun Apr 12 03:34:56 UTC 2026
✅ Commit 4 on Sun Apr 12 03:34:56 UTC 2026
✅ Commit 5 on Sun Apr 12 03:34:56 UTC 2026
✅ Commit 6 on Sun Apr 12 03:34:56 UTC 2026
✅ Commit 7 on Sun Apr 12 03:34:56 UTC 2026
✅ Commit 8 on Sun Apr 12 03:34:56 UTC 2026
✅ Commit 9 on Sun Apr 12 03:34:56 UTC 2026
✅ Commit 10 on Sun Apr 12 03:34:56 UTC 2026
✅ Commit 11 on Sun Apr 12 03:34:56 UTC 2026
✅ Commit 12 on Sun Apr 12 03:34:56 UTC 2026
✅ Commit 1 on Sun Apr 12 07:17:00 UTC 2026
✅ Commit 2 on Sun Apr 12 07:17:00 UTC 2026
✅ Commit 3 on Sun Apr 12 07:17:00 UTC 2026
✅ Commit 4 on Sun Apr 12 07:17:00 UTC 2026
✅ Commit 5 on Sun Apr 12 07:17:00 UTC 2026
✅ Commit 6 on Sun Apr 12 07:17:00 UTC 2026
✅ Commit 7 on Sun Apr 12 07:17:00 UTC 2026
✅ Commit 8 on Sun Apr 12 07:17:00 UTC 2026
✅ Commit 9 on Sun Apr 12 07:17:00 UTC 2026
✅ Commit 10 on Sun Apr 12 07:17:00 UTC 2026
✅ Commit 11 on Sun Apr 12 07:17:00 UTC 2026
✅ Commit 12 on Sun Apr 12 07:17:00 UTC 2026
✅ Commit 1 on Sun Apr 12 13:15:39 UTC 2026
✅ Commit 2 on Sun Apr 12 13:15:39 UTC 2026
✅ Commit 3 on Sun Apr 12 13:15:39 UTC 2026
✅ Commit 4 on Sun Apr 12 13:15:39 UTC 2026
✅ Commit 5 on Sun Apr 12 13:15:39 UTC 2026
✅ Commit 6 on Sun Apr 12 13:15:39 UTC 2026
✅ Commit 7 on Sun Apr 12 13:15:39 UTC 2026
✅ Commit 8 on Sun Apr 12 13:15:39 UTC 2026
✅ Commit 9 on Sun Apr 12 13:15:39 UTC 2026
✅ Commit 10 on Sun Apr 12 13:15:39 UTC 2026
✅ Commit 11 on Sun Apr 12 13:15:39 UTC 2026
✅ Commit 12 on Sun Apr 12 13:15:39 UTC 2026
✅ Commit 1 on Sun Apr 12 18:30:14 UTC 2026
✅ Commit 2 on Sun Apr 12 18:30:14 UTC 2026
✅ Commit 3 on Sun Apr 12 18:30:14 UTC 2026
✅ Commit 4 on Sun Apr 12 18:30:14 UTC 2026
✅ Commit 5 on Sun Apr 12 18:30:14 UTC 2026
✅ Commit 6 on Sun Apr 12 18:30:14 UTC 2026
✅ Commit 7 on Sun Apr 12 18:30:14 UTC 2026
✅ Commit 8 on Sun Apr 12 18:30:14 UTC 2026
✅ Commit 9 on Sun Apr 12 18:30:14 UTC 2026
✅ Commit 10 on Sun Apr 12 18:30:14 UTC 2026
✅ Commit 11 on Sun Apr 12 18:30:14 UTC 2026
✅ Commit 12 on Sun Apr 12 18:30:14 UTC 2026
✅ Commit 1 on Mon Apr 13 03:41:05 UTC 2026
✅ Commit 2 on Mon Apr 13 03:41:05 UTC 2026
✅ Commit 3 on Mon Apr 13 03:41:05 UTC 2026
✅ Commit 4 on Mon Apr 13 03:41:05 UTC 2026
✅ Commit 5 on Mon Apr 13 03:41:05 UTC 2026
✅ Commit 6 on Mon Apr 13 03:41:05 UTC 2026
✅ Commit 7 on Mon Apr 13 03:41:05 UTC 2026
✅ Commit 8 on Mon Apr 13 03:41:05 UTC 2026
✅ Commit 9 on Mon Apr 13 03:41:06 UTC 2026
✅ Commit 10 on Mon Apr 13 03:41:06 UTC 2026
✅ Commit 11 on Mon Apr 13 03:41:06 UTC 2026
✅ Commit 12 on Mon Apr 13 03:41:06 UTC 2026
✅ Commit 1 on Mon Apr 13 08:07:20 UTC 2026
✅ Commit 2 on Mon Apr 13 08:07:20 UTC 2026
✅ Commit 3 on Mon Apr 13 08:07:20 UTC 2026
✅ Commit 4 on Mon Apr 13 08:07:20 UTC 2026
✅ Commit 5 on Mon Apr 13 08:07:20 UTC 2026
✅ Commit 6 on Mon Apr 13 08:07:20 UTC 2026
✅ Commit 7 on Mon Apr 13 08:07:20 UTC 2026
✅ Commit 8 on Mon Apr 13 08:07:20 UTC 2026
✅ Commit 9 on Mon Apr 13 08:07:20 UTC 2026
✅ Commit 10 on Mon Apr 13 08:07:20 UTC 2026
✅ Commit 11 on Mon Apr 13 08:07:20 UTC 2026
✅ Commit 12 on Mon Apr 13 08:07:20 UTC 2026
✅ Commit 1 on Mon Apr 13 13:57:07 UTC 2026
✅ Commit 2 on Mon Apr 13 13:57:07 UTC 2026
✅ Commit 3 on Mon Apr 13 13:57:07 UTC 2026
✅ Commit 4 on Mon Apr 13 13:57:07 UTC 2026
✅ Commit 5 on Mon Apr 13 13:57:07 UTC 2026
✅ Commit 6 on Mon Apr 13 13:57:07 UTC 2026
✅ Commit 7 on Mon Apr 13 13:57:07 UTC 2026
✅ Commit 8 on Mon Apr 13 13:57:07 UTC 2026
✅ Commit 9 on Mon Apr 13 13:57:07 UTC 2026
✅ Commit 10 on Mon Apr 13 13:57:07 UTC 2026
✅ Commit 11 on Mon Apr 13 13:57:07 UTC 2026
✅ Commit 12 on Mon Apr 13 13:57:07 UTC 2026
✅ Commit 1 on Mon Apr 13 18:57:19 UTC 2026
✅ Commit 2 on Mon Apr 13 18:57:19 UTC 2026
✅ Commit 3 on Mon Apr 13 18:57:19 UTC 2026
✅ Commit 4 on Mon Apr 13 18:57:19 UTC 2026
✅ Commit 5 on Mon Apr 13 18:57:19 UTC 2026
✅ Commit 6 on Mon Apr 13 18:57:19 UTC 2026
✅ Commit 7 on Mon Apr 13 18:57:19 UTC 2026
✅ Commit 8 on Mon Apr 13 18:57:19 UTC 2026
✅ Commit 9 on Mon Apr 13 18:57:19 UTC 2026
✅ Commit 10 on Mon Apr 13 18:57:19 UTC 2026
✅ Commit 11 on Mon Apr 13 18:57:19 UTC 2026
✅ Commit 12 on Mon Apr 13 18:57:19 UTC 2026
✅ Commit 1 on Tue Apr 14 03:30:38 UTC 2026
✅ Commit 2 on Tue Apr 14 03:30:38 UTC 2026
✅ Commit 3 on Tue Apr 14 03:30:38 UTC 2026
✅ Commit 4 on Tue Apr 14 03:30:38 UTC 2026
✅ Commit 5 on Tue Apr 14 03:30:38 UTC 2026
✅ Commit 6 on Tue Apr 14 03:30:38 UTC 2026
✅ Commit 7 on Tue Apr 14 03:30:38 UTC 2026
✅ Commit 8 on Tue Apr 14 03:30:38 UTC 2026
✅ Commit 9 on Tue Apr 14 03:30:38 UTC 2026
✅ Commit 10 on Tue Apr 14 03:30:38 UTC 2026
✅ Commit 11 on Tue Apr 14 03:30:38 UTC 2026
✅ Commit 12 on Tue Apr 14 03:30:38 UTC 2026
✅ Commit 1 on Tue Apr 14 07:49:39 UTC 2026
✅ Commit 2 on Tue Apr 14 07:49:39 UTC 2026
✅ Commit 3 on Tue Apr 14 07:49:39 UTC 2026
✅ Commit 4 on Tue Apr 14 07:49:39 UTC 2026
✅ Commit 5 on Tue Apr 14 07:49:39 UTC 2026
✅ Commit 6 on Tue Apr 14 07:49:39 UTC 2026
✅ Commit 7 on Tue Apr 14 07:49:39 UTC 2026
✅ Commit 8 on Tue Apr 14 07:49:39 UTC 2026
✅ Commit 9 on Tue Apr 14 07:49:39 UTC 2026
✅ Commit 10 on Tue Apr 14 07:49:39 UTC 2026
✅ Commit 11 on Tue Apr 14 07:49:39 UTC 2026
✅ Commit 12 on Tue Apr 14 07:49:39 UTC 2026
✅ Commit 1 on Tue Apr 14 14:01:08 UTC 2026
✅ Commit 2 on Tue Apr 14 14:01:08 UTC 2026
✅ Commit 3 on Tue Apr 14 14:01:08 UTC 2026
✅ Commit 4 on Tue Apr 14 14:01:08 UTC 2026
✅ Commit 5 on Tue Apr 14 14:01:08 UTC 2026
✅ Commit 6 on Tue Apr 14 14:01:08 UTC 2026
✅ Commit 7 on Tue Apr 14 14:01:08 UTC 2026
✅ Commit 8 on Tue Apr 14 14:01:08 UTC 2026
✅ Commit 9 on Tue Apr 14 14:01:08 UTC 2026
✅ Commit 10 on Tue Apr 14 14:01:08 UTC 2026
✅ Commit 11 on Tue Apr 14 14:01:08 UTC 2026
✅ Commit 12 on Tue Apr 14 14:01:08 UTC 2026
✅ Commit 1 on Tue Apr 14 18:55:20 UTC 2026
✅ Commit 2 on Tue Apr 14 18:55:20 UTC 2026
✅ Commit 3 on Tue Apr 14 18:55:20 UTC 2026
✅ Commit 4 on Tue Apr 14 18:55:20 UTC 2026
✅ Commit 5 on Tue Apr 14 18:55:20 UTC 2026
✅ Commit 6 on Tue Apr 14 18:55:20 UTC 2026
✅ Commit 7 on Tue Apr 14 18:55:20 UTC 2026
✅ Commit 8 on Tue Apr 14 18:55:20 UTC 2026
✅ Commit 9 on Tue Apr 14 18:55:20 UTC 2026
✅ Commit 10 on Tue Apr 14 18:55:20 UTC 2026
✅ Commit 11 on Tue Apr 14 18:55:20 UTC 2026
✅ Commit 12 on Tue Apr 14 18:55:21 UTC 2026
✅ Commit 1 on Wed Apr 15 03:29:37 UTC 2026
✅ Commit 2 on Wed Apr 15 03:29:37 UTC 2026
✅ Commit 3 on Wed Apr 15 03:29:37 UTC 2026
✅ Commit 4 on Wed Apr 15 03:29:37 UTC 2026
✅ Commit 5 on Wed Apr 15 03:29:37 UTC 2026
✅ Commit 6 on Wed Apr 15 03:29:37 UTC 2026
✅ Commit 7 on Wed Apr 15 03:29:37 UTC 2026
✅ Commit 8 on Wed Apr 15 03:29:37 UTC 2026
✅ Commit 9 on Wed Apr 15 03:29:37 UTC 2026
✅ Commit 10 on Wed Apr 15 03:29:37 UTC 2026
✅ Commit 11 on Wed Apr 15 03:29:38 UTC 2026
✅ Commit 12 on Wed Apr 15 03:29:38 UTC 2026
✅ Commit 1 on Wed Apr 15 07:49:47 UTC 2026
✅ Commit 2 on Wed Apr 15 07:49:47 UTC 2026
✅ Commit 3 on Wed Apr 15 07:49:47 UTC 2026
✅ Commit 4 on Wed Apr 15 07:49:47 UTC 2026
✅ Commit 5 on Wed Apr 15 07:49:47 UTC 2026
✅ Commit 6 on Wed Apr 15 07:49:47 UTC 2026
✅ Commit 7 on Wed Apr 15 07:49:47 UTC 2026
✅ Commit 8 on Wed Apr 15 07:49:47 UTC 2026
✅ Commit 9 on Wed Apr 15 07:49:47 UTC 2026
✅ Commit 10 on Wed Apr 15 07:49:47 UTC 2026
✅ Commit 11 on Wed Apr 15 07:49:47 UTC 2026
✅ Commit 12 on Wed Apr 15 07:49:47 UTC 2026
✅ Commit 1 on Wed Apr 15 13:53:52 UTC 2026
✅ Commit 2 on Wed Apr 15 13:53:52 UTC 2026
✅ Commit 3 on Wed Apr 15 13:53:52 UTC 2026
✅ Commit 4 on Wed Apr 15 13:53:52 UTC 2026
✅ Commit 5 on Wed Apr 15 13:53:52 UTC 2026
✅ Commit 6 on Wed Apr 15 13:53:52 UTC 2026
✅ Commit 7 on Wed Apr 15 13:53:52 UTC 2026
✅ Commit 8 on Wed Apr 15 13:53:52 UTC 2026
✅ Commit 9 on Wed Apr 15 13:53:52 UTC 2026
✅ Commit 10 on Wed Apr 15 13:53:52 UTC 2026
✅ Commit 11 on Wed Apr 15 13:53:52 UTC 2026
✅ Commit 12 on Wed Apr 15 13:53:52 UTC 2026
✅ Commit 1 on Wed Apr 15 18:57:17 UTC 2026
✅ Commit 2 on Wed Apr 15 18:57:17 UTC 2026
✅ Commit 3 on Wed Apr 15 18:57:17 UTC 2026
✅ Commit 4 on Wed Apr 15 18:57:17 UTC 2026
✅ Commit 5 on Wed Apr 15 18:57:17 UTC 2026
✅ Commit 6 on Wed Apr 15 18:57:17 UTC 2026
✅ Commit 7 on Wed Apr 15 18:57:17 UTC 2026
✅ Commit 8 on Wed Apr 15 18:57:17 UTC 2026
✅ Commit 9 on Wed Apr 15 18:57:17 UTC 2026
✅ Commit 10 on Wed Apr 15 18:57:17 UTC 2026
✅ Commit 11 on Wed Apr 15 18:57:17 UTC 2026
✅ Commit 12 on Wed Apr 15 18:57:17 UTC 2026
✅ Commit 1 on Thu Apr 16 03:36:24 UTC 2026
✅ Commit 2 on Thu Apr 16 03:36:24 UTC 2026
✅ Commit 3 on Thu Apr 16 03:36:24 UTC 2026
✅ Commit 4 on Thu Apr 16 03:36:24 UTC 2026
✅ Commit 5 on Thu Apr 16 03:36:24 UTC 2026
✅ Commit 6 on Thu Apr 16 03:36:24 UTC 2026
✅ Commit 7 on Thu Apr 16 03:36:24 UTC 2026
✅ Commit 8 on Thu Apr 16 03:36:24 UTC 2026
✅ Commit 9 on Thu Apr 16 03:36:24 UTC 2026
✅ Commit 10 on Thu Apr 16 03:36:24 UTC 2026
✅ Commit 11 on Thu Apr 16 03:36:24 UTC 2026
✅ Commit 12 on Thu Apr 16 03:36:24 UTC 2026
✅ Commit 1 on Thu Apr 16 07:50:14 UTC 2026
✅ Commit 2 on Thu Apr 16 07:50:14 UTC 2026
✅ Commit 3 on Thu Apr 16 07:50:14 UTC 2026
✅ Commit 4 on Thu Apr 16 07:50:14 UTC 2026
✅ Commit 5 on Thu Apr 16 07:50:14 UTC 2026
✅ Commit 6 on Thu Apr 16 07:50:14 UTC 2026
✅ Commit 7 on Thu Apr 16 07:50:14 UTC 2026
✅ Commit 8 on Thu Apr 16 07:50:14 UTC 2026
✅ Commit 9 on Thu Apr 16 07:50:14 UTC 2026
✅ Commit 10 on Thu Apr 16 07:50:14 UTC 2026
✅ Commit 11 on Thu Apr 16 07:50:14 UTC 2026
✅ Commit 12 on Thu Apr 16 07:50:14 UTC 2026
✅ Commit 1 on Thu Apr 16 14:02:58 UTC 2026
✅ Commit 2 on Thu Apr 16 14:02:58 UTC 2026
✅ Commit 3 on Thu Apr 16 14:02:58 UTC 2026
✅ Commit 4 on Thu Apr 16 14:02:58 UTC 2026
✅ Commit 5 on Thu Apr 16 14:02:58 UTC 2026
✅ Commit 6 on Thu Apr 16 14:02:58 UTC 2026
✅ Commit 7 on Thu Apr 16 14:02:58 UTC 2026
✅ Commit 8 on Thu Apr 16 14:02:59 UTC 2026
✅ Commit 9 on Thu Apr 16 14:02:59 UTC 2026
✅ Commit 10 on Thu Apr 16 14:02:59 UTC 2026
✅ Commit 11 on Thu Apr 16 14:02:59 UTC 2026
✅ Commit 12 on Thu Apr 16 14:02:59 UTC 2026
✅ Commit 1 on Thu Apr 16 18:54:35 UTC 2026
✅ Commit 2 on Thu Apr 16 18:54:35 UTC 2026
✅ Commit 3 on Thu Apr 16 18:54:35 UTC 2026
✅ Commit 4 on Thu Apr 16 18:54:35 UTC 2026
✅ Commit 5 on Thu Apr 16 18:54:35 UTC 2026
✅ Commit 6 on Thu Apr 16 18:54:35 UTC 2026
✅ Commit 7 on Thu Apr 16 18:54:35 UTC 2026
✅ Commit 8 on Thu Apr 16 18:54:35 UTC 2026
✅ Commit 9 on Thu Apr 16 18:54:35 UTC 2026
✅ Commit 10 on Thu Apr 16 18:54:35 UTC 2026
✅ Commit 11 on Thu Apr 16 18:54:35 UTC 2026
✅ Commit 12 on Thu Apr 16 18:54:35 UTC 2026
✅ Commit 1 on Fri Apr 17 03:32:39 UTC 2026
✅ Commit 2 on Fri Apr 17 03:32:39 UTC 2026
✅ Commit 3 on Fri Apr 17 03:32:39 UTC 2026
✅ Commit 4 on Fri Apr 17 03:32:39 UTC 2026
✅ Commit 5 on Fri Apr 17 03:32:39 UTC 2026
✅ Commit 6 on Fri Apr 17 03:32:39 UTC 2026
✅ Commit 7 on Fri Apr 17 03:32:39 UTC 2026
✅ Commit 8 on Fri Apr 17 03:32:39 UTC 2026
✅ Commit 9 on Fri Apr 17 03:32:39 UTC 2026
✅ Commit 10 on Fri Apr 17 03:32:39 UTC 2026
✅ Commit 11 on Fri Apr 17 03:32:39 UTC 2026
✅ Commit 12 on Fri Apr 17 03:32:39 UTC 2026
✅ Commit 1 on Fri Apr 17 07:50:33 UTC 2026
✅ Commit 2 on Fri Apr 17 07:50:33 UTC 2026
✅ Commit 3 on Fri Apr 17 07:50:33 UTC 2026
✅ Commit 4 on Fri Apr 17 07:50:33 UTC 2026
✅ Commit 5 on Fri Apr 17 07:50:33 UTC 2026
✅ Commit 6 on Fri Apr 17 07:50:33 UTC 2026
✅ Commit 7 on Fri Apr 17 07:50:33 UTC 2026
✅ Commit 8 on Fri Apr 17 07:50:33 UTC 2026
✅ Commit 9 on Fri Apr 17 07:50:33 UTC 2026
✅ Commit 10 on Fri Apr 17 07:50:33 UTC 2026
✅ Commit 11 on Fri Apr 17 07:50:33 UTC 2026
✅ Commit 12 on Fri Apr 17 07:50:33 UTC 2026
✅ Commit 1 on Fri Apr 17 13:45:50 UTC 2026
✅ Commit 2 on Fri Apr 17 13:45:50 UTC 2026
✅ Commit 3 on Fri Apr 17 13:45:50 UTC 2026
✅ Commit 4 on Fri Apr 17 13:45:50 UTC 2026
✅ Commit 5 on Fri Apr 17 13:45:50 UTC 2026
✅ Commit 6 on Fri Apr 17 13:45:50 UTC 2026
✅ Commit 7 on Fri Apr 17 13:45:50 UTC 2026
✅ Commit 8 on Fri Apr 17 13:45:50 UTC 2026
✅ Commit 9 on Fri Apr 17 13:45:50 UTC 2026
✅ Commit 10 on Fri Apr 17 13:45:50 UTC 2026
✅ Commit 11 on Fri Apr 17 13:45:50 UTC 2026
✅ Commit 12 on Fri Apr 17 13:45:50 UTC 2026
✅ Commit 1 on Fri Apr 17 18:39:51 UTC 2026
✅ Commit 2 on Fri Apr 17 18:39:51 UTC 2026
✅ Commit 3 on Fri Apr 17 18:39:51 UTC 2026
✅ Commit 4 on Fri Apr 17 18:39:51 UTC 2026
✅ Commit 5 on Fri Apr 17 18:39:51 UTC 2026
✅ Commit 6 on Fri Apr 17 18:39:51 UTC 2026
✅ Commit 7 on Fri Apr 17 18:39:51 UTC 2026
✅ Commit 8 on Fri Apr 17 18:39:51 UTC 2026
✅ Commit 9 on Fri Apr 17 18:39:51 UTC 2026
✅ Commit 10 on Fri Apr 17 18:39:51 UTC 2026
✅ Commit 11 on Fri Apr 17 18:39:51 UTC 2026
✅ Commit 12 on Fri Apr 17 18:39:51 UTC 2026
✅ Commit 1 on Sat Apr 18 03:20:19 UTC 2026
✅ Commit 2 on Sat Apr 18 03:20:19 UTC 2026
✅ Commit 3 on Sat Apr 18 03:20:19 UTC 2026
✅ Commit 4 on Sat Apr 18 03:20:19 UTC 2026
✅ Commit 5 on Sat Apr 18 03:20:19 UTC 2026
✅ Commit 6 on Sat Apr 18 03:20:19 UTC 2026
✅ Commit 7 on Sat Apr 18 03:20:19 UTC 2026
✅ Commit 8 on Sat Apr 18 03:20:19 UTC 2026
✅ Commit 9 on Sat Apr 18 03:20:19 UTC 2026
✅ Commit 10 on Sat Apr 18 03:20:19 UTC 2026
✅ Commit 11 on Sat Apr 18 03:20:20 UTC 2026
✅ Commit 12 on Sat Apr 18 03:20:20 UTC 2026
✅ Commit 1 on Sat Apr 18 07:11:37 UTC 2026
✅ Commit 2 on Sat Apr 18 07:11:37 UTC 2026
✅ Commit 3 on Sat Apr 18 07:11:37 UTC 2026
✅ Commit 4 on Sat Apr 18 07:11:37 UTC 2026
✅ Commit 5 on Sat Apr 18 07:11:37 UTC 2026
✅ Commit 6 on Sat Apr 18 07:11:37 UTC 2026
✅ Commit 7 on Sat Apr 18 07:11:37 UTC 2026
✅ Commit 8 on Sat Apr 18 07:11:37 UTC 2026
✅ Commit 9 on Sat Apr 18 07:11:37 UTC 2026
✅ Commit 10 on Sat Apr 18 07:11:37 UTC 2026
✅ Commit 11 on Sat Apr 18 07:11:37 UTC 2026
✅ Commit 12 on Sat Apr 18 07:11:37 UTC 2026
✅ Commit 1 on Sat Apr 18 13:16:14 UTC 2026
✅ Commit 2 on Sat Apr 18 13:16:14 UTC 2026
✅ Commit 3 on Sat Apr 18 13:16:14 UTC 2026
✅ Commit 4 on Sat Apr 18 13:16:14 UTC 2026
✅ Commit 5 on Sat Apr 18 13:16:14 UTC 2026
✅ Commit 6 on Sat Apr 18 13:16:14 UTC 2026
✅ Commit 7 on Sat Apr 18 13:16:14 UTC 2026
✅ Commit 8 on Sat Apr 18 13:16:14 UTC 2026
✅ Commit 9 on Sat Apr 18 13:16:14 UTC 2026
✅ Commit 10 on Sat Apr 18 13:16:14 UTC 2026
✅ Commit 11 on Sat Apr 18 13:16:14 UTC 2026
✅ Commit 12 on Sat Apr 18 13:16:14 UTC 2026
✅ Commit 1 on Sat Apr 18 18:29:52 UTC 2026
✅ Commit 2 on Sat Apr 18 18:29:52 UTC 2026
✅ Commit 3 on Sat Apr 18 18:29:52 UTC 2026
✅ Commit 4 on Sat Apr 18 18:29:52 UTC 2026
✅ Commit 5 on Sat Apr 18 18:29:52 UTC 2026
✅ Commit 6 on Sat Apr 18 18:29:52 UTC 2026
✅ Commit 7 on Sat Apr 18 18:29:52 UTC 2026
✅ Commit 8 on Sat Apr 18 18:29:52 UTC 2026
✅ Commit 9 on Sat Apr 18 18:29:52 UTC 2026
✅ Commit 10 on Sat Apr 18 18:29:52 UTC 2026
✅ Commit 11 on Sat Apr 18 18:29:52 UTC 2026
✅ Commit 12 on Sat Apr 18 18:29:52 UTC 2026
✅ Commit 1 on Sun Apr 19 03:39:28 UTC 2026
✅ Commit 2 on Sun Apr 19 03:39:28 UTC 2026
✅ Commit 3 on Sun Apr 19 03:39:28 UTC 2026
✅ Commit 4 on Sun Apr 19 03:39:28 UTC 2026
✅ Commit 5 on Sun Apr 19 03:39:28 UTC 2026
✅ Commit 6 on Sun Apr 19 03:39:28 UTC 2026
✅ Commit 7 on Sun Apr 19 03:39:28 UTC 2026
✅ Commit 8 on Sun Apr 19 03:39:28 UTC 2026
✅ Commit 9 on Sun Apr 19 03:39:28 UTC 2026
✅ Commit 10 on Sun Apr 19 03:39:28 UTC 2026
✅ Commit 11 on Sun Apr 19 03:39:28 UTC 2026
✅ Commit 12 on Sun Apr 19 03:39:28 UTC 2026
✅ Commit 1 on Sun Apr 19 07:22:21 UTC 2026
✅ Commit 2 on Sun Apr 19 07:22:21 UTC 2026
✅ Commit 3 on Sun Apr 19 07:22:21 UTC 2026
✅ Commit 4 on Sun Apr 19 07:22:21 UTC 2026
✅ Commit 5 on Sun Apr 19 07:22:21 UTC 2026
✅ Commit 6 on Sun Apr 19 07:22:21 UTC 2026
✅ Commit 7 on Sun Apr 19 07:22:21 UTC 2026
✅ Commit 8 on Sun Apr 19 07:22:21 UTC 2026
✅ Commit 9 on Sun Apr 19 07:22:21 UTC 2026
✅ Commit 10 on Sun Apr 19 07:22:21 UTC 2026
✅ Commit 11 on Sun Apr 19 07:22:21 UTC 2026
✅ Commit 12 on Sun Apr 19 07:22:21 UTC 2026
✅ Commit 1 on Sun Apr 19 13:16:31 UTC 2026
✅ Commit 2 on Sun Apr 19 13:16:31 UTC 2026
✅ Commit 3 on Sun Apr 19 13:16:31 UTC 2026
✅ Commit 4 on Sun Apr 19 13:16:31 UTC 2026
✅ Commit 5 on Sun Apr 19 13:16:31 UTC 2026
✅ Commit 6 on Sun Apr 19 13:16:31 UTC 2026
✅ Commit 7 on Sun Apr 19 13:16:31 UTC 2026
✅ Commit 8 on Sun Apr 19 13:16:31 UTC 2026
✅ Commit 9 on Sun Apr 19 13:16:31 UTC 2026
✅ Commit 10 on Sun Apr 19 13:16:31 UTC 2026
✅ Commit 11 on Sun Apr 19 13:16:31 UTC 2026
✅ Commit 12 on Sun Apr 19 13:16:31 UTC 2026
✅ Commit 1 on Sun Apr 19 18:31:26 UTC 2026
✅ Commit 2 on Sun Apr 19 18:31:26 UTC 2026
✅ Commit 3 on Sun Apr 19 18:31:26 UTC 2026
✅ Commit 4 on Sun Apr 19 18:31:26 UTC 2026
✅ Commit 5 on Sun Apr 19 18:31:26 UTC 2026
✅ Commit 6 on Sun Apr 19 18:31:26 UTC 2026
✅ Commit 7 on Sun Apr 19 18:31:26 UTC 2026
✅ Commit 8 on Sun Apr 19 18:31:26 UTC 2026
✅ Commit 9 on Sun Apr 19 18:31:26 UTC 2026
✅ Commit 10 on Sun Apr 19 18:31:26 UTC 2026
✅ Commit 11 on Sun Apr 19 18:31:26 UTC 2026
✅ Commit 12 on Sun Apr 19 18:31:26 UTC 2026
✅ Commit 1 on Mon Apr 20 03:40:56 UTC 2026
✅ Commit 2 on Mon Apr 20 03:40:56 UTC 2026
✅ Commit 3 on Mon Apr 20 03:40:56 UTC 2026
✅ Commit 4 on Mon Apr 20 03:40:56 UTC 2026
✅ Commit 5 on Mon Apr 20 03:40:56 UTC 2026
✅ Commit 6 on Mon Apr 20 03:40:56 UTC 2026
✅ Commit 7 on Mon Apr 20 03:40:56 UTC 2026
✅ Commit 8 on Mon Apr 20 03:40:56 UTC 2026
✅ Commit 9 on Mon Apr 20 03:40:56 UTC 2026
✅ Commit 10 on Mon Apr 20 03:40:56 UTC 2026
✅ Commit 11 on Mon Apr 20 03:40:56 UTC 2026
✅ Commit 12 on Mon Apr 20 03:40:56 UTC 2026
✅ Commit 1 on Mon Apr 20 08:11:00 UTC 2026
✅ Commit 2 on Mon Apr 20 08:11:00 UTC 2026
✅ Commit 3 on Mon Apr 20 08:11:00 UTC 2026
✅ Commit 4 on Mon Apr 20 08:11:00 UTC 2026
✅ Commit 5 on Mon Apr 20 08:11:00 UTC 2026
✅ Commit 6 on Mon Apr 20 08:11:00 UTC 2026
✅ Commit 7 on Mon Apr 20 08:11:00 UTC 2026
✅ Commit 8 on Mon Apr 20 08:11:00 UTC 2026
✅ Commit 9 on Mon Apr 20 08:11:00 UTC 2026
✅ Commit 10 on Mon Apr 20 08:11:00 UTC 2026
✅ Commit 11 on Mon Apr 20 08:11:00 UTC 2026
✅ Commit 12 on Mon Apr 20 08:11:01 UTC 2026
✅ Commit 1 on Mon Apr 20 13:59:41 UTC 2026
✅ Commit 2 on Mon Apr 20 13:59:41 UTC 2026
✅ Commit 3 on Mon Apr 20 13:59:41 UTC 2026
✅ Commit 4 on Mon Apr 20 13:59:41 UTC 2026
✅ Commit 5 on Mon Apr 20 13:59:41 UTC 2026
✅ Commit 6 on Mon Apr 20 13:59:41 UTC 2026
✅ Commit 7 on Mon Apr 20 13:59:41 UTC 2026
✅ Commit 8 on Mon Apr 20 13:59:41 UTC 2026
✅ Commit 9 on Mon Apr 20 13:59:41 UTC 2026
✅ Commit 10 on Mon Apr 20 13:59:41 UTC 2026
✅ Commit 11 on Mon Apr 20 13:59:41 UTC 2026
✅ Commit 12 on Mon Apr 20 13:59:41 UTC 2026
✅ Commit 1 on Mon Apr 20 18:47:41 UTC 2026
✅ Commit 2 on Mon Apr 20 18:47:41 UTC 2026
✅ Commit 3 on Mon Apr 20 18:47:41 UTC 2026
✅ Commit 4 on Mon Apr 20 18:47:41 UTC 2026
✅ Commit 5 on Mon Apr 20 18:47:41 UTC 2026
✅ Commit 6 on Mon Apr 20 18:47:41 UTC 2026
✅ Commit 7 on Mon Apr 20 18:47:41 UTC 2026
✅ Commit 8 on Mon Apr 20 18:47:41 UTC 2026
✅ Commit 9 on Mon Apr 20 18:47:41 UTC 2026
✅ Commit 10 on Mon Apr 20 18:47:41 UTC 2026
✅ Commit 11 on Mon Apr 20 18:47:41 UTC 2026
✅ Commit 12 on Mon Apr 20 18:47:41 UTC 2026
✅ Commit 1 on Tue Apr 21 03:33:34 UTC 2026
✅ Commit 2 on Tue Apr 21 03:33:34 UTC 2026
✅ Commit 3 on Tue Apr 21 03:33:34 UTC 2026
✅ Commit 4 on Tue Apr 21 03:33:34 UTC 2026
✅ Commit 5 on Tue Apr 21 03:33:34 UTC 2026
✅ Commit 6 on Tue Apr 21 03:33:34 UTC 2026
✅ Commit 7 on Tue Apr 21 03:33:34 UTC 2026
✅ Commit 8 on Tue Apr 21 03:33:34 UTC 2026
✅ Commit 9 on Tue Apr 21 03:33:34 UTC 2026
✅ Commit 10 on Tue Apr 21 03:33:34 UTC 2026
✅ Commit 11 on Tue Apr 21 03:33:34 UTC 2026
✅ Commit 12 on Tue Apr 21 03:33:34 UTC 2026
✅ Commit 1 on Tue Apr 21 07:54:53 UTC 2026
✅ Commit 2 on Tue Apr 21 07:54:53 UTC 2026
✅ Commit 3 on Tue Apr 21 07:54:53 UTC 2026
✅ Commit 4 on Tue Apr 21 07:54:53 UTC 2026
✅ Commit 5 on Tue Apr 21 07:54:53 UTC 2026
✅ Commit 6 on Tue Apr 21 07:54:53 UTC 2026
✅ Commit 7 on Tue Apr 21 07:54:53 UTC 2026
✅ Commit 8 on Tue Apr 21 07:54:53 UTC 2026
✅ Commit 9 on Tue Apr 21 07:54:53 UTC 2026
✅ Commit 10 on Tue Apr 21 07:54:53 UTC 2026
✅ Commit 11 on Tue Apr 21 07:54:53 UTC 2026
✅ Commit 12 on Tue Apr 21 07:54:53 UTC 2026
✅ Commit 1 on Tue Apr 21 13:58:42 UTC 2026
✅ Commit 2 on Tue Apr 21 13:58:42 UTC 2026
✅ Commit 3 on Tue Apr 21 13:58:42 UTC 2026
✅ Commit 4 on Tue Apr 21 13:58:42 UTC 2026
✅ Commit 5 on Tue Apr 21 13:58:42 UTC 2026
✅ Commit 6 on Tue Apr 21 13:58:42 UTC 2026
✅ Commit 7 on Tue Apr 21 13:58:42 UTC 2026
✅ Commit 8 on Tue Apr 21 13:58:42 UTC 2026
✅ Commit 9 on Tue Apr 21 13:58:42 UTC 2026
✅ Commit 10 on Tue Apr 21 13:58:42 UTC 2026
✅ Commit 11 on Tue Apr 21 13:58:42 UTC 2026
✅ Commit 12 on Tue Apr 21 13:58:42 UTC 2026
✅ Commit 1 on Tue Apr 21 18:53:46 UTC 2026
✅ Commit 2 on Tue Apr 21 18:53:46 UTC 2026
✅ Commit 3 on Tue Apr 21 18:53:46 UTC 2026
✅ Commit 4 on Tue Apr 21 18:53:46 UTC 2026
✅ Commit 5 on Tue Apr 21 18:53:46 UTC 2026
✅ Commit 6 on Tue Apr 21 18:53:46 UTC 2026
✅ Commit 7 on Tue Apr 21 18:53:46 UTC 2026
✅ Commit 8 on Tue Apr 21 18:53:46 UTC 2026
✅ Commit 9 on Tue Apr 21 18:53:46 UTC 2026
✅ Commit 10 on Tue Apr 21 18:53:46 UTC 2026
✅ Commit 11 on Tue Apr 21 18:53:46 UTC 2026
✅ Commit 12 on Tue Apr 21 18:53:46 UTC 2026
✅ Commit 1 on Wed Apr 22 03:31:38 UTC 2026
✅ Commit 2 on Wed Apr 22 03:31:38 UTC 2026
✅ Commit 3 on Wed Apr 22 03:31:38 UTC 2026
✅ Commit 4 on Wed Apr 22 03:31:38 UTC 2026
✅ Commit 5 on Wed Apr 22 03:31:38 UTC 2026
✅ Commit 6 on Wed Apr 22 03:31:38 UTC 2026
✅ Commit 7 on Wed Apr 22 03:31:38 UTC 2026
✅ Commit 8 on Wed Apr 22 03:31:38 UTC 2026
✅ Commit 9 on Wed Apr 22 03:31:38 UTC 2026
✅ Commit 10 on Wed Apr 22 03:31:38 UTC 2026
✅ Commit 11 on Wed Apr 22 03:31:38 UTC 2026
✅ Commit 12 on Wed Apr 22 03:31:38 UTC 2026
✅ Commit 1 on Wed Apr 22 07:51:23 UTC 2026
✅ Commit 2 on Wed Apr 22 07:51:23 UTC 2026
✅ Commit 3 on Wed Apr 22 07:51:23 UTC 2026
✅ Commit 4 on Wed Apr 22 07:51:23 UTC 2026
✅ Commit 5 on Wed Apr 22 07:51:23 UTC 2026
✅ Commit 6 on Wed Apr 22 07:51:23 UTC 2026
✅ Commit 7 on Wed Apr 22 07:51:23 UTC 2026
✅ Commit 8 on Wed Apr 22 07:51:23 UTC 2026
✅ Commit 9 on Wed Apr 22 07:51:23 UTC 2026
✅ Commit 10 on Wed Apr 22 07:51:23 UTC 2026
✅ Commit 11 on Wed Apr 22 07:51:23 UTC 2026
✅ Commit 12 on Wed Apr 22 07:51:24 UTC 2026
✅ Commit 1 on Wed Apr 22 13:59:00 UTC 2026
✅ Commit 2 on Wed Apr 22 13:59:00 UTC 2026
✅ Commit 3 on Wed Apr 22 13:59:00 UTC 2026
✅ Commit 4 on Wed Apr 22 13:59:00 UTC 2026
✅ Commit 5 on Wed Apr 22 13:59:00 UTC 2026
✅ Commit 6 on Wed Apr 22 13:59:00 UTC 2026
✅ Commit 7 on Wed Apr 22 13:59:00 UTC 2026
✅ Commit 8 on Wed Apr 22 13:59:00 UTC 2026
✅ Commit 9 on Wed Apr 22 13:59:00 UTC 2026
✅ Commit 10 on Wed Apr 22 13:59:00 UTC 2026
✅ Commit 11 on Wed Apr 22 13:59:00 UTC 2026
✅ Commit 12 on Wed Apr 22 13:59:00 UTC 2026
✅ Commit 1 on Wed Apr 22 18:55:04 UTC 2026
✅ Commit 2 on Wed Apr 22 18:55:04 UTC 2026
✅ Commit 3 on Wed Apr 22 18:55:04 UTC 2026
✅ Commit 4 on Wed Apr 22 18:55:04 UTC 2026
✅ Commit 5 on Wed Apr 22 18:55:04 UTC 2026
✅ Commit 6 on Wed Apr 22 18:55:04 UTC 2026
✅ Commit 7 on Wed Apr 22 18:55:04 UTC 2026
✅ Commit 8 on Wed Apr 22 18:55:04 UTC 2026
✅ Commit 9 on Wed Apr 22 18:55:04 UTC 2026
✅ Commit 10 on Wed Apr 22 18:55:04 UTC 2026
✅ Commit 11 on Wed Apr 22 18:55:04 UTC 2026
✅ Commit 12 on Wed Apr 22 18:55:04 UTC 2026
✅ Commit 1 on Thu Apr 23 03:35:08 UTC 2026
✅ Commit 2 on Thu Apr 23 03:35:08 UTC 2026
✅ Commit 3 on Thu Apr 23 03:35:08 UTC 2026
✅ Commit 4 on Thu Apr 23 03:35:08 UTC 2026
✅ Commit 5 on Thu Apr 23 03:35:08 UTC 2026
✅ Commit 6 on Thu Apr 23 03:35:08 UTC 2026
✅ Commit 7 on Thu Apr 23 03:35:08 UTC 2026
✅ Commit 8 on Thu Apr 23 03:35:08 UTC 2026
✅ Commit 9 on Thu Apr 23 03:35:08 UTC 2026
✅ Commit 10 on Thu Apr 23 03:35:08 UTC 2026
✅ Commit 11 on Thu Apr 23 03:35:08 UTC 2026
✅ Commit 12 on Thu Apr 23 03:35:08 UTC 2026
✅ Commit 1 on Thu Apr 23 07:57:43 UTC 2026
✅ Commit 2 on Thu Apr 23 07:57:43 UTC 2026
✅ Commit 3 on Thu Apr 23 07:57:43 UTC 2026
✅ Commit 4 on Thu Apr 23 07:57:43 UTC 2026
✅ Commit 5 on Thu Apr 23 07:57:43 UTC 2026
✅ Commit 6 on Thu Apr 23 07:57:43 UTC 2026
✅ Commit 7 on Thu Apr 23 07:57:43 UTC 2026
✅ Commit 8 on Thu Apr 23 07:57:43 UTC 2026
✅ Commit 9 on Thu Apr 23 07:57:43 UTC 2026
✅ Commit 10 on Thu Apr 23 07:57:43 UTC 2026
✅ Commit 11 on Thu Apr 23 07:57:43 UTC 2026
✅ Commit 12 on Thu Apr 23 07:57:43 UTC 2026
✅ Commit 1 on Thu Apr 23 14:00:46 UTC 2026
✅ Commit 2 on Thu Apr 23 14:00:46 UTC 2026
✅ Commit 3 on Thu Apr 23 14:00:46 UTC 2026
✅ Commit 4 on Thu Apr 23 14:00:46 UTC 2026
✅ Commit 5 on Thu Apr 23 14:00:46 UTC 2026
✅ Commit 6 on Thu Apr 23 14:00:46 UTC 2026
✅ Commit 7 on Thu Apr 23 14:00:46 UTC 2026
✅ Commit 8 on Thu Apr 23 14:00:46 UTC 2026
✅ Commit 9 on Thu Apr 23 14:00:46 UTC 2026
✅ Commit 10 on Thu Apr 23 14:00:46 UTC 2026
✅ Commit 11 on Thu Apr 23 14:00:46 UTC 2026
✅ Commit 12 on Thu Apr 23 14:00:46 UTC 2026
✅ Commit 1 on Thu Apr 23 18:51:56 UTC 2026
✅ Commit 2 on Thu Apr 23 18:51:56 UTC 2026
✅ Commit 3 on Thu Apr 23 18:51:56 UTC 2026
✅ Commit 4 on Thu Apr 23 18:51:56 UTC 2026
✅ Commit 5 on Thu Apr 23 18:51:56 UTC 2026
✅ Commit 6 on Thu Apr 23 18:51:56 UTC 2026
✅ Commit 7 on Thu Apr 23 18:51:56 UTC 2026
✅ Commit 8 on Thu Apr 23 18:51:56 UTC 2026
✅ Commit 9 on Thu Apr 23 18:51:56 UTC 2026
✅ Commit 10 on Thu Apr 23 18:51:56 UTC 2026
✅ Commit 11 on Thu Apr 23 18:51:56 UTC 2026
✅ Commit 12 on Thu Apr 23 18:51:56 UTC 2026
✅ Commit 1 on Fri Apr 24 03:37:03 UTC 2026
✅ Commit 2 on Fri Apr 24 03:37:04 UTC 2026
✅ Commit 3 on Fri Apr 24 03:37:04 UTC 2026
✅ Commit 4 on Fri Apr 24 03:37:04 UTC 2026
✅ Commit 5 on Fri Apr 24 03:37:04 UTC 2026
✅ Commit 6 on Fri Apr 24 03:37:04 UTC 2026
✅ Commit 7 on Fri Apr 24 03:37:04 UTC 2026
✅ Commit 8 on Fri Apr 24 03:37:04 UTC 2026
✅ Commit 9 on Fri Apr 24 03:37:04 UTC 2026
✅ Commit 10 on Fri Apr 24 03:37:04 UTC 2026
✅ Commit 11 on Fri Apr 24 03:37:04 UTC 2026
✅ Commit 12 on Fri Apr 24 03:37:05 UTC 2026
✅ Commit 1 on Fri Apr 24 08:06:54 UTC 2026
✅ Commit 2 on Fri Apr 24 08:06:54 UTC 2026
✅ Commit 3 on Fri Apr 24 08:06:54 UTC 2026
✅ Commit 4 on Fri Apr 24 08:06:54 UTC 2026
✅ Commit 5 on Fri Apr 24 08:06:54 UTC 2026
✅ Commit 6 on Fri Apr 24 08:06:54 UTC 2026
✅ Commit 7 on Fri Apr 24 08:06:54 UTC 2026
✅ Commit 8 on Fri Apr 24 08:06:54 UTC 2026
✅ Commit 9 on Fri Apr 24 08:06:54 UTC 2026
✅ Commit 10 on Fri Apr 24 08:06:54 UTC 2026
✅ Commit 11 on Fri Apr 24 08:06:54 UTC 2026
✅ Commit 12 on Fri Apr 24 08:06:54 UTC 2026
✅ Commit 1 on Fri Apr 24 13:53:10 UTC 2026
✅ Commit 2 on Fri Apr 24 13:53:10 UTC 2026
✅ Commit 3 on Fri Apr 24 13:53:10 UTC 2026
✅ Commit 4 on Fri Apr 24 13:53:10 UTC 2026
✅ Commit 5 on Fri Apr 24 13:53:10 UTC 2026
✅ Commit 6 on Fri Apr 24 13:53:10 UTC 2026
✅ Commit 7 on Fri Apr 24 13:53:11 UTC 2026
✅ Commit 8 on Fri Apr 24 13:53:11 UTC 2026
✅ Commit 9 on Fri Apr 24 13:53:11 UTC 2026
✅ Commit 10 on Fri Apr 24 13:53:11 UTC 2026
✅ Commit 11 on Fri Apr 24 13:53:11 UTC 2026
✅ Commit 12 on Fri Apr 24 13:53:11 UTC 2026
✅ Commit 1 on Fri Apr 24 18:34:32 UTC 2026
✅ Commit 2 on Fri Apr 24 18:34:32 UTC 2026
✅ Commit 3 on Fri Apr 24 18:34:32 UTC 2026
✅ Commit 4 on Fri Apr 24 18:34:32 UTC 2026
✅ Commit 5 on Fri Apr 24 18:34:32 UTC 2026
✅ Commit 6 on Fri Apr 24 18:34:32 UTC 2026
✅ Commit 7 on Fri Apr 24 18:34:32 UTC 2026
✅ Commit 8 on Fri Apr 24 18:34:32 UTC 2026
✅ Commit 9 on Fri Apr 24 18:34:32 UTC 2026
✅ Commit 10 on Fri Apr 24 18:34:32 UTC 2026
✅ Commit 11 on Fri Apr 24 18:34:32 UTC 2026
✅ Commit 12 on Fri Apr 24 18:34:32 UTC 2026
✅ Commit 1 on Sat Apr 25 03:22:02 UTC 2026
✅ Commit 2 on Sat Apr 25 03:22:02 UTC 2026
✅ Commit 3 on Sat Apr 25 03:22:02 UTC 2026
✅ Commit 4 on Sat Apr 25 03:22:02 UTC 2026
✅ Commit 5 on Sat Apr 25 03:22:02 UTC 2026
✅ Commit 6 on Sat Apr 25 03:22:02 UTC 2026
✅ Commit 7 on Sat Apr 25 03:22:02 UTC 2026
✅ Commit 8 on Sat Apr 25 03:22:03 UTC 2026
✅ Commit 9 on Sat Apr 25 03:22:03 UTC 2026
✅ Commit 10 on Sat Apr 25 03:22:03 UTC 2026
✅ Commit 11 on Sat Apr 25 03:22:03 UTC 2026
✅ Commit 12 on Sat Apr 25 03:22:03 UTC 2026
✅ Commit 1 on Sat Apr 25 07:20:24 UTC 2026
✅ Commit 2 on Sat Apr 25 07:20:24 UTC 2026
✅ Commit 3 on Sat Apr 25 07:20:24 UTC 2026
✅ Commit 4 on Sat Apr 25 07:20:24 UTC 2026
✅ Commit 5 on Sat Apr 25 07:20:24 UTC 2026
✅ Commit 6 on Sat Apr 25 07:20:24 UTC 2026
✅ Commit 7 on Sat Apr 25 07:20:24 UTC 2026
✅ Commit 8 on Sat Apr 25 07:20:24 UTC 2026
✅ Commit 9 on Sat Apr 25 07:20:24 UTC 2026
✅ Commit 10 on Sat Apr 25 07:20:24 UTC 2026
✅ Commit 11 on Sat Apr 25 07:20:24 UTC 2026
✅ Commit 12 on Sat Apr 25 07:20:24 UTC 2026
✅ Commit 1 on Sat Apr 25 13:19:31 UTC 2026
✅ Commit 2 on Sat Apr 25 13:19:31 UTC 2026
✅ Commit 3 on Sat Apr 25 13:19:31 UTC 2026
✅ Commit 4 on Sat Apr 25 13:19:31 UTC 2026
✅ Commit 5 on Sat Apr 25 13:19:31 UTC 2026
✅ Commit 6 on Sat Apr 25 13:19:31 UTC 2026
✅ Commit 7 on Sat Apr 25 13:19:32 UTC 2026
✅ Commit 8 on Sat Apr 25 13:19:32 UTC 2026
✅ Commit 9 on Sat Apr 25 13:19:32 UTC 2026
✅ Commit 10 on Sat Apr 25 13:19:32 UTC 2026
✅ Commit 11 on Sat Apr 25 13:19:32 UTC 2026
✅ Commit 12 on Sat Apr 25 13:19:32 UTC 2026
✅ Commit 1 on Sat Apr 25 18:32:47 UTC 2026
✅ Commit 2 on Sat Apr 25 18:32:48 UTC 2026
✅ Commit 3 on Sat Apr 25 18:32:48 UTC 2026
✅ Commit 4 on Sat Apr 25 18:32:48 UTC 2026
✅ Commit 5 on Sat Apr 25 18:32:48 UTC 2026
✅ Commit 6 on Sat Apr 25 18:32:48 UTC 2026
✅ Commit 7 on Sat Apr 25 18:32:48 UTC 2026
✅ Commit 8 on Sat Apr 25 18:32:48 UTC 2026
✅ Commit 9 on Sat Apr 25 18:32:48 UTC 2026
✅ Commit 10 on Sat Apr 25 18:32:48 UTC 2026
✅ Commit 11 on Sat Apr 25 18:32:48 UTC 2026
✅ Commit 12 on Sat Apr 25 18:32:48 UTC 2026
✅ Commit 1 on Sun Apr 26 03:45:45 UTC 2026
✅ Commit 2 on Sun Apr 26 03:45:45 UTC 2026
✅ Commit 3 on Sun Apr 26 03:45:45 UTC 2026
✅ Commit 4 on Sun Apr 26 03:45:45 UTC 2026
✅ Commit 5 on Sun Apr 26 03:45:45 UTC 2026
✅ Commit 6 on Sun Apr 26 03:45:45 UTC 2026
✅ Commit 7 on Sun Apr 26 03:45:45 UTC 2026
✅ Commit 8 on Sun Apr 26 03:45:45 UTC 2026
✅ Commit 9 on Sun Apr 26 03:45:45 UTC 2026
✅ Commit 10 on Sun Apr 26 03:45:45 UTC 2026
✅ Commit 11 on Sun Apr 26 03:45:45 UTC 2026
✅ Commit 12 on Sun Apr 26 03:45:45 UTC 2026
✅ Commit 1 on Sun Apr 26 07:42:36 UTC 2026
✅ Commit 2 on Sun Apr 26 07:42:36 UTC 2026
✅ Commit 3 on Sun Apr 26 07:42:36 UTC 2026
✅ Commit 4 on Sun Apr 26 07:42:36 UTC 2026
✅ Commit 5 on Sun Apr 26 07:42:36 UTC 2026
✅ Commit 6 on Sun Apr 26 07:42:36 UTC 2026
✅ Commit 7 on Sun Apr 26 07:42:36 UTC 2026
✅ Commit 8 on Sun Apr 26 07:42:36 UTC 2026
✅ Commit 9 on Sun Apr 26 07:42:36 UTC 2026
✅ Commit 10 on Sun Apr 26 07:42:36 UTC 2026
✅ Commit 11 on Sun Apr 26 07:42:36 UTC 2026
✅ Commit 12 on Sun Apr 26 07:42:36 UTC 2026
✅ Commit 1 on Sun Apr 26 13:20:36 UTC 2026
✅ Commit 2 on Sun Apr 26 13:20:36 UTC 2026
✅ Commit 3 on Sun Apr 26 13:20:36 UTC 2026
✅ Commit 4 on Sun Apr 26 13:20:36 UTC 2026
✅ Commit 5 on Sun Apr 26 13:20:36 UTC 2026
✅ Commit 6 on Sun Apr 26 13:20:36 UTC 2026
✅ Commit 7 on Sun Apr 26 13:20:36 UTC 2026
✅ Commit 8 on Sun Apr 26 13:20:36 UTC 2026
✅ Commit 9 on Sun Apr 26 13:20:36 UTC 2026
✅ Commit 10 on Sun Apr 26 13:20:36 UTC 2026
✅ Commit 11 on Sun Apr 26 13:20:36 UTC 2026
✅ Commit 12 on Sun Apr 26 13:20:36 UTC 2026
✅ Commit 1 on Sun Apr 26 18:33:34 UTC 2026
✅ Commit 2 on Sun Apr 26 18:33:34 UTC 2026
✅ Commit 3 on Sun Apr 26 18:33:34 UTC 2026
✅ Commit 4 on Sun Apr 26 18:33:34 UTC 2026
✅ Commit 5 on Sun Apr 26 18:33:35 UTC 2026
✅ Commit 6 on Sun Apr 26 18:33:35 UTC 2026
✅ Commit 7 on Sun Apr 26 18:33:35 UTC 2026
✅ Commit 8 on Sun Apr 26 18:33:35 UTC 2026
✅ Commit 9 on Sun Apr 26 18:33:35 UTC 2026
✅ Commit 10 on Sun Apr 26 18:33:35 UTC 2026
✅ Commit 11 on Sun Apr 26 18:33:35 UTC 2026
✅ Commit 12 on Sun Apr 26 18:33:35 UTC 2026
✅ Commit 1 on Mon Apr 27 03:50:15 UTC 2026
✅ Commit 2 on Mon Apr 27 03:50:15 UTC 2026
✅ Commit 3 on Mon Apr 27 03:50:15 UTC 2026
✅ Commit 4 on Mon Apr 27 03:50:15 UTC 2026
✅ Commit 5 on Mon Apr 27 03:50:15 UTC 2026
✅ Commit 6 on Mon Apr 27 03:50:15 UTC 2026
✅ Commit 7 on Mon Apr 27 03:50:15 UTC 2026
✅ Commit 8 on Mon Apr 27 03:50:15 UTC 2026
✅ Commit 9 on Mon Apr 27 03:50:15 UTC 2026
✅ Commit 10 on Mon Apr 27 03:50:15 UTC 2026
✅ Commit 11 on Mon Apr 27 03:50:15 UTC 2026
✅ Commit 12 on Mon Apr 27 03:50:16 UTC 2026
✅ Commit 1 on Mon Apr 27 08:28:49 UTC 2026
✅ Commit 2 on Mon Apr 27 08:28:49 UTC 2026
✅ Commit 3 on Mon Apr 27 08:28:49 UTC 2026
✅ Commit 4 on Mon Apr 27 08:28:49 UTC 2026
✅ Commit 5 on Mon Apr 27 08:28:49 UTC 2026
✅ Commit 6 on Mon Apr 27 08:28:49 UTC 2026
✅ Commit 7 on Mon Apr 27 08:28:49 UTC 2026
✅ Commit 8 on Mon Apr 27 08:28:49 UTC 2026
✅ Commit 9 on Mon Apr 27 08:28:49 UTC 2026
✅ Commit 10 on Mon Apr 27 08:28:49 UTC 2026
✅ Commit 11 on Mon Apr 27 08:28:49 UTC 2026
✅ Commit 12 on Mon Apr 27 08:28:49 UTC 2026
✅ Commit 1 on Mon Apr 27 14:11:06 UTC 2026
✅ Commit 2 on Mon Apr 27 14:11:06 UTC 2026
✅ Commit 3 on Mon Apr 27 14:11:06 UTC 2026
✅ Commit 4 on Mon Apr 27 14:11:06 UTC 2026
✅ Commit 5 on Mon Apr 27 14:11:06 UTC 2026
✅ Commit 6 on Mon Apr 27 14:11:06 UTC 2026
✅ Commit 7 on Mon Apr 27 14:11:06 UTC 2026
✅ Commit 8 on Mon Apr 27 14:11:07 UTC 2026
✅ Commit 9 on Mon Apr 27 14:11:07 UTC 2026
✅ Commit 10 on Mon Apr 27 14:11:07 UTC 2026
✅ Commit 11 on Mon Apr 27 14:11:07 UTC 2026
✅ Commit 12 on Mon Apr 27 14:11:07 UTC 2026
✅ Commit 1 on Mon Apr 27 19:01:15 UTC 2026
✅ Commit 2 on Mon Apr 27 19:01:15 UTC 2026
✅ Commit 3 on Mon Apr 27 19:01:15 UTC 2026
✅ Commit 4 on Mon Apr 27 19:01:16 UTC 2026
✅ Commit 5 on Mon Apr 27 19:01:16 UTC 2026
✅ Commit 6 on Mon Apr 27 19:01:16 UTC 2026
✅ Commit 7 on Mon Apr 27 19:01:16 UTC 2026
✅ Commit 8 on Mon Apr 27 19:01:16 UTC 2026
✅ Commit 9 on Mon Apr 27 19:01:16 UTC 2026
✅ Commit 10 on Mon Apr 27 19:01:16 UTC 2026
✅ Commit 11 on Mon Apr 27 19:01:16 UTC 2026
✅ Commit 12 on Mon Apr 27 19:01:16 UTC 2026
✅ Commit 1 on Tue Apr 28 03:54:24 UTC 2026
✅ Commit 2 on Tue Apr 28 03:54:24 UTC 2026
✅ Commit 3 on Tue Apr 28 03:54:24 UTC 2026
✅ Commit 4 on Tue Apr 28 03:54:24 UTC 2026
✅ Commit 5 on Tue Apr 28 03:54:24 UTC 2026
✅ Commit 6 on Tue Apr 28 03:54:24 UTC 2026
✅ Commit 7 on Tue Apr 28 03:54:24 UTC 2026
✅ Commit 8 on Tue Apr 28 03:54:24 UTC 2026
✅ Commit 9 on Tue Apr 28 03:54:24 UTC 2026
✅ Commit 10 on Tue Apr 28 03:54:24 UTC 2026
✅ Commit 11 on Tue Apr 28 03:54:24 UTC 2026
✅ Commit 12 on Tue Apr 28 03:54:24 UTC 2026
✅ Commit 1 on Tue Apr 28 08:27:12 UTC 2026
✅ Commit 2 on Tue Apr 28 08:27:12 UTC 2026
✅ Commit 3 on Tue Apr 28 08:27:12 UTC 2026
✅ Commit 4 on Tue Apr 28 08:27:12 UTC 2026
✅ Commit 5 on Tue Apr 28 08:27:12 UTC 2026
✅ Commit 6 on Tue Apr 28 08:27:12 UTC 2026
✅ Commit 7 on Tue Apr 28 08:27:12 UTC 2026
✅ Commit 8 on Tue Apr 28 08:27:12 UTC 2026
✅ Commit 9 on Tue Apr 28 08:27:12 UTC 2026
✅ Commit 10 on Tue Apr 28 08:27:12 UTC 2026
✅ Commit 11 on Tue Apr 28 08:27:13 UTC 2026
✅ Commit 12 on Tue Apr 28 08:27:13 UTC 2026
✅ Commit 1 on Tue Apr 28 14:29:56 UTC 2026
✅ Commit 2 on Tue Apr 28 14:29:56 UTC 2026
✅ Commit 3 on Tue Apr 28 14:29:56 UTC 2026
✅ Commit 4 on Tue Apr 28 14:29:56 UTC 2026
✅ Commit 5 on Tue Apr 28 14:29:56 UTC 2026
✅ Commit 6 on Tue Apr 28 14:29:56 UTC 2026
✅ Commit 7 on Tue Apr 28 14:29:56 UTC 2026
✅ Commit 8 on Tue Apr 28 14:29:56 UTC 2026
✅ Commit 9 on Tue Apr 28 14:29:56 UTC 2026
✅ Commit 10 on Tue Apr 28 14:29:56 UTC 2026
✅ Commit 11 on Tue Apr 28 14:29:56 UTC 2026
✅ Commit 12 on Tue Apr 28 14:29:56 UTC 2026
✅ Commit 1 on Tue Apr 28 19:14:51 UTC 2026
✅ Commit 2 on Tue Apr 28 19:14:52 UTC 2026
✅ Commit 3 on Tue Apr 28 19:14:52 UTC 2026
✅ Commit 4 on Tue Apr 28 19:14:52 UTC 2026
✅ Commit 5 on Tue Apr 28 19:14:52 UTC 2026
✅ Commit 6 on Tue Apr 28 19:14:52 UTC 2026
✅ Commit 7 on Tue Apr 28 19:14:52 UTC 2026
✅ Commit 8 on Tue Apr 28 19:14:52 UTC 2026
✅ Commit 9 on Tue Apr 28 19:14:52 UTC 2026
✅ Commit 10 on Tue Apr 28 19:14:52 UTC 2026
✅ Commit 11 on Tue Apr 28 19:14:52 UTC 2026
✅ Commit 12 on Tue Apr 28 19:14:52 UTC 2026
✅ Commit 1 on Wed Apr 29 03:51:31 UTC 2026
✅ Commit 2 on Wed Apr 29 03:51:31 UTC 2026
✅ Commit 3 on Wed Apr 29 03:51:31 UTC 2026
✅ Commit 4 on Wed Apr 29 03:51:31 UTC 2026
✅ Commit 5 on Wed Apr 29 03:51:31 UTC 2026
✅ Commit 6 on Wed Apr 29 03:51:31 UTC 2026
✅ Commit 7 on Wed Apr 29 03:51:31 UTC 2026
✅ Commit 8 on Wed Apr 29 03:51:31 UTC 2026
✅ Commit 9 on Wed Apr 29 03:51:31 UTC 2026
✅ Commit 10 on Wed Apr 29 03:51:31 UTC 2026
✅ Commit 11 on Wed Apr 29 03:51:31 UTC 2026
✅ Commit 12 on Wed Apr 29 03:51:31 UTC 2026
✅ Commit 1 on Wed Apr 29 08:21:40 UTC 2026
✅ Commit 2 on Wed Apr 29 08:21:40 UTC 2026
✅ Commit 3 on Wed Apr 29 08:21:40 UTC 2026
✅ Commit 4 on Wed Apr 29 08:21:40 UTC 2026
✅ Commit 5 on Wed Apr 29 08:21:40 UTC 2026
✅ Commit 6 on Wed Apr 29 08:21:40 UTC 2026
✅ Commit 7 on Wed Apr 29 08:21:40 UTC 2026
✅ Commit 8 on Wed Apr 29 08:21:40 UTC 2026
✅ Commit 9 on Wed Apr 29 08:21:40 UTC 2026
✅ Commit 10 on Wed Apr 29 08:21:40 UTC 2026
✅ Commit 11 on Wed Apr 29 08:21:40 UTC 2026
✅ Commit 12 on Wed Apr 29 08:21:40 UTC 2026
✅ Commit 1 on Wed Apr 29 14:18:48 UTC 2026
✅ Commit 2 on Wed Apr 29 14:18:48 UTC 2026
✅ Commit 3 on Wed Apr 29 14:18:48 UTC 2026
✅ Commit 4 on Wed Apr 29 14:18:48 UTC 2026
✅ Commit 5 on Wed Apr 29 14:18:48 UTC 2026
✅ Commit 6 on Wed Apr 29 14:18:48 UTC 2026
✅ Commit 7 on Wed Apr 29 14:18:48 UTC 2026
✅ Commit 8 on Wed Apr 29 14:18:48 UTC 2026
✅ Commit 9 on Wed Apr 29 14:18:48 UTC 2026
✅ Commit 10 on Wed Apr 29 14:18:48 UTC 2026
✅ Commit 11 on Wed Apr 29 14:18:48 UTC 2026
✅ Commit 12 on Wed Apr 29 14:18:48 UTC 2026
✅ Commit 1 on Wed Apr 29 19:04:46 UTC 2026
✅ Commit 2 on Wed Apr 29 19:04:46 UTC 2026
✅ Commit 3 on Wed Apr 29 19:04:46 UTC 2026
✅ Commit 4 on Wed Apr 29 19:04:46 UTC 2026
✅ Commit 5 on Wed Apr 29 19:04:46 UTC 2026
✅ Commit 6 on Wed Apr 29 19:04:46 UTC 2026
✅ Commit 7 on Wed Apr 29 19:04:46 UTC 2026
✅ Commit 8 on Wed Apr 29 19:04:47 UTC 2026
✅ Commit 9 on Wed Apr 29 19:04:47 UTC 2026
✅ Commit 10 on Wed Apr 29 19:04:47 UTC 2026
✅ Commit 11 on Wed Apr 29 19:04:47 UTC 2026
✅ Commit 12 on Wed Apr 29 19:04:47 UTC 2026
✅ Commit 1 on Thu Apr 30 03:52:26 UTC 2026
✅ Commit 2 on Thu Apr 30 03:52:26 UTC 2026
✅ Commit 3 on Thu Apr 30 03:52:26 UTC 2026
✅ Commit 4 on Thu Apr 30 03:52:26 UTC 2026
✅ Commit 5 on Thu Apr 30 03:52:26 UTC 2026
✅ Commit 6 on Thu Apr 30 03:52:26 UTC 2026
✅ Commit 7 on Thu Apr 30 03:52:26 UTC 2026
✅ Commit 8 on Thu Apr 30 03:52:26 UTC 2026
✅ Commit 9 on Thu Apr 30 03:52:26 UTC 2026
✅ Commit 10 on Thu Apr 30 03:52:26 UTC 2026
✅ Commit 11 on Thu Apr 30 03:52:26 UTC 2026
✅ Commit 12 on Thu Apr 30 03:52:26 UTC 2026
✅ Commit 1 on Thu Apr 30 08:24:12 UTC 2026
✅ Commit 2 on Thu Apr 30 08:24:12 UTC 2026
✅ Commit 3 on Thu Apr 30 08:24:12 UTC 2026
✅ Commit 4 on Thu Apr 30 08:24:12 UTC 2026
✅ Commit 5 on Thu Apr 30 08:24:12 UTC 2026
✅ Commit 6 on Thu Apr 30 08:24:12 UTC 2026
✅ Commit 7 on Thu Apr 30 08:24:12 UTC 2026
✅ Commit 8 on Thu Apr 30 08:24:12 UTC 2026
✅ Commit 9 on Thu Apr 30 08:24:12 UTC 2026
✅ Commit 10 on Thu Apr 30 08:24:12 UTC 2026
✅ Commit 11 on Thu Apr 30 08:24:12 UTC 2026
✅ Commit 12 on Thu Apr 30 08:24:12 UTC 2026
✅ Commit 1 on Thu Apr 30 14:13:08 UTC 2026
✅ Commit 2 on Thu Apr 30 14:13:08 UTC 2026
✅ Commit 3 on Thu Apr 30 14:13:08 UTC 2026
✅ Commit 4 on Thu Apr 30 14:13:08 UTC 2026
✅ Commit 5 on Thu Apr 30 14:13:08 UTC 2026
✅ Commit 6 on Thu Apr 30 14:13:08 UTC 2026
✅ Commit 7 on Thu Apr 30 14:13:09 UTC 2026
✅ Commit 8 on Thu Apr 30 14:13:09 UTC 2026
✅ Commit 9 on Thu Apr 30 14:13:09 UTC 2026
✅ Commit 10 on Thu Apr 30 14:13:09 UTC 2026
✅ Commit 11 on Thu Apr 30 14:13:09 UTC 2026
✅ Commit 12 on Thu Apr 30 14:13:09 UTC 2026
✅ Commit 1 on Thu Apr 30 19:03:03 UTC 2026
✅ Commit 2 on Thu Apr 30 19:03:03 UTC 2026
✅ Commit 3 on Thu Apr 30 19:03:03 UTC 2026
✅ Commit 4 on Thu Apr 30 19:03:03 UTC 2026
✅ Commit 5 on Thu Apr 30 19:03:03 UTC 2026
✅ Commit 6 on Thu Apr 30 19:03:03 UTC 2026
✅ Commit 7 on Thu Apr 30 19:03:03 UTC 2026
✅ Commit 8 on Thu Apr 30 19:03:03 UTC 2026
✅ Commit 9 on Thu Apr 30 19:03:03 UTC 2026
✅ Commit 10 on Thu Apr 30 19:03:03 UTC 2026
✅ Commit 11 on Thu Apr 30 19:03:03 UTC 2026
✅ Commit 12 on Thu Apr 30 19:03:03 UTC 2026
✅ Commit 1 on Fri May  1 04:04:03 UTC 2026
✅ Commit 2 on Fri May  1 04:04:03 UTC 2026
✅ Commit 3 on Fri May  1 04:04:03 UTC 2026
✅ Commit 4 on Fri May  1 04:04:03 UTC 2026
✅ Commit 5 on Fri May  1 04:04:03 UTC 2026
✅ Commit 6 on Fri May  1 04:04:03 UTC 2026
✅ Commit 7 on Fri May  1 04:04:03 UTC 2026
✅ Commit 8 on Fri May  1 04:04:03 UTC 2026
✅ Commit 9 on Fri May  1 04:04:03 UTC 2026
✅ Commit 10 on Fri May  1 04:04:03 UTC 2026
✅ Commit 11 on Fri May  1 04:04:03 UTC 2026
✅ Commit 12 on Fri May  1 04:04:03 UTC 2026
✅ Commit 1 on Fri May  1 08:13:44 UTC 2026
✅ Commit 2 on Fri May  1 08:13:44 UTC 2026
✅ Commit 3 on Fri May  1 08:13:44 UTC 2026
✅ Commit 4 on Fri May  1 08:13:44 UTC 2026
✅ Commit 5 on Fri May  1 08:13:44 UTC 2026
✅ Commit 6 on Fri May  1 08:13:44 UTC 2026
✅ Commit 7 on Fri May  1 08:13:44 UTC 2026
✅ Commit 8 on Fri May  1 08:13:44 UTC 2026
✅ Commit 9 on Fri May  1 08:13:44 UTC 2026
✅ Commit 10 on Fri May  1 08:13:44 UTC 2026
✅ Commit 11 on Fri May  1 08:13:44 UTC 2026
✅ Commit 12 on Fri May  1 08:13:44 UTC 2026
✅ Commit 1 on Fri May  1 13:42:07 UTC 2026
✅ Commit 2 on Fri May  1 13:42:07 UTC 2026
✅ Commit 3 on Fri May  1 13:42:07 UTC 2026
✅ Commit 4 on Fri May  1 13:42:07 UTC 2026
✅ Commit 5 on Fri May  1 13:42:07 UTC 2026
✅ Commit 6 on Fri May  1 13:42:07 UTC 2026
✅ Commit 7 on Fri May  1 13:42:07 UTC 2026
✅ Commit 8 on Fri May  1 13:42:07 UTC 2026
✅ Commit 9 on Fri May  1 13:42:07 UTC 2026
✅ Commit 10 on Fri May  1 13:42:07 UTC 2026
✅ Commit 11 on Fri May  1 13:42:07 UTC 2026
✅ Commit 12 on Fri May  1 13:42:07 UTC 2026
✅ Commit 1 on Fri May  1 18:53:30 UTC 2026
✅ Commit 2 on Fri May  1 18:53:30 UTC 2026
✅ Commit 3 on Fri May  1 18:53:30 UTC 2026
✅ Commit 4 on Fri May  1 18:53:30 UTC 2026
✅ Commit 5 on Fri May  1 18:53:30 UTC 2026
✅ Commit 6 on Fri May  1 18:53:30 UTC 2026
✅ Commit 7 on Fri May  1 18:53:30 UTC 2026
✅ Commit 8 on Fri May  1 18:53:30 UTC 2026
✅ Commit 9 on Fri May  1 18:53:30 UTC 2026
✅ Commit 10 on Fri May  1 18:53:30 UTC 2026
✅ Commit 11 on Fri May  1 18:53:30 UTC 2026
✅ Commit 12 on Fri May  1 18:53:30 UTC 2026
✅ Commit 1 on Sat May  2 03:36:47 UTC 2026
✅ Commit 2 on Sat May  2 03:36:47 UTC 2026
✅ Commit 3 on Sat May  2 03:36:47 UTC 2026
✅ Commit 4 on Sat May  2 03:36:47 UTC 2026
✅ Commit 5 on Sat May  2 03:36:47 UTC 2026
✅ Commit 6 on Sat May  2 03:36:47 UTC 2026
✅ Commit 7 on Sat May  2 03:36:47 UTC 2026
✅ Commit 8 on Sat May  2 03:36:47 UTC 2026
✅ Commit 9 on Sat May  2 03:36:47 UTC 2026
✅ Commit 10 on Sat May  2 03:36:47 UTC 2026
✅ Commit 11 on Sat May  2 03:36:47 UTC 2026
✅ Commit 12 on Sat May  2 03:36:47 UTC 2026
✅ Commit 1 on Sat May  2 07:46:53 UTC 2026
✅ Commit 2 on Sat May  2 07:46:53 UTC 2026
✅ Commit 3 on Sat May  2 07:46:53 UTC 2026
✅ Commit 4 on Sat May  2 07:46:53 UTC 2026
✅ Commit 5 on Sat May  2 07:46:53 UTC 2026
✅ Commit 6 on Sat May  2 07:46:53 UTC 2026
✅ Commit 7 on Sat May  2 07:46:53 UTC 2026
✅ Commit 8 on Sat May  2 07:46:53 UTC 2026
✅ Commit 9 on Sat May  2 07:46:53 UTC 2026
✅ Commit 10 on Sat May  2 07:46:53 UTC 2026
✅ Commit 11 on Sat May  2 07:46:53 UTC 2026
✅ Commit 12 on Sat May  2 07:46:53 UTC 2026
✅ Commit 1 on Sat May  2 13:26:04 UTC 2026
✅ Commit 2 on Sat May  2 13:26:04 UTC 2026
✅ Commit 3 on Sat May  2 13:26:04 UTC 2026
✅ Commit 4 on Sat May  2 13:26:04 UTC 2026
✅ Commit 5 on Sat May  2 13:26:04 UTC 2026
✅ Commit 6 on Sat May  2 13:26:04 UTC 2026
✅ Commit 7 on Sat May  2 13:26:04 UTC 2026
✅ Commit 8 on Sat May  2 13:26:04 UTC 2026
✅ Commit 9 on Sat May  2 13:26:04 UTC 2026
✅ Commit 10 on Sat May  2 13:26:04 UTC 2026
✅ Commit 11 on Sat May  2 13:26:04 UTC 2026
✅ Commit 12 on Sat May  2 13:26:04 UTC 2026
✅ Commit 1 on Sat May  2 18:39:41 UTC 2026
✅ Commit 2 on Sat May  2 18:39:41 UTC 2026
✅ Commit 3 on Sat May  2 18:39:41 UTC 2026
✅ Commit 4 on Sat May  2 18:39:41 UTC 2026
✅ Commit 5 on Sat May  2 18:39:41 UTC 2026
✅ Commit 6 on Sat May  2 18:39:41 UTC 2026
✅ Commit 7 on Sat May  2 18:39:41 UTC 2026
✅ Commit 8 on Sat May  2 18:39:41 UTC 2026
✅ Commit 9 on Sat May  2 18:39:41 UTC 2026
✅ Commit 10 on Sat May  2 18:39:41 UTC 2026
✅ Commit 11 on Sat May  2 18:39:41 UTC 2026
✅ Commit 12 on Sat May  2 18:39:41 UTC 2026
✅ Commit 1 on Sun May  3 03:59:19 UTC 2026
✅ Commit 2 on Sun May  3 03:59:19 UTC 2026
✅ Commit 3 on Sun May  3 03:59:19 UTC 2026
✅ Commit 4 on Sun May  3 03:59:19 UTC 2026
✅ Commit 5 on Sun May  3 03:59:19 UTC 2026
✅ Commit 6 on Sun May  3 03:59:19 UTC 2026
✅ Commit 7 on Sun May  3 03:59:19 UTC 2026
✅ Commit 8 on Sun May  3 03:59:19 UTC 2026
✅ Commit 9 on Sun May  3 03:59:19 UTC 2026
✅ Commit 10 on Sun May  3 03:59:19 UTC 2026
✅ Commit 11 on Sun May  3 03:59:19 UTC 2026
✅ Commit 12 on Sun May  3 03:59:19 UTC 2026
✅ Commit 1 on Sun May  3 08:03:08 UTC 2026
✅ Commit 2 on Sun May  3 08:03:08 UTC 2026
✅ Commit 3 on Sun May  3 08:03:08 UTC 2026
✅ Commit 4 on Sun May  3 08:03:08 UTC 2026
✅ Commit 5 on Sun May  3 08:03:08 UTC 2026
✅ Commit 6 on Sun May  3 08:03:08 UTC 2026
✅ Commit 7 on Sun May  3 08:03:08 UTC 2026
✅ Commit 8 on Sun May  3 08:03:08 UTC 2026
✅ Commit 9 on Sun May  3 08:03:08 UTC 2026
✅ Commit 10 on Sun May  3 08:03:08 UTC 2026
✅ Commit 11 on Sun May  3 08:03:08 UTC 2026
✅ Commit 12 on Sun May  3 08:03:08 UTC 2026
✅ Commit 1 on Sun May  3 13:25:47 UTC 2026
✅ Commit 2 on Sun May  3 13:25:47 UTC 2026
✅ Commit 3 on Sun May  3 13:25:47 UTC 2026
✅ Commit 4 on Sun May  3 13:25:47 UTC 2026
✅ Commit 5 on Sun May  3 13:25:47 UTC 2026
✅ Commit 6 on Sun May  3 13:25:47 UTC 2026
✅ Commit 7 on Sun May  3 13:25:47 UTC 2026
✅ Commit 8 on Sun May  3 13:25:47 UTC 2026
✅ Commit 9 on Sun May  3 13:25:47 UTC 2026
✅ Commit 10 on Sun May  3 13:25:47 UTC 2026
✅ Commit 11 on Sun May  3 13:25:47 UTC 2026
✅ Commit 12 on Sun May  3 13:25:47 UTC 2026
✅ Commit 1 on Sun May  3 18:39:55 UTC 2026
✅ Commit 2 on Sun May  3 18:39:55 UTC 2026
✅ Commit 3 on Sun May  3 18:39:55 UTC 2026
✅ Commit 4 on Sun May  3 18:39:55 UTC 2026
✅ Commit 5 on Sun May  3 18:39:55 UTC 2026
✅ Commit 6 on Sun May  3 18:39:55 UTC 2026
✅ Commit 7 on Sun May  3 18:39:55 UTC 2026
✅ Commit 8 on Sun May  3 18:39:55 UTC 2026
✅ Commit 9 on Sun May  3 18:39:55 UTC 2026
✅ Commit 10 on Sun May  3 18:39:55 UTC 2026
✅ Commit 11 on Sun May  3 18:39:55 UTC 2026
✅ Commit 12 on Sun May  3 18:39:55 UTC 2026
✅ Commit 1 on Mon May  4 03:56:07 UTC 2026
✅ Commit 2 on Mon May  4 03:56:07 UTC 2026
✅ Commit 3 on Mon May  4 03:56:07 UTC 2026
✅ Commit 4 on Mon May  4 03:56:07 UTC 2026
✅ Commit 5 on Mon May  4 03:56:07 UTC 2026
✅ Commit 6 on Mon May  4 03:56:07 UTC 2026
✅ Commit 7 on Mon May  4 03:56:07 UTC 2026
✅ Commit 8 on Mon May  4 03:56:07 UTC 2026
✅ Commit 9 on Mon May  4 03:56:07 UTC 2026
✅ Commit 10 on Mon May  4 03:56:07 UTC 2026
✅ Commit 11 on Mon May  4 03:56:07 UTC 2026
✅ Commit 12 on Mon May  4 03:56:07 UTC 2026
✅ Commit 1 on Mon May  4 08:31:52 UTC 2026
✅ Commit 2 on Mon May  4 08:31:52 UTC 2026
✅ Commit 3 on Mon May  4 08:31:52 UTC 2026
✅ Commit 4 on Mon May  4 08:31:52 UTC 2026
✅ Commit 5 on Mon May  4 08:31:52 UTC 2026
✅ Commit 6 on Mon May  4 08:31:52 UTC 2026
✅ Commit 7 on Mon May  4 08:31:52 UTC 2026
✅ Commit 8 on Mon May  4 08:31:52 UTC 2026
✅ Commit 9 on Mon May  4 08:31:52 UTC 2026
✅ Commit 10 on Mon May  4 08:31:52 UTC 2026
✅ Commit 11 on Mon May  4 08:31:52 UTC 2026
✅ Commit 12 on Mon May  4 08:31:52 UTC 2026
✅ Commit 1 on Mon May  4 14:19:07 UTC 2026
✅ Commit 2 on Mon May  4 14:19:07 UTC 2026
✅ Commit 3 on Mon May  4 14:19:07 UTC 2026
✅ Commit 4 on Mon May  4 14:19:07 UTC 2026
✅ Commit 5 on Mon May  4 14:19:07 UTC 2026
✅ Commit 6 on Mon May  4 14:19:07 UTC 2026
✅ Commit 7 on Mon May  4 14:19:07 UTC 2026
✅ Commit 8 on Mon May  4 14:19:07 UTC 2026
✅ Commit 9 on Mon May  4 14:19:07 UTC 2026
✅ Commit 10 on Mon May  4 14:19:07 UTC 2026
✅ Commit 11 on Mon May  4 14:19:07 UTC 2026
✅ Commit 12 on Mon May  4 14:19:07 UTC 2026
✅ Commit 1 on Mon May  4 19:09:37 UTC 2026
✅ Commit 2 on Mon May  4 19:09:37 UTC 2026
✅ Commit 3 on Mon May  4 19:09:37 UTC 2026
✅ Commit 4 on Mon May  4 19:09:37 UTC 2026
✅ Commit 5 on Mon May  4 19:09:37 UTC 2026
✅ Commit 6 on Mon May  4 19:09:37 UTC 2026
✅ Commit 7 on Mon May  4 19:09:37 UTC 2026
✅ Commit 8 on Mon May  4 19:09:38 UTC 2026
✅ Commit 9 on Mon May  4 19:09:38 UTC 2026
✅ Commit 10 on Mon May  4 19:09:38 UTC 2026
✅ Commit 11 on Mon May  4 19:09:38 UTC 2026
✅ Commit 12 on Mon May  4 19:09:38 UTC 2026
✅ Commit 1 on Tue May  5 03:37:26 UTC 2026
✅ Commit 2 on Tue May  5 03:37:26 UTC 2026
✅ Commit 3 on Tue May  5 03:37:26 UTC 2026
✅ Commit 4 on Tue May  5 03:37:26 UTC 2026
✅ Commit 5 on Tue May  5 03:37:26 UTC 2026
✅ Commit 6 on Tue May  5 03:37:26 UTC 2026
✅ Commit 7 on Tue May  5 03:37:26 UTC 2026
✅ Commit 8 on Tue May  5 03:37:26 UTC 2026
✅ Commit 9 on Tue May  5 03:37:26 UTC 2026
✅ Commit 10 on Tue May  5 03:37:26 UTC 2026
✅ Commit 11 on Tue May  5 03:37:26 UTC 2026
✅ Commit 12 on Tue May  5 03:37:26 UTC 2026
✅ Commit 1 on Tue May  5 08:12:27 UTC 2026
✅ Commit 2 on Tue May  5 08:12:27 UTC 2026
✅ Commit 3 on Tue May  5 08:12:27 UTC 2026
✅ Commit 4 on Tue May  5 08:12:28 UTC 2026
✅ Commit 5 on Tue May  5 08:12:29 UTC 2026
✅ Commit 6 on Tue May  5 08:12:29 UTC 2026
✅ Commit 7 on Tue May  5 08:12:29 UTC 2026
✅ Commit 8 on Tue May  5 08:12:29 UTC 2026
✅ Commit 9 on Tue May  5 08:12:29 UTC 2026
✅ Commit 10 on Tue May  5 08:12:29 UTC 2026
✅ Commit 11 on Tue May  5 08:12:29 UTC 2026
✅ Commit 12 on Tue May  5 08:12:29 UTC 2026
✅ Commit 1 on Tue May  5 19:01:10 UTC 2026
✅ Commit 2 on Tue May  5 19:01:11 UTC 2026
✅ Commit 3 on Tue May  5 19:01:11 UTC 2026
✅ Commit 4 on Tue May  5 19:01:11 UTC 2026
✅ Commit 5 on Tue May  5 19:01:11 UTC 2026
✅ Commit 6 on Tue May  5 19:01:11 UTC 2026
✅ Commit 7 on Tue May  5 19:01:11 UTC 2026
✅ Commit 8 on Tue May  5 19:01:11 UTC 2026
✅ Commit 9 on Tue May  5 19:01:11 UTC 2026
✅ Commit 10 on Tue May  5 19:01:11 UTC 2026
✅ Commit 11 on Tue May  5 19:01:11 UTC 2026
✅ Commit 12 on Tue May  5 19:01:11 UTC 2026
✅ Commit 1 on Wed May  6 03:53:22 UTC 2026
✅ Commit 2 on Wed May  6 03:53:22 UTC 2026
✅ Commit 3 on Wed May  6 03:53:22 UTC 2026
✅ Commit 4 on Wed May  6 03:53:22 UTC 2026
✅ Commit 5 on Wed May  6 03:53:22 UTC 2026
✅ Commit 6 on Wed May  6 03:53:22 UTC 2026
✅ Commit 7 on Wed May  6 03:53:22 UTC 2026
✅ Commit 8 on Wed May  6 03:53:22 UTC 2026
✅ Commit 9 on Wed May  6 03:53:22 UTC 2026
✅ Commit 10 on Wed May  6 03:53:22 UTC 2026
✅ Commit 11 on Wed May  6 03:53:22 UTC 2026
✅ Commit 12 on Wed May  6 03:53:22 UTC 2026
✅ Commit 1 on Wed May  6 14:30:45 UTC 2026
✅ Commit 2 on Wed May  6 14:30:45 UTC 2026
✅ Commit 3 on Wed May  6 14:30:45 UTC 2026
✅ Commit 4 on Wed May  6 14:30:45 UTC 2026
✅ Commit 5 on Wed May  6 14:30:45 UTC 2026
✅ Commit 6 on Wed May  6 14:30:45 UTC 2026
✅ Commit 7 on Wed May  6 14:30:45 UTC 2026
✅ Commit 8 on Wed May  6 14:30:45 UTC 2026
✅ Commit 9 on Wed May  6 14:30:45 UTC 2026
✅ Commit 10 on Wed May  6 14:30:45 UTC 2026
✅ Commit 11 on Wed May  6 14:30:45 UTC 2026
✅ Commit 12 on Wed May  6 14:30:45 UTC 2026
✅ Commit 1 on Wed May  6 19:16:54 UTC 2026
✅ Commit 2 on Wed May  6 19:16:54 UTC 2026
✅ Commit 3 on Wed May  6 19:16:54 UTC 2026
✅ Commit 4 on Wed May  6 19:16:54 UTC 2026
✅ Commit 5 on Wed May  6 19:16:54 UTC 2026
✅ Commit 6 on Wed May  6 19:16:54 UTC 2026
✅ Commit 7 on Wed May  6 19:16:54 UTC 2026
✅ Commit 8 on Wed May  6 19:16:54 UTC 2026
✅ Commit 9 on Wed May  6 19:16:54 UTC 2026
✅ Commit 10 on Wed May  6 19:16:54 UTC 2026
✅ Commit 11 on Wed May  6 19:16:54 UTC 2026
✅ Commit 12 on Wed May  6 19:16:54 UTC 2026
✅ Commit 1 on Thu May  7 03:51:50 UTC 2026
✅ Commit 2 on Thu May  7 03:51:50 UTC 2026
✅ Commit 3 on Thu May  7 03:51:50 UTC 2026
✅ Commit 4 on Thu May  7 03:51:50 UTC 2026
✅ Commit 5 on Thu May  7 03:51:50 UTC 2026
✅ Commit 6 on Thu May  7 03:51:50 UTC 2026
✅ Commit 7 on Thu May  7 03:51:50 UTC 2026
✅ Commit 8 on Thu May  7 03:51:50 UTC 2026
✅ Commit 9 on Thu May  7 03:51:50 UTC 2026
✅ Commit 10 on Thu May  7 03:51:50 UTC 2026
✅ Commit 11 on Thu May  7 03:51:50 UTC 2026
✅ Commit 12 on Thu May  7 03:51:50 UTC 2026
✅ Commit 1 on Thu May  7 08:36:07 UTC 2026
✅ Commit 2 on Thu May  7 08:36:07 UTC 2026
✅ Commit 3 on Thu May  7 08:36:07 UTC 2026
✅ Commit 4 on Thu May  7 08:36:07 UTC 2026
✅ Commit 5 on Thu May  7 08:36:07 UTC 2026
✅ Commit 6 on Thu May  7 08:36:07 UTC 2026
✅ Commit 7 on Thu May  7 08:36:07 UTC 2026
✅ Commit 8 on Thu May  7 08:36:07 UTC 2026
✅ Commit 9 on Thu May  7 08:36:07 UTC 2026
✅ Commit 10 on Thu May  7 08:36:07 UTC 2026
✅ Commit 11 on Thu May  7 08:36:07 UTC 2026
✅ Commit 12 on Thu May  7 08:36:07 UTC 2026
✅ Commit 1 on Thu May  7 14:32:16 UTC 2026
✅ Commit 2 on Thu May  7 14:32:16 UTC 2026
✅ Commit 3 on Thu May  7 14:32:16 UTC 2026
✅ Commit 4 on Thu May  7 14:32:16 UTC 2026
✅ Commit 5 on Thu May  7 14:32:16 UTC 2026
✅ Commit 6 on Thu May  7 14:32:16 UTC 2026
✅ Commit 7 on Thu May  7 14:32:16 UTC 2026
✅ Commit 8 on Thu May  7 14:32:16 UTC 2026
✅ Commit 9 on Thu May  7 14:32:16 UTC 2026
✅ Commit 10 on Thu May  7 14:32:16 UTC 2026
✅ Commit 11 on Thu May  7 14:32:16 UTC 2026
✅ Commit 12 on Thu May  7 14:32:16 UTC 2026
✅ Commit 1 on Thu May  7 19:22:09 UTC 2026
✅ Commit 2 on Thu May  7 19:22:09 UTC 2026
✅ Commit 3 on Thu May  7 19:22:10 UTC 2026
✅ Commit 4 on Thu May  7 19:22:10 UTC 2026
✅ Commit 5 on Thu May  7 19:22:10 UTC 2026
✅ Commit 6 on Thu May  7 19:22:10 UTC 2026
✅ Commit 7 on Thu May  7 19:22:10 UTC 2026
✅ Commit 8 on Thu May  7 19:22:10 UTC 2026
✅ Commit 9 on Thu May  7 19:22:10 UTC 2026
✅ Commit 10 on Thu May  7 19:22:10 UTC 2026
✅ Commit 11 on Thu May  7 19:22:10 UTC 2026
✅ Commit 12 on Thu May  7 19:22:10 UTC 2026
✅ Commit 1 on Fri May  8 03:42:17 UTC 2026
✅ Commit 2 on Fri May  8 03:42:18 UTC 2026
✅ Commit 3 on Fri May  8 03:42:18 UTC 2026
✅ Commit 4 on Fri May  8 03:42:18 UTC 2026
✅ Commit 5 on Fri May  8 03:42:18 UTC 2026
✅ Commit 6 on Fri May  8 03:42:18 UTC 2026
✅ Commit 7 on Fri May  8 03:42:18 UTC 2026
✅ Commit 8 on Fri May  8 03:42:18 UTC 2026
✅ Commit 9 on Fri May  8 03:42:18 UTC 2026
✅ Commit 10 on Fri May  8 03:42:18 UTC 2026
✅ Commit 11 on Fri May  8 03:42:18 UTC 2026
✅ Commit 12 on Fri May  8 03:42:18 UTC 2026
✅ Commit 1 on Fri May  8 07:44:10 UTC 2026
✅ Commit 2 on Fri May  8 07:44:10 UTC 2026
✅ Commit 3 on Fri May  8 07:44:10 UTC 2026
✅ Commit 4 on Fri May  8 07:44:10 UTC 2026
✅ Commit 5 on Fri May  8 07:44:10 UTC 2026
✅ Commit 6 on Fri May  8 07:44:10 UTC 2026
✅ Commit 7 on Fri May  8 07:44:10 UTC 2026
✅ Commit 8 on Fri May  8 07:44:10 UTC 2026
✅ Commit 9 on Fri May  8 07:44:10 UTC 2026
✅ Commit 10 on Fri May  8 07:44:10 UTC 2026
✅ Commit 11 on Fri May  8 07:44:10 UTC 2026
✅ Commit 12 on Fri May  8 07:44:10 UTC 2026
✅ Commit 1 on Fri May  8 14:04:57 UTC 2026
✅ Commit 2 on Fri May  8 14:04:57 UTC 2026
✅ Commit 3 on Fri May  8 14:04:57 UTC 2026
✅ Commit 4 on Fri May  8 14:04:57 UTC 2026
✅ Commit 5 on Fri May  8 14:04:57 UTC 2026
✅ Commit 6 on Fri May  8 14:04:57 UTC 2026
✅ Commit 7 on Fri May  8 14:04:57 UTC 2026
✅ Commit 8 on Fri May  8 14:04:57 UTC 2026
✅ Commit 9 on Fri May  8 14:04:57 UTC 2026
✅ Commit 10 on Fri May  8 14:04:57 UTC 2026
✅ Commit 11 on Fri May  8 14:04:57 UTC 2026
✅ Commit 12 on Fri May  8 14:04:57 UTC 2026
✅ Commit 1 on Fri May  8 19:00:31 UTC 2026
✅ Commit 2 on Fri May  8 19:00:31 UTC 2026
✅ Commit 3 on Fri May  8 19:00:31 UTC 2026
✅ Commit 4 on Fri May  8 19:00:31 UTC 2026
✅ Commit 5 on Fri May  8 19:00:31 UTC 2026
✅ Commit 6 on Fri May  8 19:00:31 UTC 2026
✅ Commit 7 on Fri May  8 19:00:31 UTC 2026
✅ Commit 8 on Fri May  8 19:00:31 UTC 2026
✅ Commit 9 on Fri May  8 19:00:31 UTC 2026
✅ Commit 10 on Fri May  8 19:00:31 UTC 2026
✅ Commit 11 on Fri May  8 19:00:31 UTC 2026
✅ Commit 12 on Fri May  8 19:00:31 UTC 2026
✅ Commit 1 on Sat May  9 03:44:24 UTC 2026
✅ Commit 2 on Sat May  9 03:44:24 UTC 2026
✅ Commit 3 on Sat May  9 03:44:24 UTC 2026
✅ Commit 4 on Sat May  9 03:44:24 UTC 2026
✅ Commit 5 on Sat May  9 03:44:24 UTC 2026
✅ Commit 6 on Sat May  9 03:44:24 UTC 2026
✅ Commit 7 on Sat May  9 03:44:24 UTC 2026
✅ Commit 8 on Sat May  9 03:44:24 UTC 2026
✅ Commit 9 on Sat May  9 03:44:24 UTC 2026
✅ Commit 10 on Sat May  9 03:44:24 UTC 2026
✅ Commit 11 on Sat May  9 03:44:24 UTC 2026
✅ Commit 12 on Sat May  9 03:44:24 UTC 2026
✅ Commit 1 on Sat May  9 07:58:45 UTC 2026
✅ Commit 2 on Sat May  9 07:58:45 UTC 2026
✅ Commit 3 on Sat May  9 07:58:45 UTC 2026
✅ Commit 4 on Sat May  9 07:58:45 UTC 2026
✅ Commit 5 on Sat May  9 07:58:45 UTC 2026
✅ Commit 6 on Sat May  9 07:58:45 UTC 2026
✅ Commit 7 on Sat May  9 07:58:45 UTC 2026
✅ Commit 8 on Sat May  9 07:58:45 UTC 2026
✅ Commit 9 on Sat May  9 07:58:45 UTC 2026
✅ Commit 10 on Sat May  9 07:58:45 UTC 2026
✅ Commit 11 on Sat May  9 07:58:45 UTC 2026
✅ Commit 12 on Sat May  9 07:58:45 UTC 2026
✅ Commit 1 on Sat May  9 13:40:08 UTC 2026
✅ Commit 2 on Sat May  9 13:40:08 UTC 2026
✅ Commit 3 on Sat May  9 13:40:08 UTC 2026
✅ Commit 4 on Sat May  9 13:40:08 UTC 2026
✅ Commit 5 on Sat May  9 13:40:08 UTC 2026
✅ Commit 6 on Sat May  9 13:40:08 UTC 2026
✅ Commit 7 on Sat May  9 13:40:08 UTC 2026
✅ Commit 8 on Sat May  9 13:40:08 UTC 2026
✅ Commit 9 on Sat May  9 13:40:08 UTC 2026
✅ Commit 10 on Sat May  9 13:40:08 UTC 2026
✅ Commit 11 on Sat May  9 13:40:08 UTC 2026
✅ Commit 12 on Sat May  9 13:40:09 UTC 2026
✅ Commit 1 on Sat May  9 18:40:48 UTC 2026
✅ Commit 2 on Sat May  9 18:40:48 UTC 2026
✅ Commit 3 on Sat May  9 18:40:48 UTC 2026
✅ Commit 4 on Sat May  9 18:40:48 UTC 2026
✅ Commit 5 on Sat May  9 18:40:48 UTC 2026
✅ Commit 6 on Sat May  9 18:40:48 UTC 2026
✅ Commit 7 on Sat May  9 18:40:48 UTC 2026
✅ Commit 8 on Sat May  9 18:40:48 UTC 2026
✅ Commit 9 on Sat May  9 18:40:48 UTC 2026
✅ Commit 10 on Sat May  9 18:40:48 UTC 2026
✅ Commit 11 on Sat May  9 18:40:48 UTC 2026
✅ Commit 12 on Sat May  9 18:40:48 UTC 2026
✅ Commit 1 on Sun May 10 04:00:50 UTC 2026
✅ Commit 2 on Sun May 10 04:00:50 UTC 2026
✅ Commit 3 on Sun May 10 04:00:50 UTC 2026
✅ Commit 4 on Sun May 10 04:00:50 UTC 2026
✅ Commit 5 on Sun May 10 04:00:50 UTC 2026
✅ Commit 6 on Sun May 10 04:00:50 UTC 2026
✅ Commit 7 on Sun May 10 04:00:50 UTC 2026
✅ Commit 8 on Sun May 10 04:00:51 UTC 2026
✅ Commit 9 on Sun May 10 04:00:51 UTC 2026
✅ Commit 10 on Sun May 10 04:00:51 UTC 2026
✅ Commit 11 on Sun May 10 04:00:51 UTC 2026
✅ Commit 12 on Sun May 10 04:00:51 UTC 2026
✅ Commit 1 on Sun May 10 08:09:45 UTC 2026
✅ Commit 2 on Sun May 10 08:09:45 UTC 2026
✅ Commit 3 on Sun May 10 08:09:45 UTC 2026
✅ Commit 4 on Sun May 10 08:09:45 UTC 2026
✅ Commit 5 on Sun May 10 08:09:45 UTC 2026
✅ Commit 6 on Sun May 10 08:09:45 UTC 2026
✅ Commit 7 on Sun May 10 08:09:45 UTC 2026
✅ Commit 8 on Sun May 10 08:09:45 UTC 2026
✅ Commit 9 on Sun May 10 08:09:45 UTC 2026
✅ Commit 10 on Sun May 10 08:09:45 UTC 2026
✅ Commit 11 on Sun May 10 08:09:45 UTC 2026
✅ Commit 12 on Sun May 10 08:09:45 UTC 2026
✅ Commit 1 on Sun May 10 13:42:57 UTC 2026
✅ Commit 2 on Sun May 10 13:42:57 UTC 2026
✅ Commit 3 on Sun May 10 13:42:57 UTC 2026
✅ Commit 4 on Sun May 10 13:42:57 UTC 2026
✅ Commit 5 on Sun May 10 13:42:57 UTC 2026
✅ Commit 6 on Sun May 10 13:42:57 UTC 2026
✅ Commit 7 on Sun May 10 13:42:57 UTC 2026
✅ Commit 8 on Sun May 10 13:42:57 UTC 2026
✅ Commit 9 on Sun May 10 13:42:57 UTC 2026
✅ Commit 10 on Sun May 10 13:42:57 UTC 2026
✅ Commit 11 on Sun May 10 13:42:57 UTC 2026
✅ Commit 12 on Sun May 10 13:42:57 UTC 2026
✅ Commit 1 on Sun May 10 18:42:06 UTC 2026
✅ Commit 2 on Sun May 10 18:42:06 UTC 2026
✅ Commit 3 on Sun May 10 18:42:06 UTC 2026
✅ Commit 4 on Sun May 10 18:42:06 UTC 2026
✅ Commit 5 on Sun May 10 18:42:06 UTC 2026
✅ Commit 6 on Sun May 10 18:42:06 UTC 2026
✅ Commit 7 on Sun May 10 18:42:06 UTC 2026
✅ Commit 8 on Sun May 10 18:42:06 UTC 2026
✅ Commit 9 on Sun May 10 18:42:06 UTC 2026
✅ Commit 10 on Sun May 10 18:42:06 UTC 2026
✅ Commit 11 on Sun May 10 18:42:06 UTC 2026
✅ Commit 12 on Sun May 10 18:42:06 UTC 2026
✅ Commit 1 on Mon May 11 04:11:56 UTC 2026
✅ Commit 2 on Mon May 11 04:11:56 UTC 2026
✅ Commit 3 on Mon May 11 04:11:56 UTC 2026
✅ Commit 4 on Mon May 11 04:11:56 UTC 2026
✅ Commit 5 on Mon May 11 04:11:56 UTC 2026
✅ Commit 6 on Mon May 11 04:11:56 UTC 2026
✅ Commit 7 on Mon May 11 04:11:56 UTC 2026
✅ Commit 8 on Mon May 11 04:11:56 UTC 2026
✅ Commit 9 on Mon May 11 04:11:56 UTC 2026
✅ Commit 10 on Mon May 11 04:11:56 UTC 2026
✅ Commit 11 on Mon May 11 04:11:56 UTC 2026
✅ Commit 12 on Mon May 11 04:11:56 UTC 2026
✅ Commit 1 on Mon May 11 09:42:08 UTC 2026
✅ Commit 2 on Mon May 11 09:42:08 UTC 2026
✅ Commit 3 on Mon May 11 09:42:08 UTC 2026
✅ Commit 4 on Mon May 11 09:42:08 UTC 2026
✅ Commit 5 on Mon May 11 09:42:08 UTC 2026
✅ Commit 6 on Mon May 11 09:42:08 UTC 2026
✅ Commit 7 on Mon May 11 09:42:08 UTC 2026
✅ Commit 8 on Mon May 11 09:42:08 UTC 2026
✅ Commit 9 on Mon May 11 09:42:08 UTC 2026
✅ Commit 10 on Mon May 11 09:42:08 UTC 2026
✅ Commit 11 on Mon May 11 09:42:08 UTC 2026
✅ Commit 12 on Mon May 11 09:42:08 UTC 2026
✅ Commit 1 on Mon May 11 15:26:46 UTC 2026
✅ Commit 2 on Mon May 11 15:26:46 UTC 2026
✅ Commit 3 on Mon May 11 15:26:46 UTC 2026
✅ Commit 4 on Mon May 11 15:26:46 UTC 2026
✅ Commit 5 on Mon May 11 15:26:46 UTC 2026
✅ Commit 6 on Mon May 11 15:26:46 UTC 2026
✅ Commit 7 on Mon May 11 15:26:46 UTC 2026
✅ Commit 8 on Mon May 11 15:26:46 UTC 2026
✅ Commit 9 on Mon May 11 15:26:46 UTC 2026
✅ Commit 10 on Mon May 11 15:26:46 UTC 2026
✅ Commit 11 on Mon May 11 15:26:46 UTC 2026
✅ Commit 12 on Mon May 11 15:26:46 UTC 2026
✅ Commit 1 on Mon May 11 19:23:42 UTC 2026
✅ Commit 2 on Mon May 11 19:23:42 UTC 2026
✅ Commit 3 on Mon May 11 19:23:43 UTC 2026
✅ Commit 4 on Mon May 11 19:23:43 UTC 2026
✅ Commit 5 on Mon May 11 19:23:43 UTC 2026
✅ Commit 6 on Mon May 11 19:23:43 UTC 2026
✅ Commit 7 on Mon May 11 19:23:43 UTC 2026
✅ Commit 8 on Mon May 11 19:23:43 UTC 2026
✅ Commit 9 on Mon May 11 19:23:43 UTC 2026
✅ Commit 10 on Mon May 11 19:23:43 UTC 2026
✅ Commit 11 on Mon May 11 19:23:43 UTC 2026
✅ Commit 12 on Mon May 11 19:23:43 UTC 2026
✅ Commit 1 on Tue May 12 03:55:42 UTC 2026
✅ Commit 2 on Tue May 12 03:55:42 UTC 2026
✅ Commit 3 on Tue May 12 03:55:42 UTC 2026
✅ Commit 4 on Tue May 12 03:55:42 UTC 2026
✅ Commit 5 on Tue May 12 03:55:42 UTC 2026
✅ Commit 6 on Tue May 12 03:55:42 UTC 2026
✅ Commit 7 on Tue May 12 03:55:42 UTC 2026
✅ Commit 8 on Tue May 12 03:55:42 UTC 2026
✅ Commit 9 on Tue May 12 03:55:42 UTC 2026
✅ Commit 10 on Tue May 12 03:55:42 UTC 2026
✅ Commit 11 on Tue May 12 03:55:43 UTC 2026
✅ Commit 12 on Tue May 12 03:55:43 UTC 2026
✅ Commit 1 on Tue May 12 08:42:24 UTC 2026
✅ Commit 2 on Tue May 12 08:42:24 UTC 2026
✅ Commit 3 on Tue May 12 08:42:24 UTC 2026
✅ Commit 4 on Tue May 12 08:42:24 UTC 2026
✅ Commit 5 on Tue May 12 08:42:24 UTC 2026
✅ Commit 6 on Tue May 12 08:42:24 UTC 2026
✅ Commit 7 on Tue May 12 08:42:24 UTC 2026
✅ Commit 8 on Tue May 12 08:42:24 UTC 2026
✅ Commit 9 on Tue May 12 08:42:24 UTC 2026
✅ Commit 10 on Tue May 12 08:42:24 UTC 2026
✅ Commit 11 on Tue May 12 08:42:24 UTC 2026
✅ Commit 12 on Tue May 12 08:42:24 UTC 2026
✅ Commit 1 on Tue May 12 14:38:51 UTC 2026
✅ Commit 2 on Tue May 12 14:38:51 UTC 2026
✅ Commit 3 on Tue May 12 14:38:51 UTC 2026
✅ Commit 4 on Tue May 12 14:38:51 UTC 2026
✅ Commit 5 on Tue May 12 14:38:51 UTC 2026
✅ Commit 6 on Tue May 12 14:38:51 UTC 2026
✅ Commit 7 on Tue May 12 14:38:51 UTC 2026
✅ Commit 8 on Tue May 12 14:38:51 UTC 2026
✅ Commit 9 on Tue May 12 14:38:51 UTC 2026
✅ Commit 10 on Tue May 12 14:38:51 UTC 2026
✅ Commit 11 on Tue May 12 14:38:51 UTC 2026
✅ Commit 12 on Tue May 12 14:38:51 UTC 2026
✅ Commit 1 on Tue May 12 19:24:51 UTC 2026
✅ Commit 2 on Tue May 12 19:24:51 UTC 2026
✅ Commit 3 on Tue May 12 19:24:51 UTC 2026
✅ Commit 4 on Tue May 12 19:24:51 UTC 2026
✅ Commit 5 on Tue May 12 19:24:51 UTC 2026
✅ Commit 6 on Tue May 12 19:24:51 UTC 2026
✅ Commit 7 on Tue May 12 19:24:51 UTC 2026
✅ Commit 8 on Tue May 12 19:24:51 UTC 2026
✅ Commit 9 on Tue May 12 19:24:51 UTC 2026
✅ Commit 10 on Tue May 12 19:24:51 UTC 2026
✅ Commit 11 on Tue May 12 19:24:51 UTC 2026
✅ Commit 12 on Tue May 12 19:24:51 UTC 2026
✅ Commit 1 on Wed May 13 04:04:11 UTC 2026
✅ Commit 2 on Wed May 13 04:04:11 UTC 2026
✅ Commit 3 on Wed May 13 04:04:12 UTC 2026
✅ Commit 4 on Wed May 13 04:04:12 UTC 2026
✅ Commit 5 on Wed May 13 04:04:12 UTC 2026
✅ Commit 6 on Wed May 13 04:04:12 UTC 2026
✅ Commit 7 on Wed May 13 04:04:12 UTC 2026
✅ Commit 8 on Wed May 13 04:04:12 UTC 2026
✅ Commit 9 on Wed May 13 04:04:12 UTC 2026
✅ Commit 10 on Wed May 13 04:04:12 UTC 2026
✅ Commit 11 on Wed May 13 04:04:12 UTC 2026
✅ Commit 12 on Wed May 13 04:04:12 UTC 2026
✅ Commit 1 on Wed May 13 08:46:20 UTC 2026
✅ Commit 2 on Wed May 13 08:46:20 UTC 2026
✅ Commit 3 on Wed May 13 08:46:20 UTC 2026
✅ Commit 4 on Wed May 13 08:46:20 UTC 2026
✅ Commit 5 on Wed May 13 08:46:20 UTC 2026
✅ Commit 6 on Wed May 13 08:46:20 UTC 2026
✅ Commit 7 on Wed May 13 08:46:20 UTC 2026
✅ Commit 8 on Wed May 13 08:46:20 UTC 2026
✅ Commit 9 on Wed May 13 08:46:20 UTC 2026
✅ Commit 10 on Wed May 13 08:46:20 UTC 2026
✅ Commit 11 on Wed May 13 08:46:20 UTC 2026
✅ Commit 12 on Wed May 13 08:46:20 UTC 2026
✅ Commit 1 on Wed May 13 14:49:37 UTC 2026
✅ Commit 2 on Wed May 13 14:49:37 UTC 2026
✅ Commit 3 on Wed May 13 14:49:37 UTC 2026
✅ Commit 4 on Wed May 13 14:49:37 UTC 2026
✅ Commit 5 on Wed May 13 14:49:37 UTC 2026
✅ Commit 6 on Wed May 13 14:49:37 UTC 2026
✅ Commit 7 on Wed May 13 14:49:37 UTC 2026
✅ Commit 8 on Wed May 13 14:49:37 UTC 2026
✅ Commit 9 on Wed May 13 14:49:37 UTC 2026
✅ Commit 10 on Wed May 13 14:49:37 UTC 2026
✅ Commit 11 on Wed May 13 14:49:37 UTC 2026
✅ Commit 12 on Wed May 13 14:49:37 UTC 2026
✅ Commit 1 on Wed May 13 19:26:59 UTC 2026
✅ Commit 2 on Wed May 13 19:26:59 UTC 2026
✅ Commit 3 on Wed May 13 19:26:59 UTC 2026
✅ Commit 4 on Wed May 13 19:27:00 UTC 2026
✅ Commit 5 on Wed May 13 19:27:00 UTC 2026
✅ Commit 6 on Wed May 13 19:27:00 UTC 2026
✅ Commit 7 on Wed May 13 19:27:00 UTC 2026
✅ Commit 8 on Wed May 13 19:27:00 UTC 2026
✅ Commit 9 on Wed May 13 19:27:00 UTC 2026
✅ Commit 10 on Wed May 13 19:27:00 UTC 2026
✅ Commit 11 on Wed May 13 19:27:00 UTC 2026
✅ Commit 12 on Wed May 13 19:27:00 UTC 2026
✅ Commit 1 on Thu May 14 04:02:48 UTC 2026
✅ Commit 2 on Thu May 14 04:02:48 UTC 2026
✅ Commit 3 on Thu May 14 04:02:48 UTC 2026
✅ Commit 4 on Thu May 14 04:02:48 UTC 2026
✅ Commit 5 on Thu May 14 04:02:48 UTC 2026
✅ Commit 6 on Thu May 14 04:02:49 UTC 2026
✅ Commit 7 on Thu May 14 04:02:49 UTC 2026
✅ Commit 8 on Thu May 14 04:02:49 UTC 2026
✅ Commit 9 on Thu May 14 04:02:49 UTC 2026
✅ Commit 10 on Thu May 14 04:02:49 UTC 2026
✅ Commit 11 on Thu May 14 04:02:49 UTC 2026
✅ Commit 12 on Thu May 14 04:02:49 UTC 2026
✅ Commit 1 on Thu May 14 08:39:38 UTC 2026
✅ Commit 2 on Thu May 14 08:39:38 UTC 2026
✅ Commit 3 on Thu May 14 08:39:38 UTC 2026
✅ Commit 4 on Thu May 14 08:39:38 UTC 2026
✅ Commit 5 on Thu May 14 08:39:38 UTC 2026
✅ Commit 6 on Thu May 14 08:39:38 UTC 2026
✅ Commit 7 on Thu May 14 08:39:38 UTC 2026
✅ Commit 8 on Thu May 14 08:39:38 UTC 2026
✅ Commit 9 on Thu May 14 08:39:38 UTC 2026
✅ Commit 10 on Thu May 14 08:39:39 UTC 2026
✅ Commit 11 on Thu May 14 08:39:39 UTC 2026
✅ Commit 12 on Thu May 14 08:39:39 UTC 2026
✅ Commit 1 on Thu May 14 14:29:04 UTC 2026
✅ Commit 2 on Thu May 14 14:29:04 UTC 2026
✅ Commit 3 on Thu May 14 14:29:04 UTC 2026
✅ Commit 4 on Thu May 14 14:29:04 UTC 2026
✅ Commit 5 on Thu May 14 14:29:04 UTC 2026
✅ Commit 6 on Thu May 14 14:29:05 UTC 2026
✅ Commit 7 on Thu May 14 14:29:05 UTC 2026
✅ Commit 8 on Thu May 14 14:29:05 UTC 2026
✅ Commit 9 on Thu May 14 14:29:05 UTC 2026
✅ Commit 10 on Thu May 14 14:29:05 UTC 2026
✅ Commit 11 on Thu May 14 14:29:05 UTC 2026
✅ Commit 12 on Thu May 14 14:29:05 UTC 2026
✅ Commit 1 on Thu May 14 19:24:51 UTC 2026
✅ Commit 2 on Thu May 14 19:24:51 UTC 2026
✅ Commit 3 on Thu May 14 19:24:51 UTC 2026
✅ Commit 4 on Thu May 14 19:24:51 UTC 2026
✅ Commit 5 on Thu May 14 19:24:51 UTC 2026
✅ Commit 6 on Thu May 14 19:24:51 UTC 2026
✅ Commit 7 on Thu May 14 19:24:51 UTC 2026
✅ Commit 8 on Thu May 14 19:24:51 UTC 2026
✅ Commit 9 on Thu May 14 19:24:51 UTC 2026
✅ Commit 10 on Thu May 14 19:24:51 UTC 2026
✅ Commit 11 on Thu May 14 19:24:51 UTC 2026
✅ Commit 12 on Thu May 14 19:24:51 UTC 2026
✅ Commit 1 on Fri May 15 04:08:04 UTC 2026
✅ Commit 2 on Fri May 15 04:08:04 UTC 2026
✅ Commit 3 on Fri May 15 04:08:04 UTC 2026
✅ Commit 4 on Fri May 15 04:08:04 UTC 2026
✅ Commit 5 on Fri May 15 04:08:04 UTC 2026
✅ Commit 6 on Fri May 15 04:08:04 UTC 2026
✅ Commit 7 on Fri May 15 04:08:04 UTC 2026
✅ Commit 8 on Fri May 15 04:08:04 UTC 2026
✅ Commit 9 on Fri May 15 04:08:04 UTC 2026
✅ Commit 10 on Fri May 15 04:08:04 UTC 2026
✅ Commit 11 on Fri May 15 04:08:04 UTC 2026
✅ Commit 12 on Fri May 15 04:08:04 UTC 2026
✅ Commit 1 on Fri May 15 08:50:37 UTC 2026
✅ Commit 2 on Fri May 15 08:50:37 UTC 2026
✅ Commit 3 on Fri May 15 08:50:37 UTC 2026
✅ Commit 4 on Fri May 15 08:50:37 UTC 2026
✅ Commit 5 on Fri May 15 08:50:37 UTC 2026
✅ Commit 6 on Fri May 15 08:50:37 UTC 2026
✅ Commit 7 on Fri May 15 08:50:37 UTC 2026
✅ Commit 8 on Fri May 15 08:50:37 UTC 2026
✅ Commit 9 on Fri May 15 08:50:37 UTC 2026
✅ Commit 10 on Fri May 15 08:50:37 UTC 2026
✅ Commit 11 on Fri May 15 08:50:37 UTC 2026
✅ Commit 12 on Fri May 15 08:50:37 UTC 2026
✅ Commit 1 on Fri May 15 14:22:03 UTC 2026
✅ Commit 2 on Fri May 15 14:22:03 UTC 2026
✅ Commit 3 on Fri May 15 14:22:03 UTC 2026
✅ Commit 4 on Fri May 15 14:22:03 UTC 2026
✅ Commit 5 on Fri May 15 14:22:03 UTC 2026
✅ Commit 6 on Fri May 15 14:22:03 UTC 2026
✅ Commit 7 on Fri May 15 14:22:03 UTC 2026
✅ Commit 8 on Fri May 15 14:22:04 UTC 2026
✅ Commit 9 on Fri May 15 14:22:04 UTC 2026
✅ Commit 10 on Fri May 15 14:22:04 UTC 2026
✅ Commit 11 on Fri May 15 14:22:04 UTC 2026
✅ Commit 12 on Fri May 15 14:22:04 UTC 2026
✅ Commit 1 on Fri May 15 19:12:13 UTC 2026
✅ Commit 2 on Fri May 15 19:12:13 UTC 2026
✅ Commit 3 on Fri May 15 19:12:13 UTC 2026
✅ Commit 4 on Fri May 15 19:12:13 UTC 2026
✅ Commit 5 on Fri May 15 19:12:13 UTC 2026
✅ Commit 6 on Fri May 15 19:12:13 UTC 2026
✅ Commit 7 on Fri May 15 19:12:13 UTC 2026
✅ Commit 8 on Fri May 15 19:12:13 UTC 2026
✅ Commit 9 on Fri May 15 19:12:13 UTC 2026
✅ Commit 10 on Fri May 15 19:12:13 UTC 2026
✅ Commit 11 on Fri May 15 19:12:13 UTC 2026
✅ Commit 12 on Fri May 15 19:12:13 UTC 2026
✅ Commit 1 on Sat May 16 03:50:19 UTC 2026
✅ Commit 2 on Sat May 16 03:50:19 UTC 2026
✅ Commit 3 on Sat May 16 03:50:19 UTC 2026
✅ Commit 4 on Sat May 16 03:50:19 UTC 2026
✅ Commit 5 on Sat May 16 03:50:19 UTC 2026
✅ Commit 6 on Sat May 16 03:50:19 UTC 2026
✅ Commit 7 on Sat May 16 03:50:19 UTC 2026
✅ Commit 8 on Sat May 16 03:50:19 UTC 2026
✅ Commit 9 on Sat May 16 03:50:19 UTC 2026
✅ Commit 10 on Sat May 16 03:50:19 UTC 2026
✅ Commit 11 on Sat May 16 03:50:19 UTC 2026
✅ Commit 12 on Sat May 16 03:50:19 UTC 2026
✅ Commit 1 on Sat May 16 08:06:16 UTC 2026
✅ Commit 2 on Sat May 16 08:06:16 UTC 2026
✅ Commit 3 on Sat May 16 08:06:16 UTC 2026
✅ Commit 4 on Sat May 16 08:06:16 UTC 2026
✅ Commit 5 on Sat May 16 08:06:16 UTC 2026
✅ Commit 6 on Sat May 16 08:06:16 UTC 2026
✅ Commit 7 on Sat May 16 08:06:16 UTC 2026
✅ Commit 8 on Sat May 16 08:06:16 UTC 2026
✅ Commit 9 on Sat May 16 08:06:16 UTC 2026
✅ Commit 10 on Sat May 16 08:06:16 UTC 2026
✅ Commit 11 on Sat May 16 08:06:16 UTC 2026
✅ Commit 12 on Sat May 16 08:06:16 UTC 2026
✅ Commit 1 on Sat May 16 13:46:23 UTC 2026
✅ Commit 2 on Sat May 16 13:46:23 UTC 2026
✅ Commit 3 on Sat May 16 13:46:23 UTC 2026
✅ Commit 4 on Sat May 16 13:46:23 UTC 2026
✅ Commit 5 on Sat May 16 13:46:23 UTC 2026
✅ Commit 6 on Sat May 16 13:46:23 UTC 2026
✅ Commit 7 on Sat May 16 13:46:23 UTC 2026
✅ Commit 8 on Sat May 16 13:46:23 UTC 2026
✅ Commit 9 on Sat May 16 13:46:23 UTC 2026
✅ Commit 10 on Sat May 16 13:46:23 UTC 2026
✅ Commit 11 on Sat May 16 13:46:23 UTC 2026
✅ Commit 12 on Sat May 16 13:46:23 UTC 2026
✅ Commit 1 on Sat May 16 18:44:35 UTC 2026
✅ Commit 2 on Sat May 16 18:44:35 UTC 2026
✅ Commit 3 on Sat May 16 18:44:35 UTC 2026
✅ Commit 4 on Sat May 16 18:44:35 UTC 2026
✅ Commit 5 on Sat May 16 18:44:35 UTC 2026
✅ Commit 6 on Sat May 16 18:44:35 UTC 2026
✅ Commit 7 on Sat May 16 18:44:35 UTC 2026
✅ Commit 8 on Sat May 16 18:44:35 UTC 2026
✅ Commit 9 on Sat May 16 18:44:35 UTC 2026
✅ Commit 10 on Sat May 16 18:44:35 UTC 2026
✅ Commit 11 on Sat May 16 18:44:35 UTC 2026
✅ Commit 12 on Sat May 16 18:44:35 UTC 2026
✅ Commit 1 on Sun May 17 04:08:31 UTC 2026
✅ Commit 2 on Sun May 17 04:08:31 UTC 2026
✅ Commit 3 on Sun May 17 04:08:31 UTC 2026
✅ Commit 4 on Sun May 17 04:08:31 UTC 2026
✅ Commit 5 on Sun May 17 04:08:31 UTC 2026
✅ Commit 6 on Sun May 17 04:08:31 UTC 2026
✅ Commit 7 on Sun May 17 04:08:31 UTC 2026
✅ Commit 8 on Sun May 17 04:08:31 UTC 2026
✅ Commit 9 on Sun May 17 04:08:31 UTC 2026
✅ Commit 10 on Sun May 17 04:08:31 UTC 2026
✅ Commit 11 on Sun May 17 04:08:31 UTC 2026
✅ Commit 12 on Sun May 17 04:08:31 UTC 2026
✅ Commit 1 on Sun May 17 08:23:07 UTC 2026
✅ Commit 2 on Sun May 17 08:23:07 UTC 2026
✅ Commit 3 on Sun May 17 08:23:07 UTC 2026
✅ Commit 4 on Sun May 17 08:23:07 UTC 2026
✅ Commit 5 on Sun May 17 08:23:07 UTC 2026
✅ Commit 6 on Sun May 17 08:23:07 UTC 2026
✅ Commit 7 on Sun May 17 08:23:07 UTC 2026
✅ Commit 8 on Sun May 17 08:23:07 UTC 2026
✅ Commit 9 on Sun May 17 08:23:07 UTC 2026
✅ Commit 10 on Sun May 17 08:23:07 UTC 2026
✅ Commit 11 on Sun May 17 08:23:07 UTC 2026
✅ Commit 12 on Sun May 17 08:23:07 UTC 2026
✅ Commit 1 on Sun May 17 13:46:04 UTC 2026
✅ Commit 2 on Sun May 17 13:46:04 UTC 2026
✅ Commit 3 on Sun May 17 13:46:04 UTC 2026
✅ Commit 4 on Sun May 17 13:46:04 UTC 2026
✅ Commit 5 on Sun May 17 13:46:04 UTC 2026
✅ Commit 6 on Sun May 17 13:46:04 UTC 2026
✅ Commit 7 on Sun May 17 13:46:04 UTC 2026
✅ Commit 8 on Sun May 17 13:46:04 UTC 2026
✅ Commit 9 on Sun May 17 13:46:04 UTC 2026
✅ Commit 10 on Sun May 17 13:46:04 UTC 2026
✅ Commit 11 on Sun May 17 13:46:04 UTC 2026
✅ Commit 12 on Sun May 17 13:46:04 UTC 2026
✅ Commit 1 on Sun May 17 18:50:06 UTC 2026
✅ Commit 2 on Sun May 17 18:50:06 UTC 2026
✅ Commit 3 on Sun May 17 18:50:06 UTC 2026
✅ Commit 4 on Sun May 17 18:50:06 UTC 2026
✅ Commit 5 on Sun May 17 18:50:06 UTC 2026
✅ Commit 6 on Sun May 17 18:50:06 UTC 2026
✅ Commit 7 on Sun May 17 18:50:06 UTC 2026
✅ Commit 8 on Sun May 17 18:50:06 UTC 2026
✅ Commit 9 on Sun May 17 18:50:06 UTC 2026
✅ Commit 10 on Sun May 17 18:50:06 UTC 2026
✅ Commit 11 on Sun May 17 18:50:06 UTC 2026
✅ Commit 12 on Sun May 17 18:50:06 UTC 2026
✅ Commit 1 on Mon May 18 04:20:48 UTC 2026
✅ Commit 2 on Mon May 18 04:20:48 UTC 2026
✅ Commit 3 on Mon May 18 04:20:48 UTC 2026
✅ Commit 4 on Mon May 18 04:20:48 UTC 2026
✅ Commit 5 on Mon May 18 04:20:48 UTC 2026
✅ Commit 6 on Mon May 18 04:20:48 UTC 2026
✅ Commit 7 on Mon May 18 04:20:48 UTC 2026
✅ Commit 8 on Mon May 18 04:20:48 UTC 2026
✅ Commit 9 on Mon May 18 04:20:48 UTC 2026
✅ Commit 10 on Mon May 18 04:20:48 UTC 2026
✅ Commit 11 on Mon May 18 04:20:48 UTC 2026
✅ Commit 12 on Mon May 18 04:20:49 UTC 2026
✅ Commit 1 on Mon May 18 10:07:51 UTC 2026
✅ Commit 2 on Mon May 18 10:07:51 UTC 2026
✅ Commit 3 on Mon May 18 10:07:51 UTC 2026
✅ Commit 4 on Mon May 18 10:07:51 UTC 2026
✅ Commit 5 on Mon May 18 10:07:51 UTC 2026
✅ Commit 6 on Mon May 18 10:07:51 UTC 2026
✅ Commit 7 on Mon May 18 10:07:51 UTC 2026
✅ Commit 8 on Mon May 18 10:07:51 UTC 2026
✅ Commit 9 on Mon May 18 10:07:51 UTC 2026
✅ Commit 10 on Mon May 18 10:07:51 UTC 2026
✅ Commit 11 on Mon May 18 10:07:51 UTC 2026
✅ Commit 12 on Mon May 18 10:07:51 UTC 2026
✅ Commit 1 on Mon May 18 15:47:42 UTC 2026
✅ Commit 2 on Mon May 18 15:47:42 UTC 2026
✅ Commit 3 on Mon May 18 15:47:42 UTC 2026
✅ Commit 4 on Mon May 18 15:47:42 UTC 2026
✅ Commit 5 on Mon May 18 15:47:42 UTC 2026
✅ Commit 6 on Mon May 18 15:47:42 UTC 2026
✅ Commit 7 on Mon May 18 15:47:42 UTC 2026
✅ Commit 8 on Mon May 18 15:47:42 UTC 2026
✅ Commit 9 on Mon May 18 15:47:42 UTC 2026
✅ Commit 10 on Mon May 18 15:47:42 UTC 2026
✅ Commit 11 on Mon May 18 15:47:42 UTC 2026
✅ Commit 12 on Mon May 18 15:47:42 UTC 2026
✅ Commit 1 on Mon May 18 19:20:35 UTC 2026
✅ Commit 2 on Mon May 18 19:20:35 UTC 2026
✅ Commit 3 on Mon May 18 19:20:35 UTC 2026
✅ Commit 4 on Mon May 18 19:20:35 UTC 2026
✅ Commit 5 on Mon May 18 19:20:35 UTC 2026
✅ Commit 6 on Mon May 18 19:20:35 UTC 2026
✅ Commit 7 on Mon May 18 19:20:35 UTC 2026
✅ Commit 8 on Mon May 18 19:20:35 UTC 2026
✅ Commit 9 on Mon May 18 19:20:35 UTC 2026
✅ Commit 10 on Mon May 18 19:20:35 UTC 2026
✅ Commit 11 on Mon May 18 19:20:35 UTC 2026
✅ Commit 12 on Mon May 18 19:20:35 UTC 2026
✅ Commit 1 on Tue May 19 04:16:09 UTC 2026
✅ Commit 2 on Tue May 19 04:16:09 UTC 2026
✅ Commit 3 on Tue May 19 04:16:09 UTC 2026
✅ Commit 4 on Tue May 19 04:16:09 UTC 2026
✅ Commit 5 on Tue May 19 04:16:09 UTC 2026
✅ Commit 6 on Tue May 19 04:16:09 UTC 2026
✅ Commit 7 on Tue May 19 04:16:09 UTC 2026
✅ Commit 8 on Tue May 19 04:16:09 UTC 2026
✅ Commit 9 on Tue May 19 04:16:09 UTC 2026
✅ Commit 10 on Tue May 19 04:16:09 UTC 2026
✅ Commit 11 on Tue May 19 04:16:09 UTC 2026
✅ Commit 12 on Tue May 19 04:16:09 UTC 2026
✅ Commit 1 on Tue May 19 09:48:46 UTC 2026
✅ Commit 2 on Tue May 19 09:48:46 UTC 2026
✅ Commit 3 on Tue May 19 09:48:46 UTC 2026
✅ Commit 4 on Tue May 19 09:48:46 UTC 2026
✅ Commit 5 on Tue May 19 09:48:46 UTC 2026
✅ Commit 6 on Tue May 19 09:48:46 UTC 2026
✅ Commit 7 on Tue May 19 09:48:46 UTC 2026
✅ Commit 8 on Tue May 19 09:48:46 UTC 2026
✅ Commit 9 on Tue May 19 09:48:46 UTC 2026
✅ Commit 10 on Tue May 19 09:48:46 UTC 2026
✅ Commit 11 on Tue May 19 09:48:46 UTC 2026
✅ Commit 12 on Tue May 19 09:48:46 UTC 2026
✅ Commit 1 on Tue May 19 15:38:56 UTC 2026
✅ Commit 2 on Tue May 19 15:38:56 UTC 2026
✅ Commit 3 on Tue May 19 15:38:56 UTC 2026
✅ Commit 4 on Tue May 19 15:38:56 UTC 2026
✅ Commit 5 on Tue May 19 15:38:56 UTC 2026
✅ Commit 6 on Tue May 19 15:38:56 UTC 2026
✅ Commit 7 on Tue May 19 15:38:56 UTC 2026
✅ Commit 8 on Tue May 19 15:38:56 UTC 2026
✅ Commit 9 on Tue May 19 15:38:56 UTC 2026
✅ Commit 10 on Tue May 19 15:38:56 UTC 2026
✅ Commit 11 on Tue May 19 15:38:56 UTC 2026
✅ Commit 12 on Tue May 19 15:38:56 UTC 2026
✅ Commit 1 on Tue May 19 19:39:58 UTC 2026
✅ Commit 2 on Tue May 19 19:39:58 UTC 2026
✅ Commit 3 on Tue May 19 19:39:58 UTC 2026
✅ Commit 4 on Tue May 19 19:39:58 UTC 2026
✅ Commit 5 on Tue May 19 19:39:58 UTC 2026
✅ Commit 6 on Tue May 19 19:39:58 UTC 2026
✅ Commit 7 on Tue May 19 19:39:58 UTC 2026
✅ Commit 8 on Tue May 19 19:39:58 UTC 2026
✅ Commit 9 on Tue May 19 19:39:58 UTC 2026
✅ Commit 10 on Tue May 19 19:39:58 UTC 2026
✅ Commit 11 on Tue May 19 19:39:58 UTC 2026
✅ Commit 12 on Tue May 19 19:39:58 UTC 2026
✅ Commit 1 on Wed May 20 04:17:14 UTC 2026
✅ Commit 2 on Wed May 20 04:17:14 UTC 2026
✅ Commit 3 on Wed May 20 04:17:14 UTC 2026
✅ Commit 4 on Wed May 20 04:17:14 UTC 2026
✅ Commit 5 on Wed May 20 04:17:14 UTC 2026
✅ Commit 6 on Wed May 20 04:17:14 UTC 2026
✅ Commit 7 on Wed May 20 04:17:14 UTC 2026
✅ Commit 8 on Wed May 20 04:17:14 UTC 2026
✅ Commit 9 on Wed May 20 04:17:14 UTC 2026
✅ Commit 10 on Wed May 20 04:17:14 UTC 2026
✅ Commit 11 on Wed May 20 04:17:14 UTC 2026
✅ Commit 12 on Wed May 20 04:17:14 UTC 2026
✅ Commit 1 on Wed May 20 09:37:02 UTC 2026
✅ Commit 2 on Wed May 20 09:37:02 UTC 2026
✅ Commit 3 on Wed May 20 09:37:02 UTC 2026
✅ Commit 4 on Wed May 20 09:37:02 UTC 2026
✅ Commit 5 on Wed May 20 09:37:02 UTC 2026
✅ Commit 6 on Wed May 20 09:37:02 UTC 2026
✅ Commit 7 on Wed May 20 09:37:02 UTC 2026
✅ Commit 8 on Wed May 20 09:37:02 UTC 2026
✅ Commit 9 on Wed May 20 09:37:02 UTC 2026
✅ Commit 10 on Wed May 20 09:37:02 UTC 2026
✅ Commit 11 on Wed May 20 09:37:02 UTC 2026
✅ Commit 12 on Wed May 20 09:37:02 UTC 2026
✅ Commit 1 on Wed May 20 15:39:48 UTC 2026
✅ Commit 2 on Wed May 20 15:39:48 UTC 2026
✅ Commit 3 on Wed May 20 15:39:48 UTC 2026
✅ Commit 4 on Wed May 20 15:39:48 UTC 2026
✅ Commit 5 on Wed May 20 15:39:48 UTC 2026
✅ Commit 6 on Wed May 20 15:39:48 UTC 2026
✅ Commit 7 on Wed May 20 15:39:48 UTC 2026
✅ Commit 8 on Wed May 20 15:39:48 UTC 2026
✅ Commit 9 on Wed May 20 15:39:48 UTC 2026
✅ Commit 10 on Wed May 20 15:39:48 UTC 2026
✅ Commit 11 on Wed May 20 15:39:48 UTC 2026
✅ Commit 12 on Wed May 20 15:39:48 UTC 2026
✅ Commit 1 on Wed May 20 19:58:53 UTC 2026
✅ Commit 2 on Wed May 20 19:58:53 UTC 2026
✅ Commit 3 on Wed May 20 19:58:53 UTC 2026
✅ Commit 4 on Wed May 20 19:58:53 UTC 2026
✅ Commit 5 on Wed May 20 19:58:53 UTC 2026
✅ Commit 6 on Wed May 20 19:58:53 UTC 2026
✅ Commit 7 on Wed May 20 19:58:53 UTC 2026
✅ Commit 8 on Wed May 20 19:58:53 UTC 2026
✅ Commit 9 on Wed May 20 19:58:53 UTC 2026
✅ Commit 10 on Wed May 20 19:58:53 UTC 2026
✅ Commit 11 on Wed May 20 19:58:53 UTC 2026
✅ Commit 12 on Wed May 20 19:58:53 UTC 2026
✅ Commit 1 on Thu May 21 04:25:10 UTC 2026
✅ Commit 2 on Thu May 21 04:25:10 UTC 2026
✅ Commit 3 on Thu May 21 04:25:10 UTC 2026
✅ Commit 4 on Thu May 21 04:25:10 UTC 2026
✅ Commit 5 on Thu May 21 04:25:10 UTC 2026
✅ Commit 6 on Thu May 21 04:25:10 UTC 2026
✅ Commit 7 on Thu May 21 04:25:10 UTC 2026
✅ Commit 8 on Thu May 21 04:25:10 UTC 2026
✅ Commit 9 on Thu May 21 04:25:10 UTC 2026
✅ Commit 10 on Thu May 21 04:25:10 UTC 2026
✅ Commit 11 on Thu May 21 04:25:10 UTC 2026
✅ Commit 12 on Thu May 21 04:25:10 UTC 2026
✅ Commit 1 on Thu May 21 09:44:09 UTC 2026
✅ Commit 2 on Thu May 21 09:44:09 UTC 2026
✅ Commit 3 on Thu May 21 09:44:09 UTC 2026
✅ Commit 4 on Thu May 21 09:44:09 UTC 2026
✅ Commit 5 on Thu May 21 09:44:09 UTC 2026
✅ Commit 6 on Thu May 21 09:44:09 UTC 2026
✅ Commit 7 on Thu May 21 09:44:09 UTC 2026
✅ Commit 8 on Thu May 21 09:44:09 UTC 2026
✅ Commit 9 on Thu May 21 09:44:09 UTC 2026
✅ Commit 10 on Thu May 21 09:44:09 UTC 2026
✅ Commit 11 on Thu May 21 09:44:09 UTC 2026
✅ Commit 12 on Thu May 21 09:44:09 UTC 2026
✅ Commit 1 on Thu May 21 15:41:59 UTC 2026
✅ Commit 2 on Thu May 21 15:41:59 UTC 2026
✅ Commit 3 on Thu May 21 15:41:59 UTC 2026
✅ Commit 4 on Thu May 21 15:41:59 UTC 2026
✅ Commit 5 on Thu May 21 15:41:59 UTC 2026
✅ Commit 6 on Thu May 21 15:41:59 UTC 2026
✅ Commit 7 on Thu May 21 15:41:59 UTC 2026
✅ Commit 8 on Thu May 21 15:41:59 UTC 2026
✅ Commit 9 on Thu May 21 15:41:59 UTC 2026
✅ Commit 10 on Thu May 21 15:41:59 UTC 2026
✅ Commit 11 on Thu May 21 15:41:59 UTC 2026
✅ Commit 12 on Thu May 21 15:42:00 UTC 2026
✅ Commit 1 on Thu May 21 19:39:53 UTC 2026
✅ Commit 2 on Thu May 21 19:39:53 UTC 2026
✅ Commit 3 on Thu May 21 19:39:53 UTC 2026
✅ Commit 4 on Thu May 21 19:39:53 UTC 2026
✅ Commit 5 on Thu May 21 19:39:53 UTC 2026
✅ Commit 6 on Thu May 21 19:39:53 UTC 2026
✅ Commit 7 on Thu May 21 19:39:53 UTC 2026
✅ Commit 8 on Thu May 21 19:39:53 UTC 2026
✅ Commit 9 on Thu May 21 19:39:53 UTC 2026
✅ Commit 10 on Thu May 21 19:39:53 UTC 2026
✅ Commit 11 on Thu May 21 19:39:53 UTC 2026
✅ Commit 12 on Thu May 21 19:39:53 UTC 2026
✅ Commit 1 on Fri May 22 04:20:00 UTC 2026
✅ Commit 2 on Fri May 22 04:20:00 UTC 2026
✅ Commit 3 on Fri May 22 04:20:00 UTC 2026
✅ Commit 4 on Fri May 22 04:20:00 UTC 2026
✅ Commit 5 on Fri May 22 04:20:00 UTC 2026
✅ Commit 6 on Fri May 22 04:20:00 UTC 2026
✅ Commit 7 on Fri May 22 04:20:00 UTC 2026
✅ Commit 8 on Fri May 22 04:20:00 UTC 2026
✅ Commit 9 on Fri May 22 04:20:00 UTC 2026
✅ Commit 10 on Fri May 22 04:20:00 UTC 2026
✅ Commit 11 on Fri May 22 04:20:00 UTC 2026
✅ Commit 12 on Fri May 22 04:20:00 UTC 2026
✅ Commit 1 on Fri May 22 09:29:06 UTC 2026
✅ Commit 2 on Fri May 22 09:29:06 UTC 2026
✅ Commit 3 on Fri May 22 09:29:06 UTC 2026
✅ Commit 4 on Fri May 22 09:29:06 UTC 2026
✅ Commit 5 on Fri May 22 09:29:06 UTC 2026
✅ Commit 6 on Fri May 22 09:29:06 UTC 2026
✅ Commit 7 on Fri May 22 09:29:06 UTC 2026
✅ Commit 8 on Fri May 22 09:29:06 UTC 2026
✅ Commit 9 on Fri May 22 09:29:06 UTC 2026
✅ Commit 10 on Fri May 22 09:29:06 UTC 2026
✅ Commit 11 on Fri May 22 09:29:06 UTC 2026
✅ Commit 12 on Fri May 22 09:29:06 UTC 2026
✅ Commit 1 on Fri May 22 14:51:06 UTC 2026
✅ Commit 2 on Fri May 22 14:51:06 UTC 2026
✅ Commit 3 on Fri May 22 14:51:06 UTC 2026
✅ Commit 4 on Fri May 22 14:51:06 UTC 2026
✅ Commit 5 on Fri May 22 14:51:06 UTC 2026
✅ Commit 6 on Fri May 22 14:51:06 UTC 2026
✅ Commit 7 on Fri May 22 14:51:06 UTC 2026
✅ Commit 8 on Fri May 22 14:51:06 UTC 2026
✅ Commit 9 on Fri May 22 14:51:06 UTC 2026
✅ Commit 10 on Fri May 22 14:51:06 UTC 2026
✅ Commit 11 on Fri May 22 14:51:06 UTC 2026
✅ Commit 12 on Fri May 22 14:51:06 UTC 2026
✅ Commit 1 on Fri May 22 19:19:34 UTC 2026
✅ Commit 2 on Fri May 22 19:19:34 UTC 2026
✅ Commit 3 on Fri May 22 19:19:34 UTC 2026
✅ Commit 4 on Fri May 22 19:19:34 UTC 2026
✅ Commit 5 on Fri May 22 19:19:34 UTC 2026
✅ Commit 6 on Fri May 22 19:19:34 UTC 2026
✅ Commit 7 on Fri May 22 19:19:34 UTC 2026
✅ Commit 8 on Fri May 22 19:19:34 UTC 2026
✅ Commit 9 on Fri May 22 19:19:34 UTC 2026
✅ Commit 10 on Fri May 22 19:19:34 UTC 2026
✅ Commit 11 on Fri May 22 19:19:34 UTC 2026
✅ Commit 12 on Fri May 22 19:19:34 UTC 2026
✅ Commit 1 on Sat May 23 03:58:32 UTC 2026
✅ Commit 2 on Sat May 23 03:58:32 UTC 2026
✅ Commit 3 on Sat May 23 03:58:32 UTC 2026
✅ Commit 4 on Sat May 23 03:58:32 UTC 2026
✅ Commit 5 on Sat May 23 03:58:32 UTC 2026
✅ Commit 6 on Sat May 23 03:58:32 UTC 2026
✅ Commit 7 on Sat May 23 03:58:33 UTC 2026
✅ Commit 8 on Sat May 23 03:58:33 UTC 2026
✅ Commit 9 on Sat May 23 03:58:33 UTC 2026
✅ Commit 10 on Sat May 23 03:58:33 UTC 2026
✅ Commit 11 on Sat May 23 03:58:33 UTC 2026
✅ Commit 12 on Sat May 23 03:58:33 UTC 2026
✅ Commit 1 on Sat May 23 13:51:08 UTC 2026
✅ Commit 2 on Sat May 23 13:51:08 UTC 2026
✅ Commit 3 on Sat May 23 13:51:08 UTC 2026
✅ Commit 4 on Sat May 23 13:51:08 UTC 2026
✅ Commit 5 on Sat May 23 13:51:08 UTC 2026
✅ Commit 6 on Sat May 23 13:51:08 UTC 2026
✅ Commit 7 on Sat May 23 13:51:08 UTC 2026
✅ Commit 8 on Sat May 23 13:51:08 UTC 2026
✅ Commit 9 on Sat May 23 13:51:08 UTC 2026
✅ Commit 10 on Sat May 23 13:51:09 UTC 2026
✅ Commit 11 on Sat May 23 13:51:09 UTC 2026
✅ Commit 12 on Sat May 23 13:51:09 UTC 2026
✅ Commit 1 on Sat May 23 18:51:38 UTC 2026
✅ Commit 2 on Sat May 23 18:51:38 UTC 2026
✅ Commit 3 on Sat May 23 18:51:38 UTC 2026
✅ Commit 4 on Sat May 23 18:51:38 UTC 2026
✅ Commit 5 on Sat May 23 18:51:38 UTC 2026
✅ Commit 6 on Sat May 23 18:51:38 UTC 2026
✅ Commit 7 on Sat May 23 18:51:38 UTC 2026
✅ Commit 8 on Sat May 23 18:51:38 UTC 2026
✅ Commit 9 on Sat May 23 18:51:38 UTC 2026
✅ Commit 10 on Sat May 23 18:51:38 UTC 2026
✅ Commit 11 on Sat May 23 18:51:38 UTC 2026
✅ Commit 12 on Sat May 23 18:51:38 UTC 2026
✅ Commit 1 on Sun May 24 04:19:00 UTC 2026
✅ Commit 2 on Sun May 24 04:19:00 UTC 2026
✅ Commit 3 on Sun May 24 04:19:00 UTC 2026
✅ Commit 4 on Sun May 24 04:19:00 UTC 2026
✅ Commit 5 on Sun May 24 04:19:00 UTC 2026
✅ Commit 6 on Sun May 24 04:19:00 UTC 2026
✅ Commit 7 on Sun May 24 04:19:00 UTC 2026
✅ Commit 8 on Sun May 24 04:19:00 UTC 2026
✅ Commit 9 on Sun May 24 04:19:00 UTC 2026
✅ Commit 10 on Sun May 24 04:19:00 UTC 2026
✅ Commit 11 on Sun May 24 04:19:00 UTC 2026
✅ Commit 12 on Sun May 24 04:19:00 UTC 2026
✅ Commit 1 on Sun May 24 08:31:10 UTC 2026
✅ Commit 2 on Sun May 24 08:31:10 UTC 2026
✅ Commit 3 on Sun May 24 08:31:10 UTC 2026
✅ Commit 4 on Sun May 24 08:31:10 UTC 2026
✅ Commit 5 on Sun May 24 08:31:10 UTC 2026
✅ Commit 6 on Sun May 24 08:31:10 UTC 2026
✅ Commit 7 on Sun May 24 08:31:10 UTC 2026
✅ Commit 8 on Sun May 24 08:31:10 UTC 2026
✅ Commit 9 on Sun May 24 08:31:10 UTC 2026
✅ Commit 10 on Sun May 24 08:31:10 UTC 2026
✅ Commit 11 on Sun May 24 08:31:10 UTC 2026
✅ Commit 12 on Sun May 24 08:31:10 UTC 2026
✅ Commit 1 on Sun May 24 13:48:56 UTC 2026
✅ Commit 2 on Sun May 24 13:48:56 UTC 2026
✅ Commit 3 on Sun May 24 13:48:56 UTC 2026
✅ Commit 4 on Sun May 24 13:48:56 UTC 2026
✅ Commit 5 on Sun May 24 13:48:56 UTC 2026
✅ Commit 6 on Sun May 24 13:48:56 UTC 2026
✅ Commit 7 on Sun May 24 13:48:56 UTC 2026
✅ Commit 8 on Sun May 24 13:48:56 UTC 2026
✅ Commit 9 on Sun May 24 13:48:56 UTC 2026
✅ Commit 10 on Sun May 24 13:48:56 UTC 2026
✅ Commit 11 on Sun May 24 13:48:56 UTC 2026
✅ Commit 12 on Sun May 24 13:48:56 UTC 2026
✅ Commit 1 on Sun May 24 18:56:48 UTC 2026
✅ Commit 2 on Sun May 24 18:56:48 UTC 2026
✅ Commit 3 on Sun May 24 18:56:48 UTC 2026
✅ Commit 4 on Sun May 24 18:56:48 UTC 2026
✅ Commit 5 on Sun May 24 18:56:48 UTC 2026
✅ Commit 6 on Sun May 24 18:56:48 UTC 2026
✅ Commit 7 on Sun May 24 18:56:48 UTC 2026
✅ Commit 8 on Sun May 24 18:56:48 UTC 2026
✅ Commit 9 on Sun May 24 18:56:48 UTC 2026
✅ Commit 10 on Sun May 24 18:56:48 UTC 2026
✅ Commit 11 on Sun May 24 18:56:48 UTC 2026
✅ Commit 12 on Sun May 24 18:56:48 UTC 2026
✅ Commit 1 on Mon May 25 04:41:11 UTC 2026
✅ Commit 2 on Mon May 25 04:41:11 UTC 2026
✅ Commit 3 on Mon May 25 04:41:11 UTC 2026
✅ Commit 4 on Mon May 25 04:41:11 UTC 2026
✅ Commit 5 on Mon May 25 04:41:11 UTC 2026
✅ Commit 6 on Mon May 25 04:41:11 UTC 2026
✅ Commit 7 on Mon May 25 04:41:11 UTC 2026
✅ Commit 8 on Mon May 25 04:41:11 UTC 2026
✅ Commit 9 on Mon May 25 04:41:11 UTC 2026
✅ Commit 10 on Mon May 25 04:41:11 UTC 2026
✅ Commit 11 on Mon May 25 04:41:11 UTC 2026
✅ Commit 12 on Mon May 25 04:41:11 UTC 2026
✅ Commit 1 on Mon May 25 10:10:07 UTC 2026
✅ Commit 2 on Mon May 25 10:10:07 UTC 2026
✅ Commit 3 on Mon May 25 10:10:07 UTC 2026
✅ Commit 4 on Mon May 25 10:10:07 UTC 2026
✅ Commit 5 on Mon May 25 10:10:07 UTC 2026
✅ Commit 6 on Mon May 25 10:10:08 UTC 2026
✅ Commit 7 on Mon May 25 10:10:08 UTC 2026
✅ Commit 8 on Mon May 25 10:10:08 UTC 2026
✅ Commit 9 on Mon May 25 10:10:08 UTC 2026
✅ Commit 10 on Mon May 25 10:10:08 UTC 2026
✅ Commit 11 on Mon May 25 10:10:08 UTC 2026
✅ Commit 12 on Mon May 25 10:10:08 UTC 2026
✅ Commit 1 on Mon May 25 15:20:55 UTC 2026
✅ Commit 2 on Mon May 25 15:20:55 UTC 2026
✅ Commit 3 on Mon May 25 15:20:55 UTC 2026
✅ Commit 4 on Mon May 25 15:20:55 UTC 2026
✅ Commit 5 on Mon May 25 15:20:55 UTC 2026
✅ Commit 6 on Mon May 25 15:20:55 UTC 2026
✅ Commit 7 on Mon May 25 15:20:55 UTC 2026
✅ Commit 8 on Mon May 25 15:20:55 UTC 2026
✅ Commit 9 on Mon May 25 15:20:55 UTC 2026
✅ Commit 10 on Mon May 25 15:20:55 UTC 2026
✅ Commit 11 on Mon May 25 15:20:55 UTC 2026
✅ Commit 12 on Mon May 25 15:20:55 UTC 2026
✅ Commit 1 on Mon May 25 19:12:21 UTC 2026
✅ Commit 2 on Mon May 25 19:12:21 UTC 2026
✅ Commit 3 on Mon May 25 19:12:21 UTC 2026
✅ Commit 4 on Mon May 25 19:12:21 UTC 2026
✅ Commit 5 on Mon May 25 19:12:21 UTC 2026
✅ Commit 6 on Mon May 25 19:12:21 UTC 2026
✅ Commit 7 on Mon May 25 19:12:21 UTC 2026
✅ Commit 8 on Mon May 25 19:12:21 UTC 2026
✅ Commit 9 on Mon May 25 19:12:21 UTC 2026
✅ Commit 10 on Mon May 25 19:12:21 UTC 2026
✅ Commit 11 on Mon May 25 19:12:21 UTC 2026
✅ Commit 12 on Mon May 25 19:12:21 UTC 2026
✅ Commit 1 on Tue May 26 04:16:31 UTC 2026
✅ Commit 2 on Tue May 26 04:16:31 UTC 2026
✅ Commit 3 on Tue May 26 04:16:31 UTC 2026
✅ Commit 4 on Tue May 26 04:16:31 UTC 2026
✅ Commit 5 on Tue May 26 04:16:31 UTC 2026
✅ Commit 6 on Tue May 26 04:16:31 UTC 2026
✅ Commit 7 on Tue May 26 04:16:31 UTC 2026
✅ Commit 8 on Tue May 26 04:16:31 UTC 2026
✅ Commit 9 on Tue May 26 04:16:31 UTC 2026
✅ Commit 10 on Tue May 26 04:16:31 UTC 2026
✅ Commit 11 on Tue May 26 04:16:31 UTC 2026
✅ Commit 12 on Tue May 26 04:16:31 UTC 2026
✅ Commit 1 on Tue May 26 09:58:54 UTC 2026
✅ Commit 2 on Tue May 26 09:58:54 UTC 2026
✅ Commit 3 on Tue May 26 09:58:54 UTC 2026
✅ Commit 4 on Tue May 26 09:58:54 UTC 2026
✅ Commit 5 on Tue May 26 09:58:54 UTC 2026
✅ Commit 6 on Tue May 26 09:58:54 UTC 2026
✅ Commit 7 on Tue May 26 09:58:54 UTC 2026
✅ Commit 8 on Tue May 26 09:58:54 UTC 2026
✅ Commit 9 on Tue May 26 09:58:54 UTC 2026
✅ Commit 10 on Tue May 26 09:58:54 UTC 2026
✅ Commit 11 on Tue May 26 09:58:54 UTC 2026
✅ Commit 12 on Tue May 26 09:58:54 UTC 2026
✅ Commit 1 on Tue May 26 15:55:54 UTC 2026
✅ Commit 2 on Tue May 26 15:55:54 UTC 2026
✅ Commit 3 on Tue May 26 15:55:54 UTC 2026
✅ Commit 4 on Tue May 26 15:55:54 UTC 2026
✅ Commit 5 on Tue May 26 15:55:54 UTC 2026
✅ Commit 6 on Tue May 26 15:55:54 UTC 2026
✅ Commit 7 on Tue May 26 15:55:54 UTC 2026
✅ Commit 8 on Tue May 26 15:55:55 UTC 2026
✅ Commit 9 on Tue May 26 15:55:55 UTC 2026
✅ Commit 10 on Tue May 26 15:55:55 UTC 2026
✅ Commit 11 on Tue May 26 15:55:55 UTC 2026
✅ Commit 12 on Tue May 26 15:55:55 UTC 2026
✅ Commit 1 on Tue May 26 19:51:13 UTC 2026
✅ Commit 2 on Tue May 26 19:51:13 UTC 2026
✅ Commit 3 on Tue May 26 19:51:13 UTC 2026
✅ Commit 4 on Tue May 26 19:51:13 UTC 2026
✅ Commit 5 on Tue May 26 19:51:13 UTC 2026
✅ Commit 6 on Tue May 26 19:51:13 UTC 2026
✅ Commit 7 on Tue May 26 19:51:13 UTC 2026
✅ Commit 8 on Tue May 26 19:51:13 UTC 2026
✅ Commit 9 on Tue May 26 19:51:13 UTC 2026
✅ Commit 10 on Tue May 26 19:51:13 UTC 2026
✅ Commit 11 on Tue May 26 19:51:13 UTC 2026
✅ Commit 12 on Tue May 26 19:51:13 UTC 2026
✅ Commit 1 on Wed May 27 04:39:17 UTC 2026
✅ Commit 2 on Wed May 27 04:39:17 UTC 2026
✅ Commit 3 on Wed May 27 04:39:17 UTC 2026
✅ Commit 4 on Wed May 27 04:39:17 UTC 2026
✅ Commit 5 on Wed May 27 04:39:17 UTC 2026
✅ Commit 6 on Wed May 27 04:39:18 UTC 2026
✅ Commit 7 on Wed May 27 04:39:18 UTC 2026
✅ Commit 8 on Wed May 27 04:39:18 UTC 2026
✅ Commit 9 on Wed May 27 04:39:18 UTC 2026
✅ Commit 10 on Wed May 27 04:39:18 UTC 2026
✅ Commit 11 on Wed May 27 04:39:18 UTC 2026
✅ Commit 12 on Wed May 27 04:39:18 UTC 2026
✅ Commit 1 on Wed May 27 09:54:39 UTC 2026
✅ Commit 2 on Wed May 27 09:54:39 UTC 2026
✅ Commit 3 on Wed May 27 09:54:39 UTC 2026
✅ Commit 4 on Wed May 27 09:54:39 UTC 2026
✅ Commit 5 on Wed May 27 09:54:39 UTC 2026
✅ Commit 6 on Wed May 27 09:54:39 UTC 2026
✅ Commit 7 on Wed May 27 09:54:39 UTC 2026
✅ Commit 8 on Wed May 27 09:54:39 UTC 2026
✅ Commit 9 on Wed May 27 09:54:39 UTC 2026
✅ Commit 10 on Wed May 27 09:54:39 UTC 2026
✅ Commit 11 on Wed May 27 09:54:39 UTC 2026
✅ Commit 12 on Wed May 27 09:54:39 UTC 2026
✅ Commit 1 on Wed May 27 16:00:13 UTC 2026
✅ Commit 2 on Wed May 27 16:00:13 UTC 2026
✅ Commit 3 on Wed May 27 16:00:13 UTC 2026
✅ Commit 4 on Wed May 27 16:00:13 UTC 2026
✅ Commit 5 on Wed May 27 16:00:13 UTC 2026
✅ Commit 6 on Wed May 27 16:00:13 UTC 2026
✅ Commit 7 on Wed May 27 16:00:13 UTC 2026
✅ Commit 8 on Wed May 27 16:00:13 UTC 2026
✅ Commit 9 on Wed May 27 16:00:13 UTC 2026
✅ Commit 10 on Wed May 27 16:00:13 UTC 2026
✅ Commit 11 on Wed May 27 16:00:13 UTC 2026
✅ Commit 12 on Wed May 27 16:00:13 UTC 2026
✅ Commit 1 on Wed May 27 19:55:26 UTC 2026
✅ Commit 2 on Wed May 27 19:55:26 UTC 2026
✅ Commit 3 on Wed May 27 19:55:26 UTC 2026
✅ Commit 4 on Wed May 27 19:55:26 UTC 2026
✅ Commit 5 on Wed May 27 19:55:26 UTC 2026
✅ Commit 6 on Wed May 27 19:55:26 UTC 2026
✅ Commit 7 on Wed May 27 19:55:26 UTC 2026
✅ Commit 8 on Wed May 27 19:55:26 UTC 2026
✅ Commit 9 on Wed May 27 19:55:26 UTC 2026
✅ Commit 10 on Wed May 27 19:55:26 UTC 2026
✅ Commit 11 on Wed May 27 19:55:26 UTC 2026
✅ Commit 12 on Wed May 27 19:55:26 UTC 2026
✅ Commit 1 on Thu May 28 04:19:13 UTC 2026
✅ Commit 2 on Thu May 28 04:19:13 UTC 2026
✅ Commit 3 on Thu May 28 04:19:13 UTC 2026
✅ Commit 4 on Thu May 28 04:19:13 UTC 2026
✅ Commit 5 on Thu May 28 04:19:13 UTC 2026
✅ Commit 6 on Thu May 28 04:19:14 UTC 2026
✅ Commit 7 on Thu May 28 04:19:14 UTC 2026
✅ Commit 8 on Thu May 28 04:19:14 UTC 2026
✅ Commit 9 on Thu May 28 04:19:14 UTC 2026
✅ Commit 10 on Thu May 28 04:19:14 UTC 2026
✅ Commit 11 on Thu May 28 04:19:14 UTC 2026
✅ Commit 12 on Thu May 28 04:19:14 UTC 2026
✅ Commit 1 on Thu May 28 10:04:40 UTC 2026
✅ Commit 2 on Thu May 28 10:04:40 UTC 2026
✅ Commit 3 on Thu May 28 10:04:40 UTC 2026
✅ Commit 4 on Thu May 28 10:04:40 UTC 2026
✅ Commit 5 on Thu May 28 10:04:40 UTC 2026
✅ Commit 6 on Thu May 28 10:04:40 UTC 2026
✅ Commit 7 on Thu May 28 10:04:40 UTC 2026
✅ Commit 8 on Thu May 28 10:04:40 UTC 2026
✅ Commit 9 on Thu May 28 10:04:40 UTC 2026
✅ Commit 10 on Thu May 28 10:04:40 UTC 2026
✅ Commit 11 on Thu May 28 10:04:41 UTC 2026
✅ Commit 12 on Thu May 28 10:04:41 UTC 2026
✅ Commit 1 on Thu May 28 16:14:56 UTC 2026
✅ Commit 2 on Thu May 28 16:14:56 UTC 2026
✅ Commit 3 on Thu May 28 16:14:56 UTC 2026
✅ Commit 4 on Thu May 28 16:14:56 UTC 2026
✅ Commit 5 on Thu May 28 16:14:56 UTC 2026
✅ Commit 6 on Thu May 28 16:14:56 UTC 2026
✅ Commit 7 on Thu May 28 16:14:56 UTC 2026
✅ Commit 8 on Thu May 28 16:14:56 UTC 2026
✅ Commit 9 on Thu May 28 16:14:56 UTC 2026
✅ Commit 10 on Thu May 28 16:14:56 UTC 2026
✅ Commit 11 on Thu May 28 16:14:56 UTC 2026
✅ Commit 12 on Thu May 28 16:14:56 UTC 2026
✅ Commit 1 on Thu May 28 20:01:01 UTC 2026
✅ Commit 2 on Thu May 28 20:01:01 UTC 2026
✅ Commit 3 on Thu May 28 20:01:01 UTC 2026
✅ Commit 4 on Thu May 28 20:01:01 UTC 2026
✅ Commit 5 on Thu May 28 20:01:01 UTC 2026
✅ Commit 6 on Thu May 28 20:01:01 UTC 2026
✅ Commit 7 on Thu May 28 20:01:01 UTC 2026
✅ Commit 8 on Thu May 28 20:01:01 UTC 2026
✅ Commit 9 on Thu May 28 20:01:01 UTC 2026
✅ Commit 10 on Thu May 28 20:01:01 UTC 2026
✅ Commit 11 on Thu May 28 20:01:02 UTC 2026
✅ Commit 12 on Thu May 28 20:01:02 UTC 2026
✅ Commit 1 on Fri May 29 04:21:51 UTC 2026
✅ Commit 2 on Fri May 29 04:21:51 UTC 2026
✅ Commit 3 on Fri May 29 04:21:51 UTC 2026
✅ Commit 4 on Fri May 29 04:21:51 UTC 2026
✅ Commit 5 on Fri May 29 04:21:51 UTC 2026
✅ Commit 6 on Fri May 29 04:21:51 UTC 2026
✅ Commit 7 on Fri May 29 04:21:51 UTC 2026
✅ Commit 8 on Fri May 29 04:21:51 UTC 2026
✅ Commit 9 on Fri May 29 04:21:51 UTC 2026
✅ Commit 10 on Fri May 29 04:21:51 UTC 2026
✅ Commit 11 on Fri May 29 04:21:51 UTC 2026
✅ Commit 12 on Fri May 29 04:21:51 UTC 2026
✅ Commit 1 on Fri May 29 09:56:20 UTC 2026
✅ Commit 2 on Fri May 29 09:56:20 UTC 2026
✅ Commit 3 on Fri May 29 09:56:20 UTC 2026
✅ Commit 4 on Fri May 29 09:56:20 UTC 2026
✅ Commit 5 on Fri May 29 09:56:20 UTC 2026
✅ Commit 6 on Fri May 29 09:56:20 UTC 2026
✅ Commit 7 on Fri May 29 09:56:20 UTC 2026
✅ Commit 8 on Fri May 29 09:56:20 UTC 2026
✅ Commit 9 on Fri May 29 09:56:20 UTC 2026
✅ Commit 10 on Fri May 29 09:56:20 UTC 2026
✅ Commit 11 on Fri May 29 09:56:20 UTC 2026
✅ Commit 12 on Fri May 29 09:56:20 UTC 2026
✅ Commit 1 on Fri May 29 15:57:16 UTC 2026
✅ Commit 2 on Fri May 29 15:57:16 UTC 2026
✅ Commit 3 on Fri May 29 15:57:16 UTC 2026
✅ Commit 4 on Fri May 29 15:57:16 UTC 2026
✅ Commit 5 on Fri May 29 15:57:16 UTC 2026
✅ Commit 6 on Fri May 29 15:57:16 UTC 2026
✅ Commit 7 on Fri May 29 15:57:16 UTC 2026
✅ Commit 8 on Fri May 29 15:57:16 UTC 2026
✅ Commit 9 on Fri May 29 15:57:16 UTC 2026
✅ Commit 10 on Fri May 29 15:57:16 UTC 2026
✅ Commit 11 on Fri May 29 15:57:16 UTC 2026
✅ Commit 12 on Fri May 29 15:57:16 UTC 2026
✅ Commit 1 on Fri May 29 20:04:09 UTC 2026
✅ Commit 2 on Fri May 29 20:04:10 UTC 2026
✅ Commit 3 on Fri May 29 20:04:10 UTC 2026
✅ Commit 4 on Fri May 29 20:04:10 UTC 2026
✅ Commit 5 on Fri May 29 20:04:10 UTC 2026
✅ Commit 6 on Fri May 29 20:04:10 UTC 2026
✅ Commit 7 on Fri May 29 20:04:10 UTC 2026
✅ Commit 8 on Fri May 29 20:04:10 UTC 2026
✅ Commit 9 on Fri May 29 20:04:10 UTC 2026
✅ Commit 10 on Fri May 29 20:04:10 UTC 2026
✅ Commit 11 on Fri May 29 20:04:10 UTC 2026
✅ Commit 12 on Fri May 29 20:04:10 UTC 2026
✅ Commit 1 on Sat May 30 04:07:09 UTC 2026
✅ Commit 2 on Sat May 30 04:07:09 UTC 2026
✅ Commit 3 on Sat May 30 04:07:09 UTC 2026
✅ Commit 4 on Sat May 30 04:07:09 UTC 2026
✅ Commit 5 on Sat May 30 04:07:09 UTC 2026
✅ Commit 6 on Sat May 30 04:07:09 UTC 2026
✅ Commit 7 on Sat May 30 04:07:09 UTC 2026
✅ Commit 8 on Sat May 30 04:07:09 UTC 2026
✅ Commit 9 on Sat May 30 04:07:09 UTC 2026
✅ Commit 10 on Sat May 30 04:07:09 UTC 2026
✅ Commit 11 on Sat May 30 04:07:09 UTC 2026
✅ Commit 12 on Sat May 30 04:07:09 UTC 2026
✅ Commit 1 on Sat May 30 08:29:22 UTC 2026
✅ Commit 2 on Sat May 30 08:29:22 UTC 2026
✅ Commit 3 on Sat May 30 08:29:22 UTC 2026
✅ Commit 4 on Sat May 30 08:29:22 UTC 2026
✅ Commit 5 on Sat May 30 08:29:22 UTC 2026
✅ Commit 6 on Sat May 30 08:29:22 UTC 2026
✅ Commit 7 on Sat May 30 08:29:22 UTC 2026
✅ Commit 8 on Sat May 30 08:29:22 UTC 2026
✅ Commit 9 on Sat May 30 08:29:22 UTC 2026
✅ Commit 10 on Sat May 30 08:29:22 UTC 2026
✅ Commit 11 on Sat May 30 08:29:22 UTC 2026
✅ Commit 12 on Sat May 30 08:29:22 UTC 2026
✅ Commit 1 on Sat May 30 13:54:16 UTC 2026
✅ Commit 2 on Sat May 30 13:54:16 UTC 2026
✅ Commit 3 on Sat May 30 13:54:16 UTC 2026
✅ Commit 4 on Sat May 30 13:54:16 UTC 2026
✅ Commit 5 on Sat May 30 13:54:16 UTC 2026
✅ Commit 6 on Sat May 30 13:54:16 UTC 2026
✅ Commit 7 on Sat May 30 13:54:16 UTC 2026
✅ Commit 8 on Sat May 30 13:54:16 UTC 2026
✅ Commit 9 on Sat May 30 13:54:16 UTC 2026
✅ Commit 10 on Sat May 30 13:54:16 UTC 2026
✅ Commit 11 on Sat May 30 13:54:16 UTC 2026
✅ Commit 12 on Sat May 30 13:54:16 UTC 2026
✅ Commit 1 on Mon Jun  1 05:03:38 UTC 2026
✅ Commit 2 on Mon Jun  1 05:03:38 UTC 2026
✅ Commit 3 on Mon Jun  1 05:03:38 UTC 2026
✅ Commit 4 on Mon Jun  1 05:03:38 UTC 2026
✅ Commit 5 on Mon Jun  1 05:03:38 UTC 2026
✅ Commit 6 on Mon Jun  1 05:03:38 UTC 2026
✅ Commit 7 on Mon Jun  1 05:03:38 UTC 2026
✅ Commit 8 on Mon Jun  1 05:03:38 UTC 2026
✅ Commit 9 on Mon Jun  1 05:03:38 UTC 2026
✅ Commit 10 on Mon Jun  1 05:03:38 UTC 2026
✅ Commit 11 on Mon Jun  1 05:03:38 UTC 2026
✅ Commit 12 on Mon Jun  1 05:03:38 UTC 2026
✅ Commit 1 on Mon Jun  1 11:38:11 UTC 2026
✅ Commit 2 on Mon Jun  1 11:38:11 UTC 2026
✅ Commit 3 on Mon Jun  1 11:38:11 UTC 2026
✅ Commit 4 on Mon Jun  1 11:38:11 UTC 2026
✅ Commit 5 on Mon Jun  1 11:38:11 UTC 2026
✅ Commit 6 on Mon Jun  1 11:38:11 UTC 2026
✅ Commit 7 on Mon Jun  1 11:38:11 UTC 2026
✅ Commit 8 on Mon Jun  1 11:38:11 UTC 2026
✅ Commit 9 on Mon Jun  1 11:38:11 UTC 2026
✅ Commit 10 on Mon Jun  1 11:38:11 UTC 2026
✅ Commit 11 on Mon Jun  1 11:38:11 UTC 2026
✅ Commit 12 on Mon Jun  1 11:38:11 UTC 2026
✅ Commit 1 on Mon Jun  1 17:54:18 UTC 2026
✅ Commit 2 on Mon Jun  1 17:54:18 UTC 2026
✅ Commit 3 on Mon Jun  1 17:54:18 UTC 2026
✅ Commit 4 on Mon Jun  1 17:54:18 UTC 2026
✅ Commit 5 on Mon Jun  1 17:54:18 UTC 2026
✅ Commit 6 on Mon Jun  1 17:54:18 UTC 2026
✅ Commit 7 on Mon Jun  1 17:54:18 UTC 2026
✅ Commit 8 on Mon Jun  1 17:54:18 UTC 2026
✅ Commit 9 on Mon Jun  1 17:54:18 UTC 2026
✅ Commit 10 on Mon Jun  1 17:54:18 UTC 2026
✅ Commit 11 on Mon Jun  1 17:54:18 UTC 2026
✅ Commit 12 on Mon Jun  1 17:54:18 UTC 2026
✅ Commit 1 on Mon Jun  1 21:18:33 UTC 2026
✅ Commit 2 on Mon Jun  1 21:18:33 UTC 2026
✅ Commit 3 on Mon Jun  1 21:18:33 UTC 2026
✅ Commit 4 on Mon Jun  1 21:18:33 UTC 2026
✅ Commit 5 on Mon Jun  1 21:18:33 UTC 2026
✅ Commit 6 on Mon Jun  1 21:18:33 UTC 2026
✅ Commit 7 on Mon Jun  1 21:18:33 UTC 2026
✅ Commit 8 on Mon Jun  1 21:18:33 UTC 2026
✅ Commit 9 on Mon Jun  1 21:18:33 UTC 2026
✅ Commit 10 on Mon Jun  1 21:18:33 UTC 2026
✅ Commit 11 on Mon Jun  1 21:18:33 UTC 2026
✅ Commit 12 on Mon Jun  1 21:18:33 UTC 2026
✅ Commit 1 on Tue Jun  2 04:49:42 UTC 2026
✅ Commit 2 on Tue Jun  2 04:49:42 UTC 2026
✅ Commit 3 on Tue Jun  2 04:49:42 UTC 2026
✅ Commit 4 on Tue Jun  2 04:49:42 UTC 2026
✅ Commit 5 on Tue Jun  2 04:49:42 UTC 2026
✅ Commit 6 on Tue Jun  2 04:49:42 UTC 2026
✅ Commit 7 on Tue Jun  2 04:49:42 UTC 2026
✅ Commit 8 on Tue Jun  2 04:49:42 UTC 2026
✅ Commit 9 on Tue Jun  2 04:49:42 UTC 2026
✅ Commit 10 on Tue Jun  2 04:49:42 UTC 2026
✅ Commit 11 on Tue Jun  2 04:49:42 UTC 2026
✅ Commit 12 on Tue Jun  2 04:49:42 UTC 2026
✅ Commit 1 on Tue Jun  2 10:26:41 UTC 2026
✅ Commit 2 on Tue Jun  2 10:26:41 UTC 2026
✅ Commit 3 on Tue Jun  2 10:26:41 UTC 2026
✅ Commit 4 on Tue Jun  2 10:26:41 UTC 2026
✅ Commit 5 on Tue Jun  2 10:26:41 UTC 2026
✅ Commit 6 on Tue Jun  2 10:26:41 UTC 2026
✅ Commit 7 on Tue Jun  2 10:26:41 UTC 2026
✅ Commit 8 on Tue Jun  2 10:26:41 UTC 2026
✅ Commit 9 on Tue Jun  2 10:26:41 UTC 2026
✅ Commit 10 on Tue Jun  2 10:26:41 UTC 2026
✅ Commit 11 on Tue Jun  2 10:26:41 UTC 2026
✅ Commit 12 on Tue Jun  2 10:26:41 UTC 2026
✅ Commit 1 on Tue Jun  2 16:45:45 UTC 2026
✅ Commit 2 on Tue Jun  2 16:45:45 UTC 2026
✅ Commit 3 on Tue Jun  2 16:45:46 UTC 2026
✅ Commit 4 on Tue Jun  2 16:45:46 UTC 2026
✅ Commit 5 on Tue Jun  2 16:45:46 UTC 2026
✅ Commit 6 on Tue Jun  2 16:45:46 UTC 2026
✅ Commit 7 on Tue Jun  2 16:45:46 UTC 2026
✅ Commit 8 on Tue Jun  2 16:45:46 UTC 2026
✅ Commit 9 on Tue Jun  2 16:45:46 UTC 2026
✅ Commit 10 on Tue Jun  2 16:45:46 UTC 2026
✅ Commit 11 on Tue Jun  2 16:45:46 UTC 2026
✅ Commit 12 on Tue Jun  2 16:45:46 UTC 2026
✅ Commit 1 on Tue Jun  2 20:31:55 UTC 2026
✅ Commit 2 on Tue Jun  2 20:31:55 UTC 2026
✅ Commit 3 on Tue Jun  2 20:31:55 UTC 2026
✅ Commit 4 on Tue Jun  2 20:31:55 UTC 2026
✅ Commit 5 on Tue Jun  2 20:31:55 UTC 2026
✅ Commit 6 on Tue Jun  2 20:31:55 UTC 2026
✅ Commit 7 on Tue Jun  2 20:31:55 UTC 2026
✅ Commit 8 on Tue Jun  2 20:31:55 UTC 2026
✅ Commit 9 on Tue Jun  2 20:31:55 UTC 2026
✅ Commit 10 on Tue Jun  2 20:31:55 UTC 2026
✅ Commit 11 on Tue Jun  2 20:31:55 UTC 2026
✅ Commit 12 on Tue Jun  2 20:31:55 UTC 2026
✅ Commit 1 on Wed Jun  3 05:00:44 UTC 2026
✅ Commit 2 on Wed Jun  3 05:00:44 UTC 2026
✅ Commit 3 on Wed Jun  3 05:00:44 UTC 2026
✅ Commit 4 on Wed Jun  3 05:00:44 UTC 2026
✅ Commit 5 on Wed Jun  3 05:00:44 UTC 2026
✅ Commit 6 on Wed Jun  3 05:00:44 UTC 2026
✅ Commit 7 on Wed Jun  3 05:00:44 UTC 2026
✅ Commit 8 on Wed Jun  3 05:00:44 UTC 2026
✅ Commit 9 on Wed Jun  3 05:00:44 UTC 2026
✅ Commit 10 on Wed Jun  3 05:00:44 UTC 2026
✅ Commit 11 on Wed Jun  3 05:00:44 UTC 2026
✅ Commit 12 on Wed Jun  3 05:00:44 UTC 2026
✅ Commit 1 on Wed Jun  3 11:02:26 UTC 2026
✅ Commit 2 on Wed Jun  3 11:02:26 UTC 2026
✅ Commit 3 on Wed Jun  3 11:02:26 UTC 2026
✅ Commit 4 on Wed Jun  3 11:02:26 UTC 2026
✅ Commit 5 on Wed Jun  3 11:02:26 UTC 2026
✅ Commit 6 on Wed Jun  3 11:02:26 UTC 2026
✅ Commit 7 on Wed Jun  3 11:02:26 UTC 2026
✅ Commit 8 on Wed Jun  3 11:02:26 UTC 2026
✅ Commit 9 on Wed Jun  3 11:02:26 UTC 2026
✅ Commit 10 on Wed Jun  3 11:02:26 UTC 2026
✅ Commit 11 on Wed Jun  3 11:02:26 UTC 2026
✅ Commit 12 on Wed Jun  3 11:02:26 UTC 2026
✅ Commit 1 on Wed Jun  3 17:01:50 UTC 2026
✅ Commit 2 on Wed Jun  3 17:01:50 UTC 2026
✅ Commit 3 on Wed Jun  3 17:01:50 UTC 2026
✅ Commit 4 on Wed Jun  3 17:01:50 UTC 2026
✅ Commit 5 on Wed Jun  3 17:01:50 UTC 2026
✅ Commit 6 on Wed Jun  3 17:01:50 UTC 2026
✅ Commit 7 on Wed Jun  3 17:01:50 UTC 2026
✅ Commit 8 on Wed Jun  3 17:01:50 UTC 2026
✅ Commit 9 on Wed Jun  3 17:01:50 UTC 2026
✅ Commit 10 on Wed Jun  3 17:01:50 UTC 2026
✅ Commit 11 on Wed Jun  3 17:01:50 UTC 2026
✅ Commit 12 on Wed Jun  3 17:01:50 UTC 2026
✅ Commit 1 on Wed Jun  3 20:43:48 UTC 2026
✅ Commit 2 on Wed Jun  3 20:43:48 UTC 2026
✅ Commit 3 on Wed Jun  3 20:43:48 UTC 2026
✅ Commit 4 on Wed Jun  3 20:43:48 UTC 2026
✅ Commit 5 on Wed Jun  3 20:43:48 UTC 2026
✅ Commit 6 on Wed Jun  3 20:43:48 UTC 2026
✅ Commit 7 on Wed Jun  3 20:43:48 UTC 2026
✅ Commit 8 on Wed Jun  3 20:43:48 UTC 2026
✅ Commit 9 on Wed Jun  3 20:43:48 UTC 2026
✅ Commit 10 on Wed Jun  3 20:43:48 UTC 2026
✅ Commit 11 on Wed Jun  3 20:43:48 UTC 2026
✅ Commit 12 on Wed Jun  3 20:43:48 UTC 2026
✅ Commit 1 on Thu Jun  4 04:53:15 UTC 2026
✅ Commit 2 on Thu Jun  4 04:53:15 UTC 2026
✅ Commit 3 on Thu Jun  4 04:53:15 UTC 2026
✅ Commit 4 on Thu Jun  4 04:53:15 UTC 2026
✅ Commit 5 on Thu Jun  4 04:53:15 UTC 2026
✅ Commit 6 on Thu Jun  4 04:53:15 UTC 2026
✅ Commit 7 on Thu Jun  4 04:53:15 UTC 2026
✅ Commit 8 on Thu Jun  4 04:53:15 UTC 2026
✅ Commit 9 on Thu Jun  4 04:53:15 UTC 2026
✅ Commit 10 on Thu Jun  4 04:53:15 UTC 2026
✅ Commit 11 on Thu Jun  4 04:53:15 UTC 2026
✅ Commit 12 on Thu Jun  4 04:53:15 UTC 2026
✅ Commit 1 on Thu Jun  4 09:57:50 UTC 2026
✅ Commit 2 on Thu Jun  4 09:57:50 UTC 2026
✅ Commit 3 on Thu Jun  4 09:57:50 UTC 2026
✅ Commit 4 on Thu Jun  4 09:57:50 UTC 2026
✅ Commit 5 on Thu Jun  4 09:57:50 UTC 2026
✅ Commit 6 on Thu Jun  4 09:57:50 UTC 2026
✅ Commit 7 on Thu Jun  4 09:57:50 UTC 2026
✅ Commit 8 on Thu Jun  4 09:57:50 UTC 2026
✅ Commit 9 on Thu Jun  4 09:57:50 UTC 2026
✅ Commit 10 on Thu Jun  4 09:57:50 UTC 2026
✅ Commit 11 on Thu Jun  4 09:57:50 UTC 2026
✅ Commit 12 on Thu Jun  4 09:57:50 UTC 2026
✅ Commit 1 on Thu Jun  4 15:30:22 UTC 2026
✅ Commit 2 on Thu Jun  4 15:30:22 UTC 2026
✅ Commit 3 on Thu Jun  4 15:30:22 UTC 2026
✅ Commit 4 on Thu Jun  4 15:30:22 UTC 2026
✅ Commit 5 on Thu Jun  4 15:30:22 UTC 2026
✅ Commit 6 on Thu Jun  4 15:30:22 UTC 2026
✅ Commit 7 on Thu Jun  4 15:30:22 UTC 2026
✅ Commit 8 on Thu Jun  4 15:30:22 UTC 2026
✅ Commit 9 on Thu Jun  4 15:30:22 UTC 2026
✅ Commit 10 on Thu Jun  4 15:30:22 UTC 2026
✅ Commit 11 on Thu Jun  4 15:30:22 UTC 2026
✅ Commit 12 on Thu Jun  4 15:30:22 UTC 2026
✅ Commit 1 on Thu Jun  4 19:51:25 UTC 2026
✅ Commit 2 on Thu Jun  4 19:51:25 UTC 2026
✅ Commit 3 on Thu Jun  4 19:51:25 UTC 2026
✅ Commit 4 on Thu Jun  4 19:51:25 UTC 2026
✅ Commit 5 on Thu Jun  4 19:51:25 UTC 2026
✅ Commit 6 on Thu Jun  4 19:51:25 UTC 2026
✅ Commit 7 on Thu Jun  4 19:51:25 UTC 2026
✅ Commit 8 on Thu Jun  4 19:51:25 UTC 2026
✅ Commit 9 on Thu Jun  4 19:51:25 UTC 2026
✅ Commit 10 on Thu Jun  4 19:51:25 UTC 2026
✅ Commit 11 on Thu Jun  4 19:51:25 UTC 2026
✅ Commit 12 on Thu Jun  4 19:51:25 UTC 2026
✅ Commit 1 on Fri Jun  5 04:37:27 UTC 2026
✅ Commit 2 on Fri Jun  5 04:37:27 UTC 2026
✅ Commit 3 on Fri Jun  5 04:37:27 UTC 2026
✅ Commit 4 on Fri Jun  5 04:37:27 UTC 2026
✅ Commit 5 on Fri Jun  5 04:37:27 UTC 2026
✅ Commit 6 on Fri Jun  5 04:37:27 UTC 2026
✅ Commit 7 on Fri Jun  5 04:37:27 UTC 2026
✅ Commit 8 on Fri Jun  5 04:37:27 UTC 2026
✅ Commit 9 on Fri Jun  5 04:37:27 UTC 2026
✅ Commit 10 on Fri Jun  5 04:37:27 UTC 2026
✅ Commit 11 on Fri Jun  5 04:37:27 UTC 2026
✅ Commit 12 on Fri Jun  5 04:37:27 UTC 2026
✅ Commit 1 on Fri Jun  5 09:53:42 UTC 2026
✅ Commit 2 on Fri Jun  5 09:53:42 UTC 2026
✅ Commit 3 on Fri Jun  5 09:53:42 UTC 2026
✅ Commit 4 on Fri Jun  5 09:53:43 UTC 2026
✅ Commit 5 on Fri Jun  5 09:53:43 UTC 2026
✅ Commit 6 on Fri Jun  5 09:53:43 UTC 2026
✅ Commit 7 on Fri Jun  5 09:53:43 UTC 2026
✅ Commit 8 on Fri Jun  5 09:53:43 UTC 2026
✅ Commit 9 on Fri Jun  5 09:53:43 UTC 2026
✅ Commit 10 on Fri Jun  5 09:53:43 UTC 2026
✅ Commit 11 on Fri Jun  5 09:53:43 UTC 2026
✅ Commit 12 on Fri Jun  5 09:53:43 UTC 2026
✅ Commit 1 on Fri Jun  5 15:18:24 UTC 2026
✅ Commit 2 on Fri Jun  5 15:18:24 UTC 2026
✅ Commit 3 on Fri Jun  5 15:18:24 UTC 2026
✅ Commit 4 on Fri Jun  5 15:18:24 UTC 2026
✅ Commit 5 on Fri Jun  5 15:18:24 UTC 2026
✅ Commit 6 on Fri Jun  5 15:18:24 UTC 2026
✅ Commit 7 on Fri Jun  5 15:18:24 UTC 2026
✅ Commit 8 on Fri Jun  5 15:18:24 UTC 2026
✅ Commit 9 on Fri Jun  5 15:18:24 UTC 2026
✅ Commit 10 on Fri Jun  5 15:18:24 UTC 2026
✅ Commit 11 on Fri Jun  5 15:18:24 UTC 2026
✅ Commit 12 on Fri Jun  5 15:18:24 UTC 2026
✅ Commit 1 on Fri Jun  5 19:27:17 UTC 2026
✅ Commit 2 on Fri Jun  5 19:27:17 UTC 2026
✅ Commit 3 on Fri Jun  5 19:27:17 UTC 2026
✅ Commit 4 on Fri Jun  5 19:27:17 UTC 2026
✅ Commit 5 on Fri Jun  5 19:27:17 UTC 2026
✅ Commit 6 on Fri Jun  5 19:27:17 UTC 2026
✅ Commit 7 on Fri Jun  5 19:27:17 UTC 2026
✅ Commit 8 on Fri Jun  5 19:27:17 UTC 2026
✅ Commit 9 on Fri Jun  5 19:27:17 UTC 2026
✅ Commit 10 on Fri Jun  5 19:27:17 UTC 2026
✅ Commit 11 on Fri Jun  5 19:27:17 UTC 2026
✅ Commit 12 on Fri Jun  5 19:27:17 UTC 2026
✅ Commit 1 on Sat Jun  6 04:10:51 UTC 2026
✅ Commit 2 on Sat Jun  6 04:10:51 UTC 2026
✅ Commit 3 on Sat Jun  6 04:10:51 UTC 2026
✅ Commit 4 on Sat Jun  6 04:10:51 UTC 2026
✅ Commit 5 on Sat Jun  6 04:10:51 UTC 2026
✅ Commit 6 on Sat Jun  6 04:10:51 UTC 2026
✅ Commit 7 on Sat Jun  6 04:10:51 UTC 2026
✅ Commit 8 on Sat Jun  6 04:10:51 UTC 2026
✅ Commit 9 on Sat Jun  6 04:10:51 UTC 2026
✅ Commit 10 on Sat Jun  6 04:10:51 UTC 2026
✅ Commit 11 on Sat Jun  6 04:10:52 UTC 2026
✅ Commit 12 on Sat Jun  6 04:10:52 UTC 2026
✅ Commit 1 on Sat Jun  6 08:35:09 UTC 2026
✅ Commit 2 on Sat Jun  6 08:35:09 UTC 2026
✅ Commit 3 on Sat Jun  6 08:35:09 UTC 2026
✅ Commit 4 on Sat Jun  6 08:35:09 UTC 2026
✅ Commit 5 on Sat Jun  6 08:35:09 UTC 2026
✅ Commit 6 on Sat Jun  6 08:35:09 UTC 2026
✅ Commit 7 on Sat Jun  6 08:35:09 UTC 2026
✅ Commit 8 on Sat Jun  6 08:35:09 UTC 2026
✅ Commit 9 on Sat Jun  6 08:35:09 UTC 2026
✅ Commit 10 on Sat Jun  6 08:35:09 UTC 2026
✅ Commit 11 on Sat Jun  6 08:35:09 UTC 2026
✅ Commit 12 on Sat Jun  6 08:35:09 UTC 2026
✅ Commit 1 on Sat Jun  6 13:57:51 UTC 2026
✅ Commit 2 on Sat Jun  6 13:57:51 UTC 2026
✅ Commit 3 on Sat Jun  6 13:57:51 UTC 2026
✅ Commit 4 on Sat Jun  6 13:57:51 UTC 2026
✅ Commit 5 on Sat Jun  6 13:57:51 UTC 2026
✅ Commit 6 on Sat Jun  6 13:57:51 UTC 2026
✅ Commit 7 on Sat Jun  6 13:57:51 UTC 2026
✅ Commit 8 on Sat Jun  6 13:57:51 UTC 2026
✅ Commit 9 on Sat Jun  6 13:57:52 UTC 2026
✅ Commit 10 on Sat Jun  6 13:57:52 UTC 2026
✅ Commit 11 on Sat Jun  6 13:57:52 UTC 2026
✅ Commit 12 on Sat Jun  6 13:57:52 UTC 2026
✅ Commit 1 on Sat Jun  6 19:01:14 UTC 2026
✅ Commit 2 on Sat Jun  6 19:01:14 UTC 2026
✅ Commit 3 on Sat Jun  6 19:01:14 UTC 2026
✅ Commit 4 on Sat Jun  6 19:01:14 UTC 2026
✅ Commit 5 on Sat Jun  6 19:01:14 UTC 2026
✅ Commit 6 on Sat Jun  6 19:01:14 UTC 2026
✅ Commit 7 on Sat Jun  6 19:01:14 UTC 2026
✅ Commit 8 on Sat Jun  6 19:01:14 UTC 2026
✅ Commit 9 on Sat Jun  6 19:01:14 UTC 2026
✅ Commit 10 on Sat Jun  6 19:01:14 UTC 2026
✅ Commit 11 on Sat Jun  6 19:01:15 UTC 2026
✅ Commit 12 on Sat Jun  6 19:01:15 UTC 2026
✅ Commit 1 on Sun Jun  7 04:46:40 UTC 2026
✅ Commit 2 on Sun Jun  7 04:46:40 UTC 2026
✅ Commit 3 on Sun Jun  7 04:46:40 UTC 2026
✅ Commit 4 on Sun Jun  7 04:46:40 UTC 2026
✅ Commit 5 on Sun Jun  7 04:46:40 UTC 2026
✅ Commit 6 on Sun Jun  7 04:46:40 UTC 2026
✅ Commit 7 on Sun Jun  7 04:46:40 UTC 2026
✅ Commit 8 on Sun Jun  7 04:46:40 UTC 2026
✅ Commit 9 on Sun Jun  7 04:46:40 UTC 2026
✅ Commit 10 on Sun Jun  7 04:46:40 UTC 2026
✅ Commit 11 on Sun Jun  7 04:46:40 UTC 2026
✅ Commit 12 on Sun Jun  7 04:46:40 UTC 2026
✅ Commit 1 on Sun Jun  7 09:14:51 UTC 2026
✅ Commit 2 on Sun Jun  7 09:14:52 UTC 2026
✅ Commit 3 on Sun Jun  7 09:14:52 UTC 2026
✅ Commit 4 on Sun Jun  7 09:14:52 UTC 2026
✅ Commit 5 on Sun Jun  7 09:14:52 UTC 2026
✅ Commit 6 on Sun Jun  7 09:14:52 UTC 2026
✅ Commit 7 on Sun Jun  7 09:14:52 UTC 2026
✅ Commit 8 on Sun Jun  7 09:14:52 UTC 2026
✅ Commit 9 on Sun Jun  7 09:14:52 UTC 2026
✅ Commit 10 on Sun Jun  7 09:14:52 UTC 2026
✅ Commit 11 on Sun Jun  7 09:14:52 UTC 2026
✅ Commit 12 on Sun Jun  7 09:14:52 UTC 2026
✅ Commit 1 on Sun Jun  7 14:07:57 UTC 2026
✅ Commit 2 on Sun Jun  7 14:07:57 UTC 2026
✅ Commit 3 on Sun Jun  7 14:07:57 UTC 2026
✅ Commit 4 on Sun Jun  7 14:07:57 UTC 2026
✅ Commit 5 on Sun Jun  7 14:07:57 UTC 2026
✅ Commit 6 on Sun Jun  7 14:07:57 UTC 2026
✅ Commit 7 on Sun Jun  7 14:07:57 UTC 2026
✅ Commit 8 on Sun Jun  7 14:07:57 UTC 2026
✅ Commit 9 on Sun Jun  7 14:07:57 UTC 2026
✅ Commit 10 on Sun Jun  7 14:07:57 UTC 2026
✅ Commit 11 on Sun Jun  7 14:07:57 UTC 2026
✅ Commit 12 on Sun Jun  7 14:07:57 UTC 2026
✅ Commit 1 on Sun Jun  7 19:02:14 UTC 2026
✅ Commit 2 on Sun Jun  7 19:02:14 UTC 2026
✅ Commit 3 on Sun Jun  7 19:02:14 UTC 2026
✅ Commit 4 on Sun Jun  7 19:02:14 UTC 2026
✅ Commit 5 on Sun Jun  7 19:02:14 UTC 2026
✅ Commit 6 on Sun Jun  7 19:02:14 UTC 2026
✅ Commit 7 on Sun Jun  7 19:02:14 UTC 2026
✅ Commit 8 on Sun Jun  7 19:02:14 UTC 2026
✅ Commit 9 on Sun Jun  7 19:02:14 UTC 2026
✅ Commit 10 on Sun Jun  7 19:02:14 UTC 2026
✅ Commit 11 on Sun Jun  7 19:02:14 UTC 2026
✅ Commit 12 on Sun Jun  7 19:02:14 UTC 2026
✅ Commit 1 on Mon Jun  8 04:51:36 UTC 2026
✅ Commit 2 on Mon Jun  8 04:51:36 UTC 2026
✅ Commit 3 on Mon Jun  8 04:51:36 UTC 2026
✅ Commit 4 on Mon Jun  8 04:51:36 UTC 2026
✅ Commit 5 on Mon Jun  8 04:51:36 UTC 2026
✅ Commit 6 on Mon Jun  8 04:51:36 UTC 2026
✅ Commit 7 on Mon Jun  8 04:51:36 UTC 2026
✅ Commit 8 on Mon Jun  8 04:51:36 UTC 2026
✅ Commit 9 on Mon Jun  8 04:51:36 UTC 2026
✅ Commit 10 on Mon Jun  8 04:51:36 UTC 2026
✅ Commit 11 on Mon Jun  8 04:51:36 UTC 2026
✅ Commit 12 on Mon Jun  8 04:51:36 UTC 2026
✅ Commit 1 on Mon Jun  8 10:59:20 UTC 2026
✅ Commit 2 on Mon Jun  8 10:59:20 UTC 2026
✅ Commit 3 on Mon Jun  8 10:59:20 UTC 2026
✅ Commit 4 on Mon Jun  8 10:59:20 UTC 2026
✅ Commit 5 on Mon Jun  8 10:59:20 UTC 2026
✅ Commit 6 on Mon Jun  8 10:59:20 UTC 2026
✅ Commit 7 on Mon Jun  8 10:59:20 UTC 2026
✅ Commit 8 on Mon Jun  8 10:59:20 UTC 2026
✅ Commit 9 on Mon Jun  8 10:59:20 UTC 2026
✅ Commit 10 on Mon Jun  8 10:59:20 UTC 2026
✅ Commit 11 on Mon Jun  8 10:59:20 UTC 2026
✅ Commit 12 on Mon Jun  8 10:59:20 UTC 2026
✅ Commit 1 on Mon Jun  8 16:07:07 UTC 2026
✅ Commit 2 on Mon Jun  8 16:07:07 UTC 2026
✅ Commit 3 on Mon Jun  8 16:07:07 UTC 2026
✅ Commit 4 on Mon Jun  8 16:07:07 UTC 2026
✅ Commit 5 on Mon Jun  8 16:07:07 UTC 2026
✅ Commit 6 on Mon Jun  8 16:07:07 UTC 2026
✅ Commit 7 on Mon Jun  8 16:07:07 UTC 2026
✅ Commit 8 on Mon Jun  8 16:07:07 UTC 2026
✅ Commit 9 on Mon Jun  8 16:07:07 UTC 2026
✅ Commit 10 on Mon Jun  8 16:07:07 UTC 2026
✅ Commit 11 on Mon Jun  8 16:07:07 UTC 2026
✅ Commit 12 on Mon Jun  8 16:07:07 UTC 2026
✅ Commit 1 on Mon Jun  8 19:57:21 UTC 2026
✅ Commit 2 on Mon Jun  8 19:57:21 UTC 2026
✅ Commit 3 on Mon Jun  8 19:57:21 UTC 2026
✅ Commit 4 on Mon Jun  8 19:57:21 UTC 2026
✅ Commit 5 on Mon Jun  8 19:57:21 UTC 2026
✅ Commit 6 on Mon Jun  8 19:57:21 UTC 2026
✅ Commit 7 on Mon Jun  8 19:57:21 UTC 2026
✅ Commit 8 on Mon Jun  8 19:57:21 UTC 2026
✅ Commit 9 on Mon Jun  8 19:57:21 UTC 2026
✅ Commit 10 on Mon Jun  8 19:57:22 UTC 2026
✅ Commit 11 on Mon Jun  8 19:57:22 UTC 2026
✅ Commit 12 on Mon Jun  8 19:57:22 UTC 2026
✅ Commit 1 on Tue Jun  9 04:14:22 UTC 2026
✅ Commit 2 on Tue Jun  9 04:14:22 UTC 2026
✅ Commit 3 on Tue Jun  9 04:14:22 UTC 2026
✅ Commit 4 on Tue Jun  9 04:14:22 UTC 2026
✅ Commit 5 on Tue Jun  9 04:14:23 UTC 2026
✅ Commit 6 on Tue Jun  9 04:14:23 UTC 2026
✅ Commit 7 on Tue Jun  9 04:14:23 UTC 2026
✅ Commit 8 on Tue Jun  9 04:14:23 UTC 2026
✅ Commit 9 on Tue Jun  9 04:14:23 UTC 2026
✅ Commit 10 on Tue Jun  9 04:14:23 UTC 2026
✅ Commit 11 on Tue Jun  9 04:14:23 UTC 2026
✅ Commit 12 on Tue Jun  9 04:14:23 UTC 2026
✅ Commit 1 on Tue Jun  9 09:48:44 UTC 2026
✅ Commit 2 on Tue Jun  9 09:48:44 UTC 2026
✅ Commit 3 on Tue Jun  9 09:48:44 UTC 2026
✅ Commit 4 on Tue Jun  9 09:48:44 UTC 2026
✅ Commit 5 on Tue Jun  9 09:48:44 UTC 2026
✅ Commit 6 on Tue Jun  9 09:48:44 UTC 2026
✅ Commit 7 on Tue Jun  9 09:48:44 UTC 2026
✅ Commit 8 on Tue Jun  9 09:48:44 UTC 2026
✅ Commit 9 on Tue Jun  9 09:48:44 UTC 2026
✅ Commit 10 on Tue Jun  9 09:48:44 UTC 2026
✅ Commit 11 on Tue Jun  9 09:48:44 UTC 2026
✅ Commit 12 on Tue Jun  9 09:48:44 UTC 2026
✅ Commit 1 on Tue Jun  9 15:18:36 UTC 2026
✅ Commit 2 on Tue Jun  9 15:18:36 UTC 2026
✅ Commit 3 on Tue Jun  9 15:18:36 UTC 2026
✅ Commit 4 on Tue Jun  9 15:18:36 UTC 2026
✅ Commit 5 on Tue Jun  9 15:18:36 UTC 2026
✅ Commit 6 on Tue Jun  9 15:18:36 UTC 2026
✅ Commit 7 on Tue Jun  9 15:18:36 UTC 2026
✅ Commit 8 on Tue Jun  9 15:18:36 UTC 2026
✅ Commit 9 on Tue Jun  9 15:18:36 UTC 2026
✅ Commit 10 on Tue Jun  9 15:18:36 UTC 2026
✅ Commit 11 on Tue Jun  9 15:18:36 UTC 2026
✅ Commit 12 on Tue Jun  9 15:18:36 UTC 2026
✅ Commit 1 on Tue Jun  9 19:52:46 UTC 2026
✅ Commit 2 on Tue Jun  9 19:52:46 UTC 2026
✅ Commit 3 on Tue Jun  9 19:52:46 UTC 2026
✅ Commit 4 on Tue Jun  9 19:52:46 UTC 2026
✅ Commit 5 on Tue Jun  9 19:52:46 UTC 2026
✅ Commit 6 on Tue Jun  9 19:52:46 UTC 2026
✅ Commit 7 on Tue Jun  9 19:52:46 UTC 2026
✅ Commit 8 on Tue Jun  9 19:52:46 UTC 2026
✅ Commit 9 on Tue Jun  9 19:52:46 UTC 2026
✅ Commit 10 on Tue Jun  9 19:52:46 UTC 2026
✅ Commit 11 on Tue Jun  9 19:52:46 UTC 2026
✅ Commit 12 on Tue Jun  9 19:52:46 UTC 2026
✅ Commit 1 on Wed Jun 10 04:25:33 UTC 2026
✅ Commit 2 on Wed Jun 10 04:25:33 UTC 2026
✅ Commit 3 on Wed Jun 10 04:25:33 UTC 2026
✅ Commit 4 on Wed Jun 10 04:25:33 UTC 2026
✅ Commit 5 on Wed Jun 10 04:25:33 UTC 2026
✅ Commit 6 on Wed Jun 10 04:25:33 UTC 2026
✅ Commit 7 on Wed Jun 10 04:25:33 UTC 2026
✅ Commit 8 on Wed Jun 10 04:25:33 UTC 2026
✅ Commit 9 on Wed Jun 10 04:25:33 UTC 2026
✅ Commit 10 on Wed Jun 10 04:25:33 UTC 2026
✅ Commit 11 on Wed Jun 10 04:25:33 UTC 2026
✅ Commit 12 on Wed Jun 10 04:25:33 UTC 2026
✅ Commit 1 on Wed Jun 10 10:03:53 UTC 2026
✅ Commit 2 on Wed Jun 10 10:03:53 UTC 2026
✅ Commit 3 on Wed Jun 10 10:03:53 UTC 2026
✅ Commit 4 on Wed Jun 10 10:03:53 UTC 2026
✅ Commit 5 on Wed Jun 10 10:03:53 UTC 2026
✅ Commit 6 on Wed Jun 10 10:03:53 UTC 2026
✅ Commit 7 on Wed Jun 10 10:03:53 UTC 2026
✅ Commit 8 on Wed Jun 10 10:03:53 UTC 2026
✅ Commit 9 on Wed Jun 10 10:03:53 UTC 2026
✅ Commit 10 on Wed Jun 10 10:03:53 UTC 2026
✅ Commit 11 on Wed Jun 10 10:03:53 UTC 2026
✅ Commit 12 on Wed Jun 10 10:03:53 UTC 2026
✅ Commit 1 on Wed Jun 10 15:52:46 UTC 2026
✅ Commit 2 on Wed Jun 10 15:52:46 UTC 2026
✅ Commit 3 on Wed Jun 10 15:52:46 UTC 2026
✅ Commit 4 on Wed Jun 10 15:52:46 UTC 2026
✅ Commit 5 on Wed Jun 10 15:52:46 UTC 2026
✅ Commit 6 on Wed Jun 10 15:52:46 UTC 2026
✅ Commit 7 on Wed Jun 10 15:52:46 UTC 2026
✅ Commit 8 on Wed Jun 10 15:52:46 UTC 2026
✅ Commit 9 on Wed Jun 10 15:52:46 UTC 2026
✅ Commit 10 on Wed Jun 10 15:52:46 UTC 2026
✅ Commit 11 on Wed Jun 10 15:52:46 UTC 2026
✅ Commit 12 on Wed Jun 10 15:52:46 UTC 2026
✅ Commit 1 on Fri Jun 19 10:39:12 UTC 2026
✅ Commit 2 on Fri Jun 19 10:39:12 UTC 2026
✅ Commit 3 on Fri Jun 19 10:39:12 UTC 2026
✅ Commit 4 on Fri Jun 19 10:39:12 UTC 2026
✅ Commit 5 on Fri Jun 19 10:39:12 UTC 2026
✅ Commit 6 on Fri Jun 19 10:39:12 UTC 2026
✅ Commit 7 on Fri Jun 19 10:39:12 UTC 2026
✅ Commit 8 on Fri Jun 19 10:39:12 UTC 2026
✅ Commit 9 on Fri Jun 19 10:39:12 UTC 2026
✅ Commit 10 on Fri Jun 19 10:39:12 UTC 2026
✅ Commit 11 on Fri Jun 19 10:39:12 UTC 2026
✅ Commit 12 on Fri Jun 19 10:39:12 UTC 2026
✅ Commit 1 on Fri Jun 19 15:33:25 UTC 2026
✅ Commit 2 on Fri Jun 19 15:33:25 UTC 2026
✅ Commit 3 on Fri Jun 19 15:33:25 UTC 2026
✅ Commit 4 on Fri Jun 19 15:33:25 UTC 2026
✅ Commit 5 on Fri Jun 19 15:33:25 UTC 2026
✅ Commit 6 on Fri Jun 19 15:33:25 UTC 2026
✅ Commit 7 on Fri Jun 19 15:33:25 UTC 2026
✅ Commit 8 on Fri Jun 19 15:33:25 UTC 2026
✅ Commit 9 on Fri Jun 19 15:33:25 UTC 2026
✅ Commit 10 on Fri Jun 19 15:33:25 UTC 2026
✅ Commit 11 on Fri Jun 19 15:33:25 UTC 2026
✅ Commit 12 on Fri Jun 19 15:33:25 UTC 2026
✅ Commit 1 on Fri Jun 19 19:21:42 UTC 2026
✅ Commit 2 on Fri Jun 19 19:21:42 UTC 2026
✅ Commit 3 on Fri Jun 19 19:21:42 UTC 2026
✅ Commit 4 on Fri Jun 19 19:21:42 UTC 2026
✅ Commit 5 on Fri Jun 19 19:21:42 UTC 2026
✅ Commit 6 on Fri Jun 19 19:21:42 UTC 2026
✅ Commit 7 on Fri Jun 19 19:21:42 UTC 2026
✅ Commit 8 on Fri Jun 19 19:21:42 UTC 2026
✅ Commit 9 on Fri Jun 19 19:21:42 UTC 2026
✅ Commit 10 on Fri Jun 19 19:21:42 UTC 2026
✅ Commit 11 on Fri Jun 19 19:21:42 UTC 2026
✅ Commit 12 on Fri Jun 19 19:21:42 UTC 2026
✅ Commit 1 on Sat Jun 20 04:22:02 UTC 2026
✅ Commit 2 on Sat Jun 20 04:22:02 UTC 2026
✅ Commit 3 on Sat Jun 20 04:22:02 UTC 2026
✅ Commit 4 on Sat Jun 20 04:22:03 UTC 2026
✅ Commit 5 on Sat Jun 20 04:22:03 UTC 2026
✅ Commit 6 on Sat Jun 20 04:22:03 UTC 2026
✅ Commit 7 on Sat Jun 20 04:22:03 UTC 2026
✅ Commit 8 on Sat Jun 20 04:22:03 UTC 2026
✅ Commit 9 on Sat Jun 20 04:22:03 UTC 2026
✅ Commit 10 on Sat Jun 20 04:22:03 UTC 2026
✅ Commit 11 on Sat Jun 20 04:22:03 UTC 2026
✅ Commit 12 on Sat Jun 20 04:22:03 UTC 2026
✅ Commit 1 on Sat Jun 20 09:17:56 UTC 2026
✅ Commit 2 on Sat Jun 20 09:17:56 UTC 2026
✅ Commit 3 on Sat Jun 20 09:17:56 UTC 2026
✅ Commit 4 on Sat Jun 20 09:17:56 UTC 2026
✅ Commit 5 on Sat Jun 20 09:17:56 UTC 2026
✅ Commit 6 on Sat Jun 20 09:17:56 UTC 2026
✅ Commit 7 on Sat Jun 20 09:17:56 UTC 2026
✅ Commit 8 on Sat Jun 20 09:17:56 UTC 2026
✅ Commit 9 on Sat Jun 20 09:17:56 UTC 2026
✅ Commit 10 on Sat Jun 20 09:17:56 UTC 2026
✅ Commit 11 on Sat Jun 20 09:17:56 UTC 2026
✅ Commit 12 on Sat Jun 20 09:17:56 UTC 2026
✅ Commit 1 on Sat Jun 20 14:18:34 UTC 2026
✅ Commit 2 on Sat Jun 20 14:18:34 UTC 2026
✅ Commit 3 on Sat Jun 20 14:18:34 UTC 2026
✅ Commit 4 on Sat Jun 20 14:18:34 UTC 2026
✅ Commit 5 on Sat Jun 20 14:18:34 UTC 2026
✅ Commit 6 on Sat Jun 20 14:18:34 UTC 2026
✅ Commit 7 on Sat Jun 20 14:18:34 UTC 2026
✅ Commit 8 on Sat Jun 20 14:18:34 UTC 2026
✅ Commit 9 on Sat Jun 20 14:18:34 UTC 2026
✅ Commit 10 on Sat Jun 20 14:18:34 UTC 2026
✅ Commit 11 on Sat Jun 20 14:18:34 UTC 2026
✅ Commit 12 on Sat Jun 20 14:18:34 UTC 2026
✅ Commit 1 on Sat Jun 20 19:05:26 UTC 2026
✅ Commit 2 on Sat Jun 20 19:05:26 UTC 2026
✅ Commit 3 on Sat Jun 20 19:05:27 UTC 2026
✅ Commit 4 on Sat Jun 20 19:05:27 UTC 2026
✅ Commit 5 on Sat Jun 20 19:05:27 UTC 2026
✅ Commit 6 on Sat Jun 20 19:05:27 UTC 2026
✅ Commit 7 on Sat Jun 20 19:05:27 UTC 2026
✅ Commit 8 on Sat Jun 20 19:05:27 UTC 2026
✅ Commit 9 on Sat Jun 20 19:05:27 UTC 2026
✅ Commit 10 on Sat Jun 20 19:05:27 UTC 2026
✅ Commit 11 on Sat Jun 20 19:05:27 UTC 2026
✅ Commit 12 on Sat Jun 20 19:05:27 UTC 2026
✅ Commit 1 on Sun Jun 21 05:05:43 UTC 2026
✅ Commit 2 on Sun Jun 21 05:05:43 UTC 2026
✅ Commit 3 on Sun Jun 21 05:05:43 UTC 2026
✅ Commit 4 on Sun Jun 21 05:05:43 UTC 2026
✅ Commit 5 on Sun Jun 21 05:05:43 UTC 2026
✅ Commit 6 on Sun Jun 21 05:05:43 UTC 2026
✅ Commit 7 on Sun Jun 21 05:05:43 UTC 2026
✅ Commit 8 on Sun Jun 21 05:05:43 UTC 2026
✅ Commit 9 on Sun Jun 21 05:05:43 UTC 2026
✅ Commit 10 on Sun Jun 21 05:05:43 UTC 2026
✅ Commit 11 on Sun Jun 21 05:05:43 UTC 2026
✅ Commit 12 on Sun Jun 21 05:05:43 UTC 2026
✅ Commit 1 on Sun Jun 21 09:52:22 UTC 2026
✅ Commit 2 on Sun Jun 21 09:52:23 UTC 2026
✅ Commit 3 on Sun Jun 21 09:52:23 UTC 2026
✅ Commit 4 on Sun Jun 21 09:52:23 UTC 2026
✅ Commit 5 on Sun Jun 21 09:52:23 UTC 2026
✅ Commit 6 on Sun Jun 21 09:52:23 UTC 2026
✅ Commit 7 on Sun Jun 21 09:52:23 UTC 2026
✅ Commit 8 on Sun Jun 21 09:52:23 UTC 2026
✅ Commit 9 on Sun Jun 21 09:52:23 UTC 2026
✅ Commit 10 on Sun Jun 21 09:52:23 UTC 2026
✅ Commit 11 on Sun Jun 21 09:52:23 UTC 2026
✅ Commit 12 on Sun Jun 21 09:52:23 UTC 2026
✅ Commit 1 on Sun Jun 21 14:24:35 UTC 2026
✅ Commit 2 on Sun Jun 21 14:24:35 UTC 2026
✅ Commit 3 on Sun Jun 21 14:24:35 UTC 2026
✅ Commit 4 on Sun Jun 21 14:24:35 UTC 2026
✅ Commit 5 on Sun Jun 21 14:24:35 UTC 2026
✅ Commit 6 on Sun Jun 21 14:24:35 UTC 2026
✅ Commit 7 on Sun Jun 21 14:24:35 UTC 2026
✅ Commit 8 on Sun Jun 21 14:24:36 UTC 2026
✅ Commit 9 on Sun Jun 21 14:24:36 UTC 2026
✅ Commit 10 on Sun Jun 21 14:24:36 UTC 2026
✅ Commit 11 on Sun Jun 21 14:24:36 UTC 2026
✅ Commit 12 on Sun Jun 21 14:24:36 UTC 2026
✅ Commit 1 on Sun Jun 21 19:09:48 UTC 2026
✅ Commit 2 on Sun Jun 21 19:09:49 UTC 2026
✅ Commit 3 on Sun Jun 21 19:09:49 UTC 2026
✅ Commit 4 on Sun Jun 21 19:09:49 UTC 2026
✅ Commit 5 on Sun Jun 21 19:09:49 UTC 2026
✅ Commit 6 on Sun Jun 21 19:09:49 UTC 2026
✅ Commit 7 on Sun Jun 21 19:09:49 UTC 2026
✅ Commit 8 on Sun Jun 21 19:09:49 UTC 2026
✅ Commit 9 on Sun Jun 21 19:09:49 UTC 2026
✅ Commit 10 on Sun Jun 21 19:09:49 UTC 2026
✅ Commit 11 on Sun Jun 21 19:09:49 UTC 2026
✅ Commit 12 on Sun Jun 21 19:09:49 UTC 2026
✅ Commit 1 on Mon Jun 22 05:17:33 UTC 2026
✅ Commit 2 on Mon Jun 22 05:17:33 UTC 2026
✅ Commit 3 on Mon Jun 22 05:17:33 UTC 2026
✅ Commit 4 on Mon Jun 22 05:17:33 UTC 2026
✅ Commit 5 on Mon Jun 22 05:17:33 UTC 2026
✅ Commit 6 on Mon Jun 22 05:17:33 UTC 2026
✅ Commit 7 on Mon Jun 22 05:17:33 UTC 2026
✅ Commit 8 on Mon Jun 22 05:17:33 UTC 2026
✅ Commit 9 on Mon Jun 22 05:17:33 UTC 2026
✅ Commit 10 on Mon Jun 22 05:17:33 UTC 2026
✅ Commit 11 on Mon Jun 22 05:17:33 UTC 2026
✅ Commit 12 on Mon Jun 22 05:17:33 UTC 2026
✅ Commit 1 on Mon Jun 22 12:07:14 UTC 2026
✅ Commit 2 on Mon Jun 22 12:07:14 UTC 2026
✅ Commit 3 on Mon Jun 22 12:07:14 UTC 2026
✅ Commit 4 on Mon Jun 22 12:07:14 UTC 2026
✅ Commit 5 on Mon Jun 22 12:07:14 UTC 2026
✅ Commit 6 on Mon Jun 22 12:07:14 UTC 2026
✅ Commit 7 on Mon Jun 22 12:07:14 UTC 2026
✅ Commit 8 on Mon Jun 22 12:07:14 UTC 2026
✅ Commit 9 on Mon Jun 22 12:07:14 UTC 2026
✅ Commit 10 on Mon Jun 22 12:07:14 UTC 2026
✅ Commit 11 on Mon Jun 22 12:07:14 UTC 2026
✅ Commit 12 on Mon Jun 22 12:07:14 UTC 2026
✅ Commit 1 on Mon Jun 22 17:06:35 UTC 2026
✅ Commit 2 on Mon Jun 22 17:06:35 UTC 2026
✅ Commit 3 on Mon Jun 22 17:06:35 UTC 2026
✅ Commit 4 on Mon Jun 22 17:06:35 UTC 2026
✅ Commit 5 on Mon Jun 22 17:06:35 UTC 2026
✅ Commit 6 on Mon Jun 22 17:06:35 UTC 2026
✅ Commit 7 on Mon Jun 22 17:06:35 UTC 2026
✅ Commit 8 on Mon Jun 22 17:06:35 UTC 2026
✅ Commit 9 on Mon Jun 22 17:06:35 UTC 2026
✅ Commit 10 on Mon Jun 22 17:06:35 UTC 2026
✅ Commit 11 on Mon Jun 22 17:06:35 UTC 2026
✅ Commit 12 on Mon Jun 22 17:06:35 UTC 2026
✅ Commit 1 on Mon Jun 22 20:28:55 UTC 2026
✅ Commit 2 on Mon Jun 22 20:28:55 UTC 2026
✅ Commit 3 on Mon Jun 22 20:28:55 UTC 2026
✅ Commit 4 on Mon Jun 22 20:28:55 UTC 2026
✅ Commit 5 on Mon Jun 22 20:28:55 UTC 2026
✅ Commit 6 on Mon Jun 22 20:28:55 UTC 2026
✅ Commit 7 on Mon Jun 22 20:28:55 UTC 2026
✅ Commit 8 on Mon Jun 22 20:28:55 UTC 2026
✅ Commit 9 on Mon Jun 22 20:28:55 UTC 2026
✅ Commit 10 on Mon Jun 22 20:28:55 UTC 2026
✅ Commit 11 on Mon Jun 22 20:28:55 UTC 2026
✅ Commit 12 on Mon Jun 22 20:28:55 UTC 2026
✅ Commit 1 on Tue Jun 23 04:11:21 UTC 2026
✅ Commit 2 on Tue Jun 23 04:11:21 UTC 2026
✅ Commit 3 on Tue Jun 23 04:11:21 UTC 2026
✅ Commit 4 on Tue Jun 23 04:11:21 UTC 2026
✅ Commit 5 on Tue Jun 23 04:11:21 UTC 2026
✅ Commit 6 on Tue Jun 23 04:11:21 UTC 2026
✅ Commit 7 on Tue Jun 23 04:11:21 UTC 2026
✅ Commit 8 on Tue Jun 23 04:11:21 UTC 2026
✅ Commit 9 on Tue Jun 23 04:11:21 UTC 2026
✅ Commit 10 on Tue Jun 23 04:11:21 UTC 2026
✅ Commit 11 on Tue Jun 23 04:11:21 UTC 2026
✅ Commit 12 on Tue Jun 23 04:11:21 UTC 2026
✅ Commit 1 on Tue Jun 23 09:42:23 UTC 2026
✅ Commit 2 on Tue Jun 23 09:42:23 UTC 2026
✅ Commit 3 on Tue Jun 23 09:42:23 UTC 2026
✅ Commit 4 on Tue Jun 23 09:42:23 UTC 2026
✅ Commit 5 on Tue Jun 23 09:42:23 UTC 2026
✅ Commit 6 on Tue Jun 23 09:42:23 UTC 2026
✅ Commit 7 on Tue Jun 23 09:42:23 UTC 2026
✅ Commit 8 on Tue Jun 23 09:42:23 UTC 2026
✅ Commit 9 on Tue Jun 23 09:42:23 UTC 2026
✅ Commit 10 on Tue Jun 23 09:42:23 UTC 2026
✅ Commit 11 on Tue Jun 23 09:42:24 UTC 2026
✅ Commit 12 on Tue Jun 23 09:42:24 UTC 2026
✅ Commit 1 on Tue Jun 23 15:14:48 UTC 2026
✅ Commit 2 on Tue Jun 23 15:14:48 UTC 2026
✅ Commit 3 on Tue Jun 23 15:14:48 UTC 2026
✅ Commit 4 on Tue Jun 23 15:14:48 UTC 2026
✅ Commit 5 on Tue Jun 23 15:14:48 UTC 2026
✅ Commit 6 on Tue Jun 23 15:14:48 UTC 2026
✅ Commit 7 on Tue Jun 23 15:14:48 UTC 2026
✅ Commit 8 on Tue Jun 23 15:14:48 UTC 2026
✅ Commit 9 on Tue Jun 23 15:14:48 UTC 2026
✅ Commit 10 on Tue Jun 23 15:14:48 UTC 2026
✅ Commit 11 on Tue Jun 23 15:14:48 UTC 2026
✅ Commit 12 on Tue Jun 23 15:14:48 UTC 2026
✅ Commit 1 on Tue Jun 23 19:46:08 UTC 2026
✅ Commit 2 on Tue Jun 23 19:46:08 UTC 2026
✅ Commit 3 on Tue Jun 23 19:46:08 UTC 2026
✅ Commit 4 on Tue Jun 23 19:46:08 UTC 2026
✅ Commit 5 on Tue Jun 23 19:46:08 UTC 2026
✅ Commit 6 on Tue Jun 23 19:46:08 UTC 2026
✅ Commit 7 on Tue Jun 23 19:46:08 UTC 2026
✅ Commit 8 on Tue Jun 23 19:46:08 UTC 2026
✅ Commit 9 on Tue Jun 23 19:46:08 UTC 2026
✅ Commit 10 on Tue Jun 23 19:46:08 UTC 2026
✅ Commit 11 on Tue Jun 23 19:46:08 UTC 2026
✅ Commit 12 on Tue Jun 23 19:46:08 UTC 2026
✅ Commit 1 on Wed Jun 24 04:14:33 UTC 2026
✅ Commit 2 on Wed Jun 24 04:14:33 UTC 2026
✅ Commit 3 on Wed Jun 24 04:14:33 UTC 2026
✅ Commit 4 on Wed Jun 24 04:14:33 UTC 2026
✅ Commit 5 on Wed Jun 24 04:14:33 UTC 2026
✅ Commit 6 on Wed Jun 24 04:14:33 UTC 2026
✅ Commit 7 on Wed Jun 24 04:14:33 UTC 2026
✅ Commit 8 on Wed Jun 24 04:14:33 UTC 2026
✅ Commit 9 on Wed Jun 24 04:14:33 UTC 2026
✅ Commit 10 on Wed Jun 24 04:14:33 UTC 2026
✅ Commit 11 on Wed Jun 24 04:14:33 UTC 2026
✅ Commit 12 on Wed Jun 24 04:14:33 UTC 2026
✅ Commit 1 on Wed Jun 24 09:32:57 UTC 2026
✅ Commit 2 on Wed Jun 24 09:32:57 UTC 2026
✅ Commit 3 on Wed Jun 24 09:32:57 UTC 2026
✅ Commit 4 on Wed Jun 24 09:32:57 UTC 2026
✅ Commit 5 on Wed Jun 24 09:32:57 UTC 2026
✅ Commit 6 on Wed Jun 24 09:32:57 UTC 2026
✅ Commit 7 on Wed Jun 24 09:32:57 UTC 2026
✅ Commit 8 on Wed Jun 24 09:32:57 UTC 2026
✅ Commit 9 on Wed Jun 24 09:32:57 UTC 2026
✅ Commit 10 on Wed Jun 24 09:32:57 UTC 2026
✅ Commit 11 on Wed Jun 24 09:32:57 UTC 2026
✅ Commit 12 on Wed Jun 24 09:32:57 UTC 2026
✅ Commit 1 on Wed Jun 24 14:45:11 UTC 2026
✅ Commit 2 on Wed Jun 24 14:45:11 UTC 2026
✅ Commit 3 on Wed Jun 24 14:45:11 UTC 2026
✅ Commit 4 on Wed Jun 24 14:45:11 UTC 2026
✅ Commit 5 on Wed Jun 24 14:45:11 UTC 2026
✅ Commit 6 on Wed Jun 24 14:45:11 UTC 2026
✅ Commit 7 on Wed Jun 24 14:45:11 UTC 2026
✅ Commit 8 on Wed Jun 24 14:45:11 UTC 2026
✅ Commit 9 on Wed Jun 24 14:45:11 UTC 2026
✅ Commit 10 on Wed Jun 24 14:45:11 UTC 2026
✅ Commit 11 on Wed Jun 24 14:45:11 UTC 2026
✅ Commit 12 on Wed Jun 24 14:45:11 UTC 2026
✅ Commit 1 on Wed Jun 24 19:23:03 UTC 2026
✅ Commit 2 on Wed Jun 24 19:23:04 UTC 2026
✅ Commit 3 on Wed Jun 24 19:23:04 UTC 2026
✅ Commit 4 on Wed Jun 24 19:23:04 UTC 2026
✅ Commit 5 on Wed Jun 24 19:23:04 UTC 2026
✅ Commit 6 on Wed Jun 24 19:23:04 UTC 2026
✅ Commit 7 on Wed Jun 24 19:23:04 UTC 2026
✅ Commit 8 on Wed Jun 24 19:23:04 UTC 2026
✅ Commit 9 on Wed Jun 24 19:23:04 UTC 2026
✅ Commit 10 on Wed Jun 24 19:23:04 UTC 2026
✅ Commit 11 on Wed Jun 24 19:23:04 UTC 2026
✅ Commit 12 on Wed Jun 24 19:23:04 UTC 2026
✅ Commit 1 on Thu Jun 25 04:14:50 UTC 2026
✅ Commit 2 on Thu Jun 25 04:14:50 UTC 2026
✅ Commit 3 on Thu Jun 25 04:14:50 UTC 2026
✅ Commit 4 on Thu Jun 25 04:14:50 UTC 2026
✅ Commit 5 on Thu Jun 25 04:14:50 UTC 2026
✅ Commit 6 on Thu Jun 25 04:14:50 UTC 2026
✅ Commit 7 on Thu Jun 25 04:14:50 UTC 2026
✅ Commit 8 on Thu Jun 25 04:14:50 UTC 2026
✅ Commit 9 on Thu Jun 25 04:14:50 UTC 2026
✅ Commit 10 on Thu Jun 25 04:14:50 UTC 2026
✅ Commit 11 on Thu Jun 25 04:14:50 UTC 2026
✅ Commit 12 on Thu Jun 25 04:14:50 UTC 2026
✅ Commit 1 on Thu Jun 25 09:24:48 UTC 2026
✅ Commit 2 on Thu Jun 25 09:24:48 UTC 2026
✅ Commit 3 on Thu Jun 25 09:24:48 UTC 2026
✅ Commit 4 on Thu Jun 25 09:24:48 UTC 2026
✅ Commit 5 on Thu Jun 25 09:24:48 UTC 2026
✅ Commit 6 on Thu Jun 25 09:24:48 UTC 2026
✅ Commit 7 on Thu Jun 25 09:24:48 UTC 2026
✅ Commit 8 on Thu Jun 25 09:24:48 UTC 2026
✅ Commit 9 on Thu Jun 25 09:24:48 UTC 2026
✅ Commit 10 on Thu Jun 25 09:24:48 UTC 2026
✅ Commit 11 on Thu Jun 25 09:24:48 UTC 2026
✅ Commit 12 on Thu Jun 25 09:24:48 UTC 2026
✅ Commit 1 on Thu Jun 25 14:44:55 UTC 2026
✅ Commit 2 on Thu Jun 25 14:44:55 UTC 2026
✅ Commit 3 on Thu Jun 25 14:44:55 UTC 2026
✅ Commit 4 on Thu Jun 25 14:44:55 UTC 2026
✅ Commit 5 on Thu Jun 25 14:44:55 UTC 2026
✅ Commit 6 on Thu Jun 25 14:44:55 UTC 2026
✅ Commit 7 on Thu Jun 25 14:44:55 UTC 2026
✅ Commit 8 on Thu Jun 25 14:44:55 UTC 2026
✅ Commit 9 on Thu Jun 25 14:44:55 UTC 2026
✅ Commit 10 on Thu Jun 25 14:44:55 UTC 2026
✅ Commit 11 on Thu Jun 25 14:44:55 UTC 2026
✅ Commit 12 on Thu Jun 25 14:44:55 UTC 2026
✅ Commit 1 on Thu Jun 25 19:42:24 UTC 2026
✅ Commit 2 on Thu Jun 25 19:42:24 UTC 2026
✅ Commit 3 on Thu Jun 25 19:42:24 UTC 2026
✅ Commit 4 on Thu Jun 25 19:42:24 UTC 2026
✅ Commit 5 on Thu Jun 25 19:42:24 UTC 2026
✅ Commit 6 on Thu Jun 25 19:42:24 UTC 2026
✅ Commit 7 on Thu Jun 25 19:42:24 UTC 2026
✅ Commit 8 on Thu Jun 25 19:42:24 UTC 2026
✅ Commit 9 on Thu Jun 25 19:42:24 UTC 2026
✅ Commit 10 on Thu Jun 25 19:42:24 UTC 2026
✅ Commit 11 on Thu Jun 25 19:42:24 UTC 2026
✅ Commit 12 on Thu Jun 25 19:42:24 UTC 2026
✅ Commit 1 on Fri Jun 26 04:21:06 UTC 2026
✅ Commit 2 on Fri Jun 26 04:21:06 UTC 2026
✅ Commit 3 on Fri Jun 26 04:21:06 UTC 2026
✅ Commit 4 on Fri Jun 26 04:21:06 UTC 2026
✅ Commit 5 on Fri Jun 26 04:21:06 UTC 2026
✅ Commit 6 on Fri Jun 26 04:21:06 UTC 2026
✅ Commit 7 on Fri Jun 26 04:21:06 UTC 2026
✅ Commit 8 on Fri Jun 26 04:21:06 UTC 2026
✅ Commit 9 on Fri Jun 26 04:21:06 UTC 2026
✅ Commit 10 on Fri Jun 26 04:21:06 UTC 2026
✅ Commit 11 on Fri Jun 26 04:21:06 UTC 2026
✅ Commit 12 on Fri Jun 26 04:21:06 UTC 2026
✅ Commit 1 on Fri Jun 26 09:30:07 UTC 2026
✅ Commit 2 on Fri Jun 26 09:30:07 UTC 2026
✅ Commit 3 on Fri Jun 26 09:30:07 UTC 2026
✅ Commit 4 on Fri Jun 26 09:30:07 UTC 2026
✅ Commit 5 on Fri Jun 26 09:30:07 UTC 2026
✅ Commit 6 on Fri Jun 26 09:30:07 UTC 2026
✅ Commit 7 on Fri Jun 26 09:30:07 UTC 2026
✅ Commit 8 on Fri Jun 26 09:30:07 UTC 2026
✅ Commit 9 on Fri Jun 26 09:30:07 UTC 2026
✅ Commit 10 on Fri Jun 26 09:30:07 UTC 2026
✅ Commit 11 on Fri Jun 26 09:30:07 UTC 2026
✅ Commit 12 on Fri Jun 26 09:30:07 UTC 2026
✅ Commit 1 on Fri Jun 26 14:37:19 UTC 2026
✅ Commit 2 on Fri Jun 26 14:37:19 UTC 2026
✅ Commit 3 on Fri Jun 26 14:37:19 UTC 2026
✅ Commit 4 on Fri Jun 26 14:37:19 UTC 2026
✅ Commit 5 on Fri Jun 26 14:37:19 UTC 2026
✅ Commit 6 on Fri Jun 26 14:37:19 UTC 2026
✅ Commit 7 on Fri Jun 26 14:37:19 UTC 2026
✅ Commit 8 on Fri Jun 26 14:37:19 UTC 2026
✅ Commit 9 on Fri Jun 26 14:37:19 UTC 2026
✅ Commit 10 on Fri Jun 26 14:37:19 UTC 2026
✅ Commit 11 on Fri Jun 26 14:37:19 UTC 2026
✅ Commit 12 on Fri Jun 26 14:37:19 UTC 2026
✅ Commit 1 on Fri Jun 26 19:25:23 UTC 2026
✅ Commit 2 on Fri Jun 26 19:25:23 UTC 2026
✅ Commit 3 on Fri Jun 26 19:25:23 UTC 2026
✅ Commit 4 on Fri Jun 26 19:25:23 UTC 2026
✅ Commit 5 on Fri Jun 26 19:25:23 UTC 2026
✅ Commit 6 on Fri Jun 26 19:25:23 UTC 2026
✅ Commit 7 on Fri Jun 26 19:25:23 UTC 2026
✅ Commit 8 on Fri Jun 26 19:25:23 UTC 2026
✅ Commit 9 on Fri Jun 26 19:25:23 UTC 2026
✅ Commit 10 on Fri Jun 26 19:25:23 UTC 2026
✅ Commit 11 on Fri Jun 26 19:25:23 UTC 2026
✅ Commit 12 on Fri Jun 26 19:25:23 UTC 2026
✅ Commit 1 on Sat Jun 27 04:07:40 UTC 2026
✅ Commit 2 on Sat Jun 27 04:07:40 UTC 2026
✅ Commit 3 on Sat Jun 27 04:07:40 UTC 2026
✅ Commit 4 on Sat Jun 27 04:07:40 UTC 2026
✅ Commit 5 on Sat Jun 27 04:07:40 UTC 2026
✅ Commit 6 on Sat Jun 27 04:07:40 UTC 2026
✅ Commit 7 on Sat Jun 27 04:07:40 UTC 2026
✅ Commit 8 on Sat Jun 27 04:07:40 UTC 2026
✅ Commit 9 on Sat Jun 27 04:07:40 UTC 2026
✅ Commit 10 on Sat Jun 27 04:07:40 UTC 2026
✅ Commit 11 on Sat Jun 27 04:07:40 UTC 2026
✅ Commit 12 on Sat Jun 27 04:07:40 UTC 2026
✅ Commit 1 on Sat Jun 27 08:37:49 UTC 2026
✅ Commit 2 on Sat Jun 27 08:37:49 UTC 2026
✅ Commit 3 on Sat Jun 27 08:37:49 UTC 2026
✅ Commit 4 on Sat Jun 27 08:37:49 UTC 2026
✅ Commit 5 on Sat Jun 27 08:37:49 UTC 2026
✅ Commit 6 on Sat Jun 27 08:37:49 UTC 2026
✅ Commit 7 on Sat Jun 27 08:37:49 UTC 2026
✅ Commit 8 on Sat Jun 27 08:37:49 UTC 2026
✅ Commit 9 on Sat Jun 27 08:37:49 UTC 2026
✅ Commit 10 on Sat Jun 27 08:37:49 UTC 2026
✅ Commit 11 on Sat Jun 27 08:37:49 UTC 2026
✅ Commit 12 on Sat Jun 27 08:37:49 UTC 2026
✅ Commit 1 on Sat Jun 27 13:56:40 UTC 2026
✅ Commit 2 on Sat Jun 27 13:56:40 UTC 2026
✅ Commit 3 on Sat Jun 27 13:56:40 UTC 2026
✅ Commit 4 on Sat Jun 27 13:56:40 UTC 2026
✅ Commit 5 on Sat Jun 27 13:56:40 UTC 2026
✅ Commit 6 on Sat Jun 27 13:56:40 UTC 2026
✅ Commit 7 on Sat Jun 27 13:56:40 UTC 2026
✅ Commit 8 on Sat Jun 27 13:56:40 UTC 2026
✅ Commit 9 on Sat Jun 27 13:56:40 UTC 2026
✅ Commit 10 on Sat Jun 27 13:56:40 UTC 2026
✅ Commit 11 on Sat Jun 27 13:56:40 UTC 2026
✅ Commit 12 on Sat Jun 27 13:56:40 UTC 2026
✅ Commit 1 on Sat Jun 27 18:59:38 UTC 2026
✅ Commit 2 on Sat Jun 27 18:59:39 UTC 2026
✅ Commit 3 on Sat Jun 27 18:59:39 UTC 2026
✅ Commit 4 on Sat Jun 27 18:59:39 UTC 2026
✅ Commit 5 on Sat Jun 27 18:59:39 UTC 2026
✅ Commit 6 on Sat Jun 27 18:59:39 UTC 2026
✅ Commit 7 on Sat Jun 27 18:59:39 UTC 2026
✅ Commit 8 on Sat Jun 27 18:59:39 UTC 2026
✅ Commit 9 on Sat Jun 27 18:59:39 UTC 2026
✅ Commit 10 on Sat Jun 27 18:59:39 UTC 2026
✅ Commit 11 on Sat Jun 27 18:59:39 UTC 2026
✅ Commit 12 on Sat Jun 27 18:59:39 UTC 2026
✅ Commit 1 on Sun Jun 28 04:40:33 UTC 2026
✅ Commit 2 on Sun Jun 28 04:40:33 UTC 2026
✅ Commit 3 on Sun Jun 28 04:40:33 UTC 2026
✅ Commit 4 on Sun Jun 28 04:40:33 UTC 2026
✅ Commit 5 on Sun Jun 28 04:40:33 UTC 2026
✅ Commit 6 on Sun Jun 28 04:40:33 UTC 2026
✅ Commit 7 on Sun Jun 28 04:40:33 UTC 2026
✅ Commit 8 on Sun Jun 28 04:40:33 UTC 2026
✅ Commit 9 on Sun Jun 28 04:40:33 UTC 2026
✅ Commit 10 on Sun Jun 28 04:40:33 UTC 2026
✅ Commit 11 on Sun Jun 28 04:40:33 UTC 2026
✅ Commit 12 on Sun Jun 28 04:40:33 UTC 2026
✅ Commit 1 on Sun Jun 28 08:54:22 UTC 2026
✅ Commit 2 on Sun Jun 28 08:54:22 UTC 2026
✅ Commit 3 on Sun Jun 28 08:54:22 UTC 2026
✅ Commit 4 on Sun Jun 28 08:54:22 UTC 2026
✅ Commit 5 on Sun Jun 28 08:54:22 UTC 2026
✅ Commit 6 on Sun Jun 28 08:54:22 UTC 2026
✅ Commit 7 on Sun Jun 28 08:54:22 UTC 2026
✅ Commit 8 on Sun Jun 28 08:54:22 UTC 2026
✅ Commit 9 on Sun Jun 28 08:54:22 UTC 2026
✅ Commit 10 on Sun Jun 28 08:54:22 UTC 2026
✅ Commit 11 on Sun Jun 28 08:54:22 UTC 2026
✅ Commit 12 on Sun Jun 28 08:54:22 UTC 2026
✅ Commit 1 on Sun Jun 28 14:02:51 UTC 2026
✅ Commit 2 on Sun Jun 28 14:02:51 UTC 2026
✅ Commit 3 on Sun Jun 28 14:02:51 UTC 2026
✅ Commit 4 on Sun Jun 28 14:02:51 UTC 2026
✅ Commit 5 on Sun Jun 28 14:02:51 UTC 2026
✅ Commit 6 on Sun Jun 28 14:02:51 UTC 2026
✅ Commit 7 on Sun Jun 28 14:02:51 UTC 2026
✅ Commit 8 on Sun Jun 28 14:02:51 UTC 2026
✅ Commit 9 on Sun Jun 28 14:02:51 UTC 2026
✅ Commit 10 on Sun Jun 28 14:02:51 UTC 2026
✅ Commit 11 on Sun Jun 28 14:02:51 UTC 2026
✅ Commit 12 on Sun Jun 28 14:02:51 UTC 2026
✅ Commit 1 on Sun Jun 28 18:58:30 UTC 2026
✅ Commit 2 on Sun Jun 28 18:58:30 UTC 2026
✅ Commit 3 on Sun Jun 28 18:58:30 UTC 2026
✅ Commit 4 on Sun Jun 28 18:58:30 UTC 2026
✅ Commit 5 on Sun Jun 28 18:58:30 UTC 2026
✅ Commit 6 on Sun Jun 28 18:58:30 UTC 2026
✅ Commit 7 on Sun Jun 28 18:58:30 UTC 2026
✅ Commit 8 on Sun Jun 28 18:58:30 UTC 2026
✅ Commit 9 on Sun Jun 28 18:58:30 UTC 2026
✅ Commit 10 on Sun Jun 28 18:58:30 UTC 2026
✅ Commit 11 on Sun Jun 28 18:58:30 UTC 2026
✅ Commit 12 on Sun Jun 28 18:58:30 UTC 2026
✅ Commit 1 on Mon Jun 29 04:49:16 UTC 2026
✅ Commit 2 on Mon Jun 29 04:49:16 UTC 2026
✅ Commit 3 on Mon Jun 29 04:49:16 UTC 2026
✅ Commit 4 on Mon Jun 29 04:49:16 UTC 2026
✅ Commit 5 on Mon Jun 29 04:49:16 UTC 2026
✅ Commit 6 on Mon Jun 29 04:49:16 UTC 2026
✅ Commit 7 on Mon Jun 29 04:49:16 UTC 2026
✅ Commit 8 on Mon Jun 29 04:49:16 UTC 2026
✅ Commit 9 on Mon Jun 29 04:49:16 UTC 2026
✅ Commit 10 on Mon Jun 29 04:49:16 UTC 2026
✅ Commit 11 on Mon Jun 29 04:49:16 UTC 2026
✅ Commit 12 on Mon Jun 29 04:49:16 UTC 2026
✅ Commit 1 on Mon Jun 29 11:02:44 UTC 2026
✅ Commit 2 on Mon Jun 29 11:02:44 UTC 2026
✅ Commit 3 on Mon Jun 29 11:02:44 UTC 2026
✅ Commit 4 on Mon Jun 29 11:02:44 UTC 2026
✅ Commit 5 on Mon Jun 29 11:02:44 UTC 2026
✅ Commit 6 on Mon Jun 29 11:02:44 UTC 2026
✅ Commit 7 on Mon Jun 29 11:02:44 UTC 2026
✅ Commit 8 on Mon Jun 29 11:02:44 UTC 2026
✅ Commit 9 on Mon Jun 29 11:02:44 UTC 2026
✅ Commit 10 on Mon Jun 29 11:02:44 UTC 2026
✅ Commit 11 on Mon Jun 29 11:02:44 UTC 2026
✅ Commit 12 on Mon Jun 29 11:02:44 UTC 2026
✅ Commit 1 on Mon Jun 29 15:58:05 UTC 2026
✅ Commit 2 on Mon Jun 29 15:58:05 UTC 2026
✅ Commit 3 on Mon Jun 29 15:58:05 UTC 2026
✅ Commit 4 on Mon Jun 29 15:58:05 UTC 2026
✅ Commit 5 on Mon Jun 29 15:58:05 UTC 2026
✅ Commit 6 on Mon Jun 29 15:58:05 UTC 2026
✅ Commit 7 on Mon Jun 29 15:58:05 UTC 2026
✅ Commit 8 on Mon Jun 29 15:58:05 UTC 2026
✅ Commit 9 on Mon Jun 29 15:58:06 UTC 2026
✅ Commit 10 on Mon Jun 29 15:58:06 UTC 2026
✅ Commit 11 on Mon Jun 29 15:58:06 UTC 2026
✅ Commit 12 on Mon Jun 29 15:58:06 UTC 2026
✅ Commit 1 on Mon Jun 29 19:29:19 UTC 2026
✅ Commit 2 on Mon Jun 29 19:29:19 UTC 2026
✅ Commit 3 on Mon Jun 29 19:29:19 UTC 2026
✅ Commit 4 on Mon Jun 29 19:29:19 UTC 2026
✅ Commit 5 on Mon Jun 29 19:29:19 UTC 2026
✅ Commit 6 on Mon Jun 29 19:29:19 UTC 2026
✅ Commit 7 on Mon Jun 29 19:29:19 UTC 2026
✅ Commit 8 on Mon Jun 29 19:29:19 UTC 2026
✅ Commit 9 on Mon Jun 29 19:29:19 UTC 2026
✅ Commit 10 on Mon Jun 29 19:29:19 UTC 2026
✅ Commit 11 on Mon Jun 29 19:29:19 UTC 2026
✅ Commit 12 on Mon Jun 29 19:29:19 UTC 2026
✅ Commit 1 on Tue Jun 30 04:15:56 UTC 2026
✅ Commit 2 on Tue Jun 30 04:15:56 UTC 2026
✅ Commit 3 on Tue Jun 30 04:15:56 UTC 2026
✅ Commit 4 on Tue Jun 30 04:15:56 UTC 2026
✅ Commit 5 on Tue Jun 30 04:15:56 UTC 2026
✅ Commit 6 on Tue Jun 30 04:15:56 UTC 2026
✅ Commit 7 on Tue Jun 30 04:15:56 UTC 2026
✅ Commit 8 on Tue Jun 30 04:15:56 UTC 2026
✅ Commit 9 on Tue Jun 30 04:15:56 UTC 2026
✅ Commit 10 on Tue Jun 30 04:15:56 UTC 2026
✅ Commit 11 on Tue Jun 30 04:15:56 UTC 2026
✅ Commit 12 on Tue Jun 30 04:15:56 UTC 2026
✅ Commit 1 on Tue Jun 30 09:39:05 UTC 2026
✅ Commit 2 on Tue Jun 30 09:39:05 UTC 2026
✅ Commit 3 on Tue Jun 30 09:39:05 UTC 2026
✅ Commit 4 on Tue Jun 30 09:39:05 UTC 2026
✅ Commit 5 on Tue Jun 30 09:39:05 UTC 2026
✅ Commit 6 on Tue Jun 30 09:39:05 UTC 2026
✅ Commit 7 on Tue Jun 30 09:39:05 UTC 2026
✅ Commit 8 on Tue Jun 30 09:39:05 UTC 2026
✅ Commit 9 on Tue Jun 30 09:39:05 UTC 2026
✅ Commit 10 on Tue Jun 30 09:39:05 UTC 2026
✅ Commit 11 on Tue Jun 30 09:39:05 UTC 2026
✅ Commit 12 on Tue Jun 30 09:39:05 UTC 2026
✅ Commit 1 on Tue Jun 30 14:32:08 UTC 2026
✅ Commit 2 on Tue Jun 30 14:32:08 UTC 2026
✅ Commit 3 on Tue Jun 30 14:32:08 UTC 2026
✅ Commit 4 on Tue Jun 30 14:32:08 UTC 2026
✅ Commit 5 on Tue Jun 30 14:32:08 UTC 2026
✅ Commit 6 on Tue Jun 30 14:32:08 UTC 2026
✅ Commit 7 on Tue Jun 30 14:32:08 UTC 2026
✅ Commit 8 on Tue Jun 30 14:32:08 UTC 2026
✅ Commit 9 on Tue Jun 30 14:32:08 UTC 2026
✅ Commit 10 on Tue Jun 30 14:32:08 UTC 2026
✅ Commit 11 on Tue Jun 30 14:32:09 UTC 2026
✅ Commit 12 on Tue Jun 30 14:32:09 UTC 2026
✅ Commit 1 on Tue Jun 30 19:27:48 UTC 2026
✅ Commit 2 on Tue Jun 30 19:27:48 UTC 2026
✅ Commit 3 on Tue Jun 30 19:27:48 UTC 2026
✅ Commit 4 on Tue Jun 30 19:27:48 UTC 2026
✅ Commit 5 on Tue Jun 30 19:27:48 UTC 2026
✅ Commit 6 on Tue Jun 30 19:27:48 UTC 2026
✅ Commit 7 on Tue Jun 30 19:27:48 UTC 2026
✅ Commit 8 on Tue Jun 30 19:27:48 UTC 2026
✅ Commit 9 on Tue Jun 30 19:27:48 UTC 2026
✅ Commit 10 on Tue Jun 30 19:27:48 UTC 2026
✅ Commit 11 on Tue Jun 30 19:27:48 UTC 2026
✅ Commit 12 on Tue Jun 30 19:27:48 UTC 2026
✅ Commit 1 on Wed Jul  1 04:44:18 UTC 2026
✅ Commit 2 on Wed Jul  1 04:44:18 UTC 2026
✅ Commit 3 on Wed Jul  1 04:44:18 UTC 2026
✅ Commit 4 on Wed Jul  1 04:44:19 UTC 2026
✅ Commit 5 on Wed Jul  1 04:44:19 UTC 2026
✅ Commit 6 on Wed Jul  1 04:44:19 UTC 2026
✅ Commit 7 on Wed Jul  1 04:44:19 UTC 2026
✅ Commit 8 on Wed Jul  1 04:44:19 UTC 2026
✅ Commit 9 on Wed Jul  1 04:44:19 UTC 2026
✅ Commit 10 on Wed Jul  1 04:44:19 UTC 2026
✅ Commit 11 on Wed Jul  1 04:44:19 UTC 2026
✅ Commit 12 on Wed Jul  1 04:44:19 UTC 2026
✅ Commit 1 on Wed Jul  1 09:50:27 UTC 2026
✅ Commit 2 on Wed Jul  1 09:50:27 UTC 2026
✅ Commit 3 on Wed Jul  1 09:50:27 UTC 2026
✅ Commit 4 on Wed Jul  1 09:50:27 UTC 2026
✅ Commit 5 on Wed Jul  1 09:50:27 UTC 2026
✅ Commit 6 on Wed Jul  1 09:50:27 UTC 2026
✅ Commit 7 on Wed Jul  1 09:50:27 UTC 2026
✅ Commit 8 on Wed Jul  1 09:50:27 UTC 2026
✅ Commit 9 on Wed Jul  1 09:50:27 UTC 2026
✅ Commit 10 on Wed Jul  1 09:50:27 UTC 2026
✅ Commit 11 on Wed Jul  1 09:50:27 UTC 2026
✅ Commit 12 on Wed Jul  1 09:50:27 UTC 2026
✅ Commit 1 on Wed Jul  1 14:49:21 UTC 2026
✅ Commit 2 on Wed Jul  1 14:49:21 UTC 2026
✅ Commit 3 on Wed Jul  1 14:49:21 UTC 2026
✅ Commit 4 on Wed Jul  1 14:49:21 UTC 2026
✅ Commit 5 on Wed Jul  1 14:49:21 UTC 2026
✅ Commit 6 on Wed Jul  1 14:49:22 UTC 2026
✅ Commit 7 on Wed Jul  1 14:49:22 UTC 2026
✅ Commit 8 on Wed Jul  1 14:49:22 UTC 2026
✅ Commit 9 on Wed Jul  1 14:49:22 UTC 2026
✅ Commit 10 on Wed Jul  1 14:49:22 UTC 2026
✅ Commit 11 on Wed Jul  1 14:49:22 UTC 2026
✅ Commit 12 on Wed Jul  1 14:49:22 UTC 2026
✅ Commit 1 on Wed Jul  1 19:26:13 UTC 2026
✅ Commit 2 on Wed Jul  1 19:26:13 UTC 2026
✅ Commit 3 on Wed Jul  1 19:26:13 UTC 2026
✅ Commit 4 on Wed Jul  1 19:26:13 UTC 2026
✅ Commit 5 on Wed Jul  1 19:26:13 UTC 2026
✅ Commit 6 on Wed Jul  1 19:26:13 UTC 2026
✅ Commit 7 on Wed Jul  1 19:26:13 UTC 2026
✅ Commit 8 on Wed Jul  1 19:26:13 UTC 2026
✅ Commit 9 on Wed Jul  1 19:26:13 UTC 2026
✅ Commit 10 on Wed Jul  1 19:26:13 UTC 2026
✅ Commit 11 on Wed Jul  1 19:26:13 UTC 2026
✅ Commit 12 on Wed Jul  1 19:26:13 UTC 2026
✅ Commit 1 on Thu Jul  2 04:11:18 UTC 2026
✅ Commit 2 on Thu Jul  2 04:11:18 UTC 2026
✅ Commit 3 on Thu Jul  2 04:11:18 UTC 2026
✅ Commit 4 on Thu Jul  2 04:11:18 UTC 2026
✅ Commit 5 on Thu Jul  2 04:11:18 UTC 2026
✅ Commit 6 on Thu Jul  2 04:11:18 UTC 2026
✅ Commit 7 on Thu Jul  2 04:11:18 UTC 2026
✅ Commit 8 on Thu Jul  2 04:11:18 UTC 2026
✅ Commit 9 on Thu Jul  2 04:11:18 UTC 2026
✅ Commit 10 on Thu Jul  2 04:11:18 UTC 2026
✅ Commit 11 on Thu Jul  2 04:11:18 UTC 2026
✅ Commit 12 on Thu Jul  2 04:11:18 UTC 2026
✅ Commit 1 on Thu Jul  2 09:14:52 UTC 2026
✅ Commit 2 on Thu Jul  2 09:14:52 UTC 2026
✅ Commit 3 on Thu Jul  2 09:14:52 UTC 2026
✅ Commit 4 on Thu Jul  2 09:14:52 UTC 2026
✅ Commit 5 on Thu Jul  2 09:14:52 UTC 2026
✅ Commit 6 on Thu Jul  2 09:14:52 UTC 2026
✅ Commit 7 on Thu Jul  2 09:14:52 UTC 2026
✅ Commit 8 on Thu Jul  2 09:14:52 UTC 2026
✅ Commit 9 on Thu Jul  2 09:14:52 UTC 2026
✅ Commit 10 on Thu Jul  2 09:14:52 UTC 2026
✅ Commit 11 on Thu Jul  2 09:14:52 UTC 2026
✅ Commit 12 on Thu Jul  2 09:14:52 UTC 2026
✅ Commit 1 on Thu Jul  2 14:18:20 UTC 2026
✅ Commit 2 on Thu Jul  2 14:18:20 UTC 2026
✅ Commit 3 on Thu Jul  2 14:18:20 UTC 2026
✅ Commit 4 on Thu Jul  2 14:18:20 UTC 2026
✅ Commit 5 on Thu Jul  2 14:18:20 UTC 2026
✅ Commit 6 on Thu Jul  2 14:18:20 UTC 2026
✅ Commit 7 on Thu Jul  2 14:18:20 UTC 2026
✅ Commit 8 on Thu Jul  2 14:18:20 UTC 2026
✅ Commit 9 on Thu Jul  2 14:18:20 UTC 2026
✅ Commit 10 on Thu Jul  2 14:18:20 UTC 2026
✅ Commit 11 on Thu Jul  2 14:18:20 UTC 2026
✅ Commit 12 on Thu Jul  2 14:18:20 UTC 2026
✅ Commit 1 on Thu Jul  2 19:04:52 UTC 2026
✅ Commit 2 on Thu Jul  2 19:04:52 UTC 2026
✅ Commit 3 on Thu Jul  2 19:04:52 UTC 2026
✅ Commit 4 on Thu Jul  2 19:04:52 UTC 2026
✅ Commit 5 on Thu Jul  2 19:04:52 UTC 2026
✅ Commit 6 on Thu Jul  2 19:04:52 UTC 2026
✅ Commit 7 on Thu Jul  2 19:04:52 UTC 2026
✅ Commit 8 on Thu Jul  2 19:04:52 UTC 2026
✅ Commit 9 on Thu Jul  2 19:04:52 UTC 2026
✅ Commit 10 on Thu Jul  2 19:04:52 UTC 2026
✅ Commit 11 on Thu Jul  2 19:04:52 UTC 2026
✅ Commit 12 on Thu Jul  2 19:04:52 UTC 2026
✅ Commit 1 on Fri Jul  3 03:57:46 UTC 2026
✅ Commit 2 on Fri Jul  3 03:57:46 UTC 2026
✅ Commit 3 on Fri Jul  3 03:57:46 UTC 2026
✅ Commit 4 on Fri Jul  3 03:57:46 UTC 2026
✅ Commit 5 on Fri Jul  3 03:57:46 UTC 2026
✅ Commit 6 on Fri Jul  3 03:57:46 UTC 2026
✅ Commit 7 on Fri Jul  3 03:57:46 UTC 2026
✅ Commit 8 on Fri Jul  3 03:57:46 UTC 2026
✅ Commit 9 on Fri Jul  3 03:57:46 UTC 2026
✅ Commit 10 on Fri Jul  3 03:57:46 UTC 2026
✅ Commit 11 on Fri Jul  3 03:57:46 UTC 2026
✅ Commit 12 on Fri Jul  3 03:57:46 UTC 2026
✅ Commit 1 on Fri Jul  3 09:20:06 UTC 2026
✅ Commit 2 on Fri Jul  3 09:20:06 UTC 2026
✅ Commit 3 on Fri Jul  3 09:20:06 UTC 2026
✅ Commit 4 on Fri Jul  3 09:20:06 UTC 2026
✅ Commit 5 on Fri Jul  3 09:20:06 UTC 2026
✅ Commit 6 on Fri Jul  3 09:20:06 UTC 2026
✅ Commit 7 on Fri Jul  3 09:20:06 UTC 2026
✅ Commit 8 on Fri Jul  3 09:20:06 UTC 2026
✅ Commit 9 on Fri Jul  3 09:20:06 UTC 2026
✅ Commit 10 on Fri Jul  3 09:20:06 UTC 2026
✅ Commit 11 on Fri Jul  3 09:20:06 UTC 2026
✅ Commit 12 on Fri Jul  3 09:20:06 UTC 2026
✅ Commit 1 on Fri Jul  3 14:22:54 UTC 2026
✅ Commit 2 on Fri Jul  3 14:22:54 UTC 2026
✅ Commit 3 on Fri Jul  3 14:22:54 UTC 2026
✅ Commit 4 on Fri Jul  3 14:22:54 UTC 2026
✅ Commit 5 on Fri Jul  3 14:22:54 UTC 2026
✅ Commit 6 on Fri Jul  3 14:22:54 UTC 2026
✅ Commit 7 on Fri Jul  3 14:22:54 UTC 2026
✅ Commit 8 on Fri Jul  3 14:22:54 UTC 2026
✅ Commit 9 on Fri Jul  3 14:22:54 UTC 2026
✅ Commit 10 on Fri Jul  3 14:22:54 UTC 2026
✅ Commit 11 on Fri Jul  3 14:22:54 UTC 2026
✅ Commit 12 on Fri Jul  3 14:22:54 UTC 2026
✅ Commit 1 on Fri Jul  3 18:57:31 UTC 2026
✅ Commit 2 on Fri Jul  3 18:57:31 UTC 2026
✅ Commit 3 on Fri Jul  3 18:57:31 UTC 2026
✅ Commit 4 on Fri Jul  3 18:57:31 UTC 2026
✅ Commit 5 on Fri Jul  3 18:57:31 UTC 2026
✅ Commit 6 on Fri Jul  3 18:57:31 UTC 2026
✅ Commit 7 on Fri Jul  3 18:57:32 UTC 2026
✅ Commit 8 on Fri Jul  3 18:57:32 UTC 2026
✅ Commit 9 on Fri Jul  3 18:57:32 UTC 2026
✅ Commit 10 on Fri Jul  3 18:57:32 UTC 2026
✅ Commit 11 on Fri Jul  3 18:57:32 UTC 2026
✅ Commit 12 on Fri Jul  3 18:57:32 UTC 2026
✅ Commit 1 on Sat Jul  4 03:51:34 UTC 2026
✅ Commit 2 on Sat Jul  4 03:51:34 UTC 2026
✅ Commit 3 on Sat Jul  4 03:51:34 UTC 2026
✅ Commit 4 on Sat Jul  4 03:51:34 UTC 2026
✅ Commit 5 on Sat Jul  4 03:51:34 UTC 2026
✅ Commit 6 on Sat Jul  4 03:51:34 UTC 2026
✅ Commit 7 on Sat Jul  4 03:51:34 UTC 2026
✅ Commit 8 on Sat Jul  4 03:51:34 UTC 2026
✅ Commit 9 on Sat Jul  4 03:51:34 UTC 2026
✅ Commit 10 on Sat Jul  4 03:51:34 UTC 2026
✅ Commit 11 on Sat Jul  4 03:51:34 UTC 2026
✅ Commit 12 on Sat Jul  4 03:51:34 UTC 2026
✅ Commit 1 on Sat Jul  4 08:38:58 UTC 2026
✅ Commit 2 on Sat Jul  4 08:38:58 UTC 2026
✅ Commit 3 on Sat Jul  4 08:38:59 UTC 2026
✅ Commit 4 on Sat Jul  4 08:38:59 UTC 2026
✅ Commit 5 on Sat Jul  4 08:38:59 UTC 2026
✅ Commit 6 on Sat Jul  4 08:38:59 UTC 2026
✅ Commit 7 on Sat Jul  4 08:38:59 UTC 2026
✅ Commit 8 on Sat Jul  4 08:38:59 UTC 2026
✅ Commit 9 on Sat Jul  4 08:38:59 UTC 2026
✅ Commit 10 on Sat Jul  4 08:38:59 UTC 2026
✅ Commit 11 on Sat Jul  4 08:38:59 UTC 2026
✅ Commit 12 on Sat Jul  4 08:38:59 UTC 2026
✅ Commit 1 on Sat Jul  4 13:48:00 UTC 2026
✅ Commit 2 on Sat Jul  4 13:48:00 UTC 2026
✅ Commit 3 on Sat Jul  4 13:48:00 UTC 2026
✅ Commit 4 on Sat Jul  4 13:48:00 UTC 2026
✅ Commit 5 on Sat Jul  4 13:48:00 UTC 2026
✅ Commit 6 on Sat Jul  4 13:48:00 UTC 2026
✅ Commit 7 on Sat Jul  4 13:48:00 UTC 2026
✅ Commit 8 on Sat Jul  4 13:48:00 UTC 2026
✅ Commit 9 on Sat Jul  4 13:48:00 UTC 2026
✅ Commit 10 on Sat Jul  4 13:48:00 UTC 2026
✅ Commit 11 on Sat Jul  4 13:48:00 UTC 2026
✅ Commit 12 on Sat Jul  4 13:48:00 UTC 2026
✅ Commit 1 on Sat Jul  4 18:51:26 UTC 2026
✅ Commit 2 on Sat Jul  4 18:51:26 UTC 2026
✅ Commit 3 on Sat Jul  4 18:51:26 UTC 2026
✅ Commit 4 on Sat Jul  4 18:51:26 UTC 2026
✅ Commit 5 on Sat Jul  4 18:51:26 UTC 2026
✅ Commit 6 on Sat Jul  4 18:51:26 UTC 2026
✅ Commit 7 on Sat Jul  4 18:51:26 UTC 2026
✅ Commit 8 on Sat Jul  4 18:51:26 UTC 2026
✅ Commit 9 on Sat Jul  4 18:51:26 UTC 2026
✅ Commit 10 on Sat Jul  4 18:51:26 UTC 2026
✅ Commit 11 on Sat Jul  4 18:51:26 UTC 2026
✅ Commit 12 on Sat Jul  4 18:51:26 UTC 2026
✅ Commit 1 on Sun Jul  5 04:10:19 UTC 2026
✅ Commit 2 on Sun Jul  5 04:10:19 UTC 2026
✅ Commit 3 on Sun Jul  5 04:10:19 UTC 2026
✅ Commit 4 on Sun Jul  5 04:10:19 UTC 2026
✅ Commit 5 on Sun Jul  5 04:10:19 UTC 2026
✅ Commit 6 on Sun Jul  5 04:10:19 UTC 2026
✅ Commit 7 on Sun Jul  5 04:10:19 UTC 2026
✅ Commit 8 on Sun Jul  5 04:10:19 UTC 2026
✅ Commit 9 on Sun Jul  5 04:10:19 UTC 2026
✅ Commit 10 on Sun Jul  5 04:10:19 UTC 2026
✅ Commit 11 on Sun Jul  5 04:10:19 UTC 2026
✅ Commit 12 on Sun Jul  5 04:10:19 UTC 2026
✅ Commit 1 on Sun Jul  5 08:54:26 UTC 2026
✅ Commit 2 on Sun Jul  5 08:54:26 UTC 2026
✅ Commit 3 on Sun Jul  5 08:54:26 UTC 2026
✅ Commit 4 on Sun Jul  5 08:54:26 UTC 2026
✅ Commit 5 on Sun Jul  5 08:54:26 UTC 2026
✅ Commit 6 on Sun Jul  5 08:54:26 UTC 2026
✅ Commit 7 on Sun Jul  5 08:54:26 UTC 2026
✅ Commit 8 on Sun Jul  5 08:54:26 UTC 2026
✅ Commit 9 on Sun Jul  5 08:54:26 UTC 2026
✅ Commit 10 on Sun Jul  5 08:54:26 UTC 2026
✅ Commit 11 on Sun Jul  5 08:54:26 UTC 2026
✅ Commit 12 on Sun Jul  5 08:54:26 UTC 2026
✅ Commit 1 on Sun Jul  5 13:54:02 UTC 2026
✅ Commit 2 on Sun Jul  5 13:54:02 UTC 2026
✅ Commit 3 on Sun Jul  5 13:54:02 UTC 2026
✅ Commit 4 on Sun Jul  5 13:54:02 UTC 2026
✅ Commit 5 on Sun Jul  5 13:54:02 UTC 2026
✅ Commit 6 on Sun Jul  5 13:54:02 UTC 2026
✅ Commit 7 on Sun Jul  5 13:54:02 UTC 2026
✅ Commit 8 on Sun Jul  5 13:54:02 UTC 2026
✅ Commit 9 on Sun Jul  5 13:54:02 UTC 2026
✅ Commit 10 on Sun Jul  5 13:54:02 UTC 2026
✅ Commit 11 on Sun Jul  5 13:54:02 UTC 2026
✅ Commit 12 on Sun Jul  5 13:54:02 UTC 2026
✅ Commit 1 on Sun Jul  5 18:56:32 UTC 2026
✅ Commit 2 on Sun Jul  5 18:56:32 UTC 2026
✅ Commit 3 on Sun Jul  5 18:56:32 UTC 2026
✅ Commit 4 on Sun Jul  5 18:56:33 UTC 2026
✅ Commit 5 on Sun Jul  5 18:56:33 UTC 2026
✅ Commit 6 on Sun Jul  5 18:56:33 UTC 2026
✅ Commit 7 on Sun Jul  5 18:56:33 UTC 2026
✅ Commit 8 on Sun Jul  5 18:56:33 UTC 2026
✅ Commit 9 on Sun Jul  5 18:56:33 UTC 2026
✅ Commit 10 on Sun Jul  5 18:56:33 UTC 2026
✅ Commit 11 on Sun Jul  5 18:56:33 UTC 2026
✅ Commit 12 on Sun Jul  5 18:56:33 UTC 2026
✅ Commit 1 on Mon Jul  6 04:17:28 UTC 2026
✅ Commit 2 on Mon Jul  6 04:17:28 UTC 2026
✅ Commit 3 on Mon Jul  6 04:17:28 UTC 2026
✅ Commit 4 on Mon Jul  6 04:17:28 UTC 2026
✅ Commit 5 on Mon Jul  6 04:17:28 UTC 2026
✅ Commit 6 on Mon Jul  6 04:17:28 UTC 2026
✅ Commit 7 on Mon Jul  6 04:17:28 UTC 2026
✅ Commit 8 on Mon Jul  6 04:17:28 UTC 2026
✅ Commit 9 on Mon Jul  6 04:17:28 UTC 2026
✅ Commit 10 on Mon Jul  6 04:17:28 UTC 2026
✅ Commit 11 on Mon Jul  6 04:17:29 UTC 2026
✅ Commit 12 on Mon Jul  6 04:17:29 UTC 2026
✅ Commit 1 on Mon Jul  6 10:25:35 UTC 2026
✅ Commit 2 on Mon Jul  6 10:25:35 UTC 2026
✅ Commit 3 on Mon Jul  6 10:25:35 UTC 2026
✅ Commit 4 on Mon Jul  6 10:25:35 UTC 2026
✅ Commit 5 on Mon Jul  6 10:25:35 UTC 2026
✅ Commit 6 on Mon Jul  6 10:25:35 UTC 2026
✅ Commit 7 on Mon Jul  6 10:25:35 UTC 2026
✅ Commit 8 on Mon Jul  6 10:25:35 UTC 2026
✅ Commit 9 on Mon Jul  6 10:25:35 UTC 2026
✅ Commit 10 on Mon Jul  6 10:25:35 UTC 2026
✅ Commit 11 on Mon Jul  6 10:25:35 UTC 2026
✅ Commit 12 on Mon Jul  6 10:25:35 UTC 2026
✅ Commit 1 on Mon Jul  6 15:47:32 UTC 2026
✅ Commit 2 on Mon Jul  6 15:47:32 UTC 2026
✅ Commit 3 on Mon Jul  6 15:47:32 UTC 2026
✅ Commit 4 on Mon Jul  6 15:47:32 UTC 2026
✅ Commit 5 on Mon Jul  6 15:47:32 UTC 2026
✅ Commit 6 on Mon Jul  6 15:47:32 UTC 2026
✅ Commit 7 on Mon Jul  6 15:47:32 UTC 2026
✅ Commit 8 on Mon Jul  6 15:47:32 UTC 2026
✅ Commit 9 on Mon Jul  6 15:47:32 UTC 2026
✅ Commit 10 on Mon Jul  6 15:47:32 UTC 2026
✅ Commit 11 on Mon Jul  6 15:47:32 UTC 2026
✅ Commit 12 on Mon Jul  6 15:47:32 UTC 2026
✅ Commit 1 on Mon Jul  6 19:28:41 UTC 2026
✅ Commit 2 on Mon Jul  6 19:28:41 UTC 2026
✅ Commit 3 on Mon Jul  6 19:28:41 UTC 2026
✅ Commit 4 on Mon Jul  6 19:28:41 UTC 2026
✅ Commit 5 on Mon Jul  6 19:28:41 UTC 2026
✅ Commit 6 on Mon Jul  6 19:28:41 UTC 2026
✅ Commit 7 on Mon Jul  6 19:28:42 UTC 2026
✅ Commit 8 on Mon Jul  6 19:28:42 UTC 2026
✅ Commit 9 on Mon Jul  6 19:28:42 UTC 2026
✅ Commit 10 on Mon Jul  6 19:28:42 UTC 2026
✅ Commit 11 on Mon Jul  6 19:28:42 UTC 2026
✅ Commit 12 on Mon Jul  6 19:28:42 UTC 2026
✅ Commit 1 on Tue Jul  7 04:07:17 UTC 2026
✅ Commit 2 on Tue Jul  7 04:07:17 UTC 2026
✅ Commit 3 on Tue Jul  7 04:07:17 UTC 2026
✅ Commit 4 on Tue Jul  7 04:07:17 UTC 2026
✅ Commit 5 on Tue Jul  7 04:07:17 UTC 2026
✅ Commit 6 on Tue Jul  7 04:07:17 UTC 2026
✅ Commit 7 on Tue Jul  7 04:07:17 UTC 2026
✅ Commit 8 on Tue Jul  7 04:07:17 UTC 2026
✅ Commit 9 on Tue Jul  7 04:07:17 UTC 2026
✅ Commit 10 on Tue Jul  7 04:07:17 UTC 2026
✅ Commit 11 on Tue Jul  7 04:07:17 UTC 2026
✅ Commit 12 on Tue Jul  7 04:07:17 UTC 2026
✅ Commit 1 on Tue Jul  7 09:44:21 UTC 2026
✅ Commit 2 on Tue Jul  7 09:44:21 UTC 2026
✅ Commit 3 on Tue Jul  7 09:44:21 UTC 2026
✅ Commit 4 on Tue Jul  7 09:44:21 UTC 2026
✅ Commit 5 on Tue Jul  7 09:44:21 UTC 2026
✅ Commit 6 on Tue Jul  7 09:44:21 UTC 2026
✅ Commit 7 on Tue Jul  7 09:44:21 UTC 2026
✅ Commit 8 on Tue Jul  7 09:44:21 UTC 2026
✅ Commit 9 on Tue Jul  7 09:44:21 UTC 2026
✅ Commit 10 on Tue Jul  7 09:44:21 UTC 2026
✅ Commit 11 on Tue Jul  7 09:44:21 UTC 2026
✅ Commit 12 on Tue Jul  7 09:44:21 UTC 2026
✅ Commit 1 on Tue Jul  7 14:51:20 UTC 2026
✅ Commit 2 on Tue Jul  7 14:51:21 UTC 2026
✅ Commit 3 on Tue Jul  7 14:51:21 UTC 2026
✅ Commit 4 on Tue Jul  7 14:51:21 UTC 2026
✅ Commit 5 on Tue Jul  7 14:51:21 UTC 2026
✅ Commit 6 on Tue Jul  7 14:51:21 UTC 2026
✅ Commit 7 on Tue Jul  7 14:51:21 UTC 2026
✅ Commit 8 on Tue Jul  7 14:51:21 UTC 2026
✅ Commit 9 on Tue Jul  7 14:51:21 UTC 2026
✅ Commit 10 on Tue Jul  7 14:51:21 UTC 2026
✅ Commit 11 on Tue Jul  7 14:51:21 UTC 2026
✅ Commit 12 on Tue Jul  7 14:51:21 UTC 2026
✅ Commit 1 on Tue Jul  7 19:29:26 UTC 2026
✅ Commit 2 on Tue Jul  7 19:29:26 UTC 2026
✅ Commit 3 on Tue Jul  7 19:29:26 UTC 2026
✅ Commit 4 on Tue Jul  7 19:29:26 UTC 2026
✅ Commit 5 on Tue Jul  7 19:29:26 UTC 2026
✅ Commit 6 on Tue Jul  7 19:29:26 UTC 2026
✅ Commit 7 on Tue Jul  7 19:29:26 UTC 2026
✅ Commit 8 on Tue Jul  7 19:29:26 UTC 2026
✅ Commit 9 on Tue Jul  7 19:29:26 UTC 2026
✅ Commit 10 on Tue Jul  7 19:29:26 UTC 2026
✅ Commit 11 on Tue Jul  7 19:29:26 UTC 2026
✅ Commit 12 on Tue Jul  7 19:29:26 UTC 2026
✅ Commit 1 on Wed Jul  8 03:32:27 UTC 2026
✅ Commit 2 on Wed Jul  8 03:32:27 UTC 2026
✅ Commit 3 on Wed Jul  8 03:32:27 UTC 2026
✅ Commit 4 on Wed Jul  8 03:32:27 UTC 2026
✅ Commit 5 on Wed Jul  8 03:32:28 UTC 2026
✅ Commit 6 on Wed Jul  8 03:32:28 UTC 2026
✅ Commit 7 on Wed Jul  8 03:32:28 UTC 2026
✅ Commit 8 on Wed Jul  8 03:32:28 UTC 2026
✅ Commit 9 on Wed Jul  8 03:32:28 UTC 2026
✅ Commit 10 on Wed Jul  8 03:32:28 UTC 2026
✅ Commit 11 on Wed Jul  8 03:32:28 UTC 2026
✅ Commit 12 on Wed Jul  8 03:32:28 UTC 2026
✅ Commit 1 on Wed Jul  8 08:30:53 UTC 2026
✅ Commit 2 on Wed Jul  8 08:30:53 UTC 2026
✅ Commit 3 on Wed Jul  8 08:30:53 UTC 2026
✅ Commit 4 on Wed Jul  8 08:30:53 UTC 2026
✅ Commit 5 on Wed Jul  8 08:30:53 UTC 2026
✅ Commit 6 on Wed Jul  8 08:30:53 UTC 2026
✅ Commit 7 on Wed Jul  8 08:30:53 UTC 2026
✅ Commit 8 on Wed Jul  8 08:30:53 UTC 2026
✅ Commit 9 on Wed Jul  8 08:30:53 UTC 2026
✅ Commit 10 on Wed Jul  8 08:30:53 UTC 2026
✅ Commit 11 on Wed Jul  8 08:30:53 UTC 2026
✅ Commit 12 on Wed Jul  8 08:30:53 UTC 2026
✅ Commit 1 on Wed Jul  8 14:29:22 UTC 2026
✅ Commit 2 on Wed Jul  8 14:29:22 UTC 2026
✅ Commit 3 on Wed Jul  8 14:29:22 UTC 2026
✅ Commit 4 on Wed Jul  8 14:29:22 UTC 2026
✅ Commit 5 on Wed Jul  8 14:29:22 UTC 2026
✅ Commit 6 on Wed Jul  8 14:29:22 UTC 2026
✅ Commit 7 on Wed Jul  8 14:29:22 UTC 2026
✅ Commit 8 on Wed Jul  8 14:29:22 UTC 2026
✅ Commit 9 on Wed Jul  8 14:29:22 UTC 2026
✅ Commit 10 on Wed Jul  8 14:29:22 UTC 2026
✅ Commit 11 on Wed Jul  8 14:29:23 UTC 2026
✅ Commit 12 on Wed Jul  8 14:29:23 UTC 2026
✅ Commit 1 on Wed Jul  8 19:01:51 UTC 2026
✅ Commit 2 on Wed Jul  8 19:01:51 UTC 2026
✅ Commit 3 on Wed Jul  8 19:01:51 UTC 2026
✅ Commit 4 on Wed Jul  8 19:01:51 UTC 2026
✅ Commit 5 on Wed Jul  8 19:01:51 UTC 2026
✅ Commit 6 on Wed Jul  8 19:01:51 UTC 2026
✅ Commit 7 on Wed Jul  8 19:01:51 UTC 2026
✅ Commit 8 on Wed Jul  8 19:01:51 UTC 2026
✅ Commit 9 on Wed Jul  8 19:01:51 UTC 2026
✅ Commit 10 on Wed Jul  8 19:01:51 UTC 2026
✅ Commit 11 on Wed Jul  8 19:01:51 UTC 2026
✅ Commit 12 on Wed Jul  8 19:01:51 UTC 2026
✅ Commit 1 on Thu Jul  9 04:01:05 UTC 2026
✅ Commit 2 on Thu Jul  9 04:01:05 UTC 2026
✅ Commit 3 on Thu Jul  9 04:01:05 UTC 2026
✅ Commit 4 on Thu Jul  9 04:01:05 UTC 2026
✅ Commit 5 on Thu Jul  9 04:01:05 UTC 2026
✅ Commit 6 on Thu Jul  9 04:01:05 UTC 2026
✅ Commit 7 on Thu Jul  9 04:01:05 UTC 2026
✅ Commit 8 on Thu Jul  9 04:01:05 UTC 2026
✅ Commit 9 on Thu Jul  9 04:01:05 UTC 2026
✅ Commit 10 on Thu Jul  9 04:01:06 UTC 2026
✅ Commit 11 on Thu Jul  9 04:01:06 UTC 2026
✅ Commit 12 on Thu Jul  9 04:01:06 UTC 2026
✅ Commit 1 on Thu Jul  9 09:41:22 UTC 2026
✅ Commit 2 on Thu Jul  9 09:41:22 UTC 2026
✅ Commit 3 on Thu Jul  9 09:41:22 UTC 2026
✅ Commit 4 on Thu Jul  9 09:41:22 UTC 2026
✅ Commit 5 on Thu Jul  9 09:41:22 UTC 2026
✅ Commit 6 on Thu Jul  9 09:41:23 UTC 2026
✅ Commit 7 on Thu Jul  9 09:41:23 UTC 2026
✅ Commit 8 on Thu Jul  9 09:41:23 UTC 2026
✅ Commit 9 on Thu Jul  9 09:41:23 UTC 2026
✅ Commit 10 on Thu Jul  9 09:41:23 UTC 2026
✅ Commit 11 on Thu Jul  9 09:41:23 UTC 2026
✅ Commit 12 on Thu Jul  9 09:41:23 UTC 2026
✅ Commit 1 on Thu Jul  9 15:24:23 UTC 2026
✅ Commit 2 on Thu Jul  9 15:24:23 UTC 2026
✅ Commit 3 on Thu Jul  9 15:24:23 UTC 2026
✅ Commit 4 on Thu Jul  9 15:24:23 UTC 2026
✅ Commit 5 on Thu Jul  9 15:24:23 UTC 2026
✅ Commit 6 on Thu Jul  9 15:24:23 UTC 2026
✅ Commit 7 on Thu Jul  9 15:24:23 UTC 2026
✅ Commit 8 on Thu Jul  9 15:24:23 UTC 2026
✅ Commit 9 on Thu Jul  9 15:24:23 UTC 2026
✅ Commit 10 on Thu Jul  9 15:24:23 UTC 2026
✅ Commit 11 on Thu Jul  9 15:24:23 UTC 2026
✅ Commit 12 on Thu Jul  9 15:24:23 UTC 2026
✅ Commit 1 on Thu Jul  9 19:17:17 UTC 2026
✅ Commit 2 on Thu Jul  9 19:17:17 UTC 2026
✅ Commit 3 on Thu Jul  9 19:17:17 UTC 2026
✅ Commit 4 on Thu Jul  9 19:17:17 UTC 2026
✅ Commit 5 on Thu Jul  9 19:17:17 UTC 2026
✅ Commit 6 on Thu Jul  9 19:17:18 UTC 2026
✅ Commit 7 on Thu Jul  9 19:17:18 UTC 2026
✅ Commit 8 on Thu Jul  9 19:17:18 UTC 2026
✅ Commit 9 on Thu Jul  9 19:17:18 UTC 2026
✅ Commit 10 on Thu Jul  9 19:17:18 UTC 2026
✅ Commit 11 on Thu Jul  9 19:17:18 UTC 2026
✅ Commit 12 on Thu Jul  9 19:17:18 UTC 2026
✅ Commit 1 on Fri Jul 10 04:01:17 UTC 2026
✅ Commit 2 on Fri Jul 10 04:01:17 UTC 2026
✅ Commit 3 on Fri Jul 10 04:01:17 UTC 2026
✅ Commit 4 on Fri Jul 10 04:01:17 UTC 2026
✅ Commit 5 on Fri Jul 10 04:01:17 UTC 2026
✅ Commit 6 on Fri Jul 10 04:01:17 UTC 2026
✅ Commit 7 on Fri Jul 10 04:01:17 UTC 2026
✅ Commit 8 on Fri Jul 10 04:01:17 UTC 2026
✅ Commit 9 on Fri Jul 10 04:01:17 UTC 2026
✅ Commit 10 on Fri Jul 10 04:01:18 UTC 2026
✅ Commit 11 on Fri Jul 10 04:01:18 UTC 2026
✅ Commit 12 on Fri Jul 10 04:01:18 UTC 2026
✅ Commit 1 on Fri Jul 10 09:37:29 UTC 2026
✅ Commit 2 on Fri Jul 10 09:37:29 UTC 2026
✅ Commit 3 on Fri Jul 10 09:37:29 UTC 2026
✅ Commit 4 on Fri Jul 10 09:37:29 UTC 2026
✅ Commit 5 on Fri Jul 10 09:37:29 UTC 2026
✅ Commit 6 on Fri Jul 10 09:37:29 UTC 2026
✅ Commit 7 on Fri Jul 10 09:37:29 UTC 2026
✅ Commit 8 on Fri Jul 10 09:37:29 UTC 2026
✅ Commit 9 on Fri Jul 10 09:37:29 UTC 2026
✅ Commit 10 on Fri Jul 10 09:37:29 UTC 2026
✅ Commit 11 on Fri Jul 10 09:37:29 UTC 2026
✅ Commit 12 on Fri Jul 10 09:37:29 UTC 2026
✅ Commit 1 on Fri Jul 10 14:42:01 UTC 2026
✅ Commit 2 on Fri Jul 10 14:42:01 UTC 2026
✅ Commit 3 on Fri Jul 10 14:42:01 UTC 2026
✅ Commit 4 on Fri Jul 10 14:42:01 UTC 2026
✅ Commit 5 on Fri Jul 10 14:42:01 UTC 2026
✅ Commit 6 on Fri Jul 10 14:42:01 UTC 2026
✅ Commit 7 on Fri Jul 10 14:42:01 UTC 2026
✅ Commit 8 on Fri Jul 10 14:42:01 UTC 2026
✅ Commit 9 on Fri Jul 10 14:42:01 UTC 2026
✅ Commit 10 on Fri Jul 10 14:42:01 UTC 2026
✅ Commit 11 on Fri Jul 10 14:42:01 UTC 2026
✅ Commit 12 on Fri Jul 10 14:42:01 UTC 2026
✅ Commit 1 on Fri Jul 10 19:11:53 UTC 2026
✅ Commit 2 on Fri Jul 10 19:11:53 UTC 2026
✅ Commit 3 on Fri Jul 10 19:11:53 UTC 2026
✅ Commit 4 on Fri Jul 10 19:11:53 UTC 2026
✅ Commit 5 on Fri Jul 10 19:11:53 UTC 2026
✅ Commit 6 on Fri Jul 10 19:11:53 UTC 2026
✅ Commit 7 on Fri Jul 10 19:11:53 UTC 2026
✅ Commit 8 on Fri Jul 10 19:11:53 UTC 2026
✅ Commit 9 on Fri Jul 10 19:11:53 UTC 2026
✅ Commit 10 on Fri Jul 10 19:11:53 UTC 2026
✅ Commit 11 on Fri Jul 10 19:11:53 UTC 2026
✅ Commit 12 on Fri Jul 10 19:11:53 UTC 2026
✅ Commit 1 on Sat Jul 11 03:28:13 UTC 2026
✅ Commit 2 on Sat Jul 11 03:28:13 UTC 2026
✅ Commit 3 on Sat Jul 11 03:28:13 UTC 2026
✅ Commit 4 on Sat Jul 11 03:28:13 UTC 2026
✅ Commit 5 on Sat Jul 11 03:28:13 UTC 2026
✅ Commit 6 on Sat Jul 11 03:28:13 UTC 2026
✅ Commit 7 on Sat Jul 11 03:28:13 UTC 2026
✅ Commit 8 on Sat Jul 11 03:28:13 UTC 2026
✅ Commit 9 on Sat Jul 11 03:28:13 UTC 2026
✅ Commit 10 on Sat Jul 11 03:28:13 UTC 2026
✅ Commit 11 on Sat Jul 11 03:28:13 UTC 2026
✅ Commit 12 on Sat Jul 11 03:28:13 UTC 2026
✅ Commit 1 on Sat Jul 11 07:57:59 UTC 2026
✅ Commit 2 on Sat Jul 11 07:57:59 UTC 2026
✅ Commit 3 on Sat Jul 11 07:57:59 UTC 2026
✅ Commit 4 on Sat Jul 11 07:57:59 UTC 2026
✅ Commit 5 on Sat Jul 11 07:57:59 UTC 2026
✅ Commit 6 on Sat Jul 11 07:57:59 UTC 2026
✅ Commit 7 on Sat Jul 11 07:57:59 UTC 2026
✅ Commit 8 on Sat Jul 11 07:57:59 UTC 2026
✅ Commit 9 on Sat Jul 11 07:57:59 UTC 2026
✅ Commit 10 on Sat Jul 11 07:57:59 UTC 2026
✅ Commit 11 on Sat Jul 11 07:57:59 UTC 2026
✅ Commit 12 on Sat Jul 11 07:57:59 UTC 2026
✅ Commit 1 on Sat Jul 11 13:40:40 UTC 2026
✅ Commit 2 on Sat Jul 11 13:40:40 UTC 2026
✅ Commit 3 on Sat Jul 11 13:40:40 UTC 2026
✅ Commit 4 on Sat Jul 11 13:40:40 UTC 2026
✅ Commit 5 on Sat Jul 11 13:40:40 UTC 2026
✅ Commit 6 on Sat Jul 11 13:40:40 UTC 2026
✅ Commit 7 on Sat Jul 11 13:40:40 UTC 2026
✅ Commit 8 on Sat Jul 11 13:40:40 UTC 2026
✅ Commit 9 on Sat Jul 11 13:40:40 UTC 2026
✅ Commit 10 on Sat Jul 11 13:40:40 UTC 2026
✅ Commit 11 on Sat Jul 11 13:40:40 UTC 2026
✅ Commit 12 on Sat Jul 11 13:40:40 UTC 2026
✅ Commit 1 on Sat Jul 11 18:40:55 UTC 2026
✅ Commit 2 on Sat Jul 11 18:40:55 UTC 2026
✅ Commit 3 on Sat Jul 11 18:40:55 UTC 2026
✅ Commit 4 on Sat Jul 11 18:40:55 UTC 2026
✅ Commit 5 on Sat Jul 11 18:40:55 UTC 2026
✅ Commit 6 on Sat Jul 11 18:40:55 UTC 2026
✅ Commit 7 on Sat Jul 11 18:40:55 UTC 2026
✅ Commit 8 on Sat Jul 11 18:40:55 UTC 2026
✅ Commit 9 on Sat Jul 11 18:40:55 UTC 2026
✅ Commit 10 on Sat Jul 11 18:40:55 UTC 2026
✅ Commit 11 on Sat Jul 11 18:40:55 UTC 2026
✅ Commit 12 on Sat Jul 11 18:40:55 UTC 2026
✅ Commit 1 on Sun Jul 12 03:39:40 UTC 2026
✅ Commit 2 on Sun Jul 12 03:39:40 UTC 2026
✅ Commit 3 on Sun Jul 12 03:39:40 UTC 2026
✅ Commit 4 on Sun Jul 12 03:39:40 UTC 2026
✅ Commit 5 on Sun Jul 12 03:39:40 UTC 2026
✅ Commit 6 on Sun Jul 12 03:39:40 UTC 2026
✅ Commit 7 on Sun Jul 12 03:39:40 UTC 2026
✅ Commit 8 on Sun Jul 12 03:39:40 UTC 2026
✅ Commit 9 on Sun Jul 12 03:39:40 UTC 2026
✅ Commit 10 on Sun Jul 12 03:39:40 UTC 2026
✅ Commit 11 on Sun Jul 12 03:39:40 UTC 2026
✅ Commit 12 on Sun Jul 12 03:39:40 UTC 2026
✅ Commit 1 on Sun Jul 12 08:19:41 UTC 2026
✅ Commit 2 on Sun Jul 12 08:19:41 UTC 2026
✅ Commit 3 on Sun Jul 12 08:19:41 UTC 2026
✅ Commit 4 on Sun Jul 12 08:19:41 UTC 2026
✅ Commit 5 on Sun Jul 12 08:19:41 UTC 2026
✅ Commit 6 on Sun Jul 12 08:19:41 UTC 2026
✅ Commit 7 on Sun Jul 12 08:19:41 UTC 2026
✅ Commit 8 on Sun Jul 12 08:19:41 UTC 2026
✅ Commit 9 on Sun Jul 12 08:19:41 UTC 2026
✅ Commit 10 on Sun Jul 12 08:19:41 UTC 2026
✅ Commit 11 on Sun Jul 12 08:19:41 UTC 2026
✅ Commit 12 on Sun Jul 12 08:19:41 UTC 2026
✅ Commit 1 on Sun Jul 12 13:41:06 UTC 2026
✅ Commit 2 on Sun Jul 12 13:41:06 UTC 2026
✅ Commit 3 on Sun Jul 12 13:41:06 UTC 2026
✅ Commit 4 on Sun Jul 12 13:41:06 UTC 2026
✅ Commit 5 on Sun Jul 12 13:41:06 UTC 2026
✅ Commit 6 on Sun Jul 12 13:41:06 UTC 2026
✅ Commit 7 on Sun Jul 12 13:41:06 UTC 2026
✅ Commit 8 on Sun Jul 12 13:41:06 UTC 2026
✅ Commit 9 on Sun Jul 12 13:41:06 UTC 2026
✅ Commit 10 on Sun Jul 12 13:41:06 UTC 2026
✅ Commit 11 on Sun Jul 12 13:41:06 UTC 2026
✅ Commit 12 on Sun Jul 12 13:41:06 UTC 2026
✅ Commit 1 on Sun Jul 12 18:44:47 UTC 2026
✅ Commit 2 on Sun Jul 12 18:44:47 UTC 2026
✅ Commit 3 on Sun Jul 12 18:44:47 UTC 2026
✅ Commit 4 on Sun Jul 12 18:44:47 UTC 2026
✅ Commit 5 on Sun Jul 12 18:44:47 UTC 2026
✅ Commit 6 on Sun Jul 12 18:44:47 UTC 2026
✅ Commit 7 on Sun Jul 12 18:44:47 UTC 2026
✅ Commit 8 on Sun Jul 12 18:44:47 UTC 2026
✅ Commit 9 on Sun Jul 12 18:44:47 UTC 2026
✅ Commit 10 on Sun Jul 12 18:44:47 UTC 2026
✅ Commit 11 on Sun Jul 12 18:44:47 UTC 2026
✅ Commit 12 on Sun Jul 12 18:44:47 UTC 2026
✅ Commit 1 on Mon Jul 13 03:41:24 UTC 2026
✅ Commit 2 on Mon Jul 13 03:41:24 UTC 2026
✅ Commit 3 on Mon Jul 13 03:41:24 UTC 2026
✅ Commit 4 on Mon Jul 13 03:41:24 UTC 2026
✅ Commit 5 on Mon Jul 13 03:41:24 UTC 2026
✅ Commit 6 on Mon Jul 13 03:41:24 UTC 2026
✅ Commit 7 on Mon Jul 13 03:41:24 UTC 2026
✅ Commit 8 on Mon Jul 13 03:41:24 UTC 2026
✅ Commit 9 on Mon Jul 13 03:41:24 UTC 2026
✅ Commit 10 on Mon Jul 13 03:41:24 UTC 2026
✅ Commit 11 on Mon Jul 13 03:41:24 UTC 2026
✅ Commit 12 on Mon Jul 13 03:41:24 UTC 2026
✅ Commit 1 on Mon Jul 13 09:29:45 UTC 2026
✅ Commit 2 on Mon Jul 13 09:29:45 UTC 2026
✅ Commit 3 on Mon Jul 13 09:29:45 UTC 2026
✅ Commit 4 on Mon Jul 13 09:29:45 UTC 2026
✅ Commit 5 on Mon Jul 13 09:29:45 UTC 2026
✅ Commit 6 on Mon Jul 13 09:29:45 UTC 2026
✅ Commit 7 on Mon Jul 13 09:29:45 UTC 2026
✅ Commit 8 on Mon Jul 13 09:29:45 UTC 2026
✅ Commit 9 on Mon Jul 13 09:29:45 UTC 2026
✅ Commit 10 on Mon Jul 13 09:29:45 UTC 2026
✅ Commit 11 on Mon Jul 13 09:29:45 UTC 2026
✅ Commit 12 on Mon Jul 13 09:29:45 UTC 2026
✅ Commit 1 on Mon Jul 13 14:49:15 UTC 2026
✅ Commit 2 on Mon Jul 13 14:49:15 UTC 2026
✅ Commit 3 on Mon Jul 13 14:49:15 UTC 2026
✅ Commit 4 on Mon Jul 13 14:49:15 UTC 2026
✅ Commit 5 on Mon Jul 13 14:49:15 UTC 2026
✅ Commit 6 on Mon Jul 13 14:49:15 UTC 2026
✅ Commit 7 on Mon Jul 13 14:49:15 UTC 2026
✅ Commit 8 on Mon Jul 13 14:49:16 UTC 2026
✅ Commit 9 on Mon Jul 13 14:49:16 UTC 2026
✅ Commit 10 on Mon Jul 13 14:49:16 UTC 2026
✅ Commit 11 on Mon Jul 13 14:49:16 UTC 2026
✅ Commit 12 on Mon Jul 13 14:49:16 UTC 2026
✅ Commit 1 on Mon Jul 13 19:07:18 UTC 2026
✅ Commit 2 on Mon Jul 13 19:07:18 UTC 2026
✅ Commit 3 on Mon Jul 13 19:07:18 UTC 2026
✅ Commit 4 on Mon Jul 13 19:07:18 UTC 2026
✅ Commit 5 on Mon Jul 13 19:07:18 UTC 2026
✅ Commit 6 on Mon Jul 13 19:07:18 UTC 2026
✅ Commit 7 on Mon Jul 13 19:07:18 UTC 2026
✅ Commit 8 on Mon Jul 13 19:07:18 UTC 2026
✅ Commit 9 on Mon Jul 13 19:07:18 UTC 2026
✅ Commit 10 on Mon Jul 13 19:07:18 UTC 2026
✅ Commit 11 on Mon Jul 13 19:07:18 UTC 2026
✅ Commit 12 on Mon Jul 13 19:07:18 UTC 2026
✅ Commit 1 on Tue Jul 14 03:16:50 UTC 2026
✅ Commit 2 on Tue Jul 14 03:16:50 UTC 2026
✅ Commit 3 on Tue Jul 14 03:16:50 UTC 2026
✅ Commit 4 on Tue Jul 14 03:16:50 UTC 2026
✅ Commit 5 on Tue Jul 14 03:16:50 UTC 2026
✅ Commit 6 on Tue Jul 14 03:16:50 UTC 2026
✅ Commit 7 on Tue Jul 14 03:16:50 UTC 2026
✅ Commit 8 on Tue Jul 14 03:16:50 UTC 2026
✅ Commit 9 on Tue Jul 14 03:16:50 UTC 2026
✅ Commit 10 on Tue Jul 14 03:16:50 UTC 2026
✅ Commit 11 on Tue Jul 14 03:16:50 UTC 2026
✅ Commit 12 on Tue Jul 14 03:16:51 UTC 2026
✅ Commit 1 on Tue Jul 14 08:07:44 UTC 2026
✅ Commit 2 on Tue Jul 14 08:07:44 UTC 2026
✅ Commit 3 on Tue Jul 14 08:07:44 UTC 2026
✅ Commit 4 on Tue Jul 14 08:07:44 UTC 2026
✅ Commit 5 on Tue Jul 14 08:07:44 UTC 2026
✅ Commit 6 on Tue Jul 14 08:07:44 UTC 2026
✅ Commit 7 on Tue Jul 14 08:07:44 UTC 2026
✅ Commit 8 on Tue Jul 14 08:07:44 UTC 2026
✅ Commit 9 on Tue Jul 14 08:07:44 UTC 2026
✅ Commit 10 on Tue Jul 14 08:07:44 UTC 2026
✅ Commit 11 on Tue Jul 14 08:07:44 UTC 2026
✅ Commit 12 on Tue Jul 14 08:07:44 UTC 2026
✅ Commit 1 on Tue Jul 14 13:58:59 UTC 2026
✅ Commit 2 on Tue Jul 14 13:58:59 UTC 2026
✅ Commit 3 on Tue Jul 14 13:58:59 UTC 2026
✅ Commit 4 on Tue Jul 14 13:58:59 UTC 2026
✅ Commit 5 on Tue Jul 14 13:59:00 UTC 2026
✅ Commit 6 on Tue Jul 14 13:59:00 UTC 2026
✅ Commit 7 on Tue Jul 14 13:59:00 UTC 2026
✅ Commit 8 on Tue Jul 14 13:59:00 UTC 2026
✅ Commit 9 on Tue Jul 14 13:59:00 UTC 2026
✅ Commit 10 on Tue Jul 14 13:59:00 UTC 2026
✅ Commit 11 on Tue Jul 14 13:59:00 UTC 2026
✅ Commit 12 on Tue Jul 14 13:59:00 UTC 2026
✅ Commit 1 on Tue Jul 14 18:57:54 UTC 2026
✅ Commit 2 on Tue Jul 14 18:57:54 UTC 2026
✅ Commit 3 on Tue Jul 14 18:57:54 UTC 2026
✅ Commit 4 on Tue Jul 14 18:57:54 UTC 2026
✅ Commit 5 on Tue Jul 14 18:57:54 UTC 2026
✅ Commit 6 on Tue Jul 14 18:57:54 UTC 2026
✅ Commit 7 on Tue Jul 14 18:57:54 UTC 2026
✅ Commit 8 on Tue Jul 14 18:57:54 UTC 2026
✅ Commit 9 on Tue Jul 14 18:57:54 UTC 2026
✅ Commit 10 on Tue Jul 14 18:57:54 UTC 2026
✅ Commit 11 on Tue Jul 14 18:57:54 UTC 2026
✅ Commit 12 on Tue Jul 14 18:57:54 UTC 2026
✅ Commit 1 on Wed Jul 15 03:16:21 UTC 2026
✅ Commit 2 on Wed Jul 15 03:16:21 UTC 2026
✅ Commit 3 on Wed Jul 15 03:16:21 UTC 2026
✅ Commit 4 on Wed Jul 15 03:16:21 UTC 2026
✅ Commit 5 on Wed Jul 15 03:16:21 UTC 2026
✅ Commit 6 on Wed Jul 15 03:16:21 UTC 2026
✅ Commit 7 on Wed Jul 15 03:16:21 UTC 2026
✅ Commit 8 on Wed Jul 15 03:16:21 UTC 2026
✅ Commit 9 on Wed Jul 15 03:16:21 UTC 2026
✅ Commit 10 on Wed Jul 15 03:16:21 UTC 2026
✅ Commit 11 on Wed Jul 15 03:16:21 UTC 2026
✅ Commit 12 on Wed Jul 15 03:16:21 UTC 2026
✅ Commit 1 on Wed Jul 15 08:13:24 UTC 2026
✅ Commit 2 on Wed Jul 15 08:13:24 UTC 2026
✅ Commit 3 on Wed Jul 15 08:13:24 UTC 2026
✅ Commit 4 on Wed Jul 15 08:13:24 UTC 2026
✅ Commit 5 on Wed Jul 15 08:13:24 UTC 2026
✅ Commit 6 on Wed Jul 15 08:13:24 UTC 2026
✅ Commit 7 on Wed Jul 15 08:13:24 UTC 2026
✅ Commit 8 on Wed Jul 15 08:13:24 UTC 2026
✅ Commit 9 on Wed Jul 15 08:13:24 UTC 2026
✅ Commit 10 on Wed Jul 15 08:13:24 UTC 2026
✅ Commit 11 on Wed Jul 15 08:13:24 UTC 2026
✅ Commit 12 on Wed Jul 15 08:13:24 UTC 2026
✅ Commit 1 on Wed Jul 15 13:56:09 UTC 2026
✅ Commit 2 on Wed Jul 15 13:56:09 UTC 2026
✅ Commit 3 on Wed Jul 15 13:56:09 UTC 2026
✅ Commit 4 on Wed Jul 15 13:56:09 UTC 2026
✅ Commit 5 on Wed Jul 15 13:56:09 UTC 2026
✅ Commit 6 on Wed Jul 15 13:56:09 UTC 2026
✅ Commit 7 on Wed Jul 15 13:56:09 UTC 2026
✅ Commit 8 on Wed Jul 15 13:56:09 UTC 2026
✅ Commit 9 on Wed Jul 15 13:56:09 UTC 2026
✅ Commit 10 on Wed Jul 15 13:56:09 UTC 2026
✅ Commit 11 on Wed Jul 15 13:56:09 UTC 2026
✅ Commit 12 on Wed Jul 15 13:56:09 UTC 2026
✅ Commit 1 on Wed Jul 15 18:50:48 UTC 2026
✅ Commit 2 on Wed Jul 15 18:50:48 UTC 2026
✅ Commit 3 on Wed Jul 15 18:50:48 UTC 2026
✅ Commit 4 on Wed Jul 15 18:50:48 UTC 2026
✅ Commit 5 on Wed Jul 15 18:50:48 UTC 2026
✅ Commit 6 on Wed Jul 15 18:50:48 UTC 2026
✅ Commit 7 on Wed Jul 15 18:50:48 UTC 2026
✅ Commit 8 on Wed Jul 15 18:50:48 UTC 2026
✅ Commit 9 on Wed Jul 15 18:50:48 UTC 2026
✅ Commit 10 on Wed Jul 15 18:50:48 UTC 2026
✅ Commit 11 on Wed Jul 15 18:50:48 UTC 2026
✅ Commit 12 on Wed Jul 15 18:50:48 UTC 2026
✅ Commit 1 on Thu Jul 16 03:23:16 UTC 2026
✅ Commit 2 on Thu Jul 16 03:23:16 UTC 2026
✅ Commit 3 on Thu Jul 16 03:23:16 UTC 2026
✅ Commit 4 on Thu Jul 16 03:23:16 UTC 2026
✅ Commit 5 on Thu Jul 16 03:23:16 UTC 2026
✅ Commit 6 on Thu Jul 16 03:23:16 UTC 2026
✅ Commit 7 on Thu Jul 16 03:23:16 UTC 2026
✅ Commit 8 on Thu Jul 16 03:23:16 UTC 2026
✅ Commit 9 on Thu Jul 16 03:23:16 UTC 2026
✅ Commit 10 on Thu Jul 16 03:23:16 UTC 2026
✅ Commit 11 on Thu Jul 16 03:23:16 UTC 2026
✅ Commit 12 on Thu Jul 16 03:23:16 UTC 2026
✅ Commit 1 on Thu Jul 16 08:15:53 UTC 2026
✅ Commit 2 on Thu Jul 16 08:15:53 UTC 2026
✅ Commit 3 on Thu Jul 16 08:15:53 UTC 2026
✅ Commit 4 on Thu Jul 16 08:15:53 UTC 2026
✅ Commit 5 on Thu Jul 16 08:15:53 UTC 2026
✅ Commit 6 on Thu Jul 16 08:15:53 UTC 2026
✅ Commit 7 on Thu Jul 16 08:15:53 UTC 2026
✅ Commit 8 on Thu Jul 16 08:15:53 UTC 2026
✅ Commit 9 on Thu Jul 16 08:15:53 UTC 2026
✅ Commit 10 on Thu Jul 16 08:15:53 UTC 2026
✅ Commit 11 on Thu Jul 16 08:15:53 UTC 2026
✅ Commit 12 on Thu Jul 16 08:15:53 UTC 2026
✅ Commit 1 on Thu Jul 16 14:08:02 UTC 2026
✅ Commit 2 on Thu Jul 16 14:08:02 UTC 2026
✅ Commit 3 on Thu Jul 16 14:08:02 UTC 2026
✅ Commit 4 on Thu Jul 16 14:08:02 UTC 2026
✅ Commit 5 on Thu Jul 16 14:08:02 UTC 2026
✅ Commit 6 on Thu Jul 16 14:08:02 UTC 2026
✅ Commit 7 on Thu Jul 16 14:08:02 UTC 2026
✅ Commit 8 on Thu Jul 16 14:08:02 UTC 2026
✅ Commit 9 on Thu Jul 16 14:08:02 UTC 2026
✅ Commit 10 on Thu Jul 16 14:08:02 UTC 2026
✅ Commit 11 on Thu Jul 16 14:08:02 UTC 2026
✅ Commit 12 on Thu Jul 16 14:08:02 UTC 2026
✅ Commit 1 on Thu Jul 16 18:51:53 UTC 2026
✅ Commit 2 on Thu Jul 16 18:51:53 UTC 2026
✅ Commit 3 on Thu Jul 16 18:51:53 UTC 2026
✅ Commit 4 on Thu Jul 16 18:51:53 UTC 2026
✅ Commit 5 on Thu Jul 16 18:51:53 UTC 2026
✅ Commit 6 on Thu Jul 16 18:51:53 UTC 2026
✅ Commit 7 on Thu Jul 16 18:51:53 UTC 2026
✅ Commit 8 on Thu Jul 16 18:51:53 UTC 2026
✅ Commit 9 on Thu Jul 16 18:51:53 UTC 2026
✅ Commit 10 on Thu Jul 16 18:51:53 UTC 2026
✅ Commit 11 on Thu Jul 16 18:51:53 UTC 2026
✅ Commit 12 on Thu Jul 16 18:51:53 UTC 2026
✅ Commit 1 on Fri Jul 17 03:26:01 UTC 2026
✅ Commit 2 on Fri Jul 17 03:26:01 UTC 2026
✅ Commit 3 on Fri Jul 17 03:26:01 UTC 2026
✅ Commit 4 on Fri Jul 17 03:26:01 UTC 2026
✅ Commit 5 on Fri Jul 17 03:26:01 UTC 2026
✅ Commit 6 on Fri Jul 17 03:26:01 UTC 2026
✅ Commit 7 on Fri Jul 17 03:26:01 UTC 2026
✅ Commit 8 on Fri Jul 17 03:26:01 UTC 2026
✅ Commit 9 on Fri Jul 17 03:26:01 UTC 2026
✅ Commit 10 on Fri Jul 17 03:26:01 UTC 2026
✅ Commit 11 on Fri Jul 17 03:26:01 UTC 2026
✅ Commit 12 on Fri Jul 17 03:26:01 UTC 2026
✅ Commit 1 on Fri Jul 17 08:11:19 UTC 2026
✅ Commit 2 on Fri Jul 17 08:11:19 UTC 2026
✅ Commit 3 on Fri Jul 17 08:11:19 UTC 2026
✅ Commit 4 on Fri Jul 17 08:11:19 UTC 2026
✅ Commit 5 on Fri Jul 17 08:11:19 UTC 2026
✅ Commit 6 on Fri Jul 17 08:11:19 UTC 2026
✅ Commit 7 on Fri Jul 17 08:11:19 UTC 2026
✅ Commit 8 on Fri Jul 17 08:11:19 UTC 2026
✅ Commit 9 on Fri Jul 17 08:11:19 UTC 2026
✅ Commit 10 on Fri Jul 17 08:11:19 UTC 2026
✅ Commit 11 on Fri Jul 17 08:11:19 UTC 2026
✅ Commit 12 on Fri Jul 17 08:11:19 UTC 2026
✅ Commit 1 on Fri Jul 17 13:51:57 UTC 2026
✅ Commit 2 on Fri Jul 17 13:51:57 UTC 2026
✅ Commit 3 on Fri Jul 17 13:51:57 UTC 2026
✅ Commit 4 on Fri Jul 17 13:51:57 UTC 2026
✅ Commit 5 on Fri Jul 17 13:51:57 UTC 2026
✅ Commit 6 on Fri Jul 17 13:51:57 UTC 2026
✅ Commit 7 on Fri Jul 17 13:51:57 UTC 2026
✅ Commit 8 on Fri Jul 17 13:51:57 UTC 2026
✅ Commit 9 on Fri Jul 17 13:51:57 UTC 2026
✅ Commit 10 on Fri Jul 17 13:51:57 UTC 2026
✅ Commit 11 on Fri Jul 17 13:51:58 UTC 2026
✅ Commit 12 on Fri Jul 17 13:51:58 UTC 2026
✅ Commit 1 on Fri Jul 17 18:49:05 UTC 2026
✅ Commit 2 on Fri Jul 17 18:49:05 UTC 2026
✅ Commit 3 on Fri Jul 17 18:49:05 UTC 2026
✅ Commit 4 on Fri Jul 17 18:49:05 UTC 2026
✅ Commit 5 on Fri Jul 17 18:49:05 UTC 2026
✅ Commit 6 on Fri Jul 17 18:49:05 UTC 2026
✅ Commit 7 on Fri Jul 17 18:49:05 UTC 2026
✅ Commit 8 on Fri Jul 17 18:49:05 UTC 2026
✅ Commit 9 on Fri Jul 17 18:49:05 UTC 2026
✅ Commit 10 on Fri Jul 17 18:49:05 UTC 2026
✅ Commit 11 on Fri Jul 17 18:49:05 UTC 2026
✅ Commit 12 on Fri Jul 17 18:49:05 UTC 2026
✅ Commit 1 on Sat Jul 18 03:15:33 UTC 2026
✅ Commit 2 on Sat Jul 18 03:15:33 UTC 2026
✅ Commit 3 on Sat Jul 18 03:15:33 UTC 2026
✅ Commit 4 on Sat Jul 18 03:15:33 UTC 2026
✅ Commit 5 on Sat Jul 18 03:15:33 UTC 2026
✅ Commit 6 on Sat Jul 18 03:15:33 UTC 2026
✅ Commit 7 on Sat Jul 18 03:15:33 UTC 2026
✅ Commit 8 on Sat Jul 18 03:15:33 UTC 2026
✅ Commit 9 on Sat Jul 18 03:15:33 UTC 2026
✅ Commit 10 on Sat Jul 18 03:15:33 UTC 2026
✅ Commit 11 on Sat Jul 18 03:15:33 UTC 2026
✅ Commit 12 on Sat Jul 18 03:15:33 UTC 2026
✅ Commit 1 on Sat Jul 18 07:52:58 UTC 2026
✅ Commit 2 on Sat Jul 18 07:52:58 UTC 2026
✅ Commit 3 on Sat Jul 18 07:52:58 UTC 2026
✅ Commit 4 on Sat Jul 18 07:52:58 UTC 2026
✅ Commit 5 on Sat Jul 18 07:52:58 UTC 2026
✅ Commit 6 on Sat Jul 18 07:52:58 UTC 2026
✅ Commit 7 on Sat Jul 18 07:52:58 UTC 2026
✅ Commit 8 on Sat Jul 18 07:52:58 UTC 2026
✅ Commit 9 on Sat Jul 18 07:52:58 UTC 2026
✅ Commit 10 on Sat Jul 18 07:52:58 UTC 2026
✅ Commit 11 on Sat Jul 18 07:52:58 UTC 2026
✅ Commit 12 on Sat Jul 18 07:52:58 UTC 2026
✅ Commit 1 on Sat Jul 18 13:35:31 UTC 2026
✅ Commit 2 on Sat Jul 18 13:35:31 UTC 2026
✅ Commit 3 on Sat Jul 18 13:35:31 UTC 2026
✅ Commit 4 on Sat Jul 18 13:35:31 UTC 2026
✅ Commit 5 on Sat Jul 18 13:35:31 UTC 2026
✅ Commit 6 on Sat Jul 18 13:35:31 UTC 2026
✅ Commit 7 on Sat Jul 18 13:35:31 UTC 2026
✅ Commit 8 on Sat Jul 18 13:35:31 UTC 2026
✅ Commit 9 on Sat Jul 18 13:35:31 UTC 2026
✅ Commit 10 on Sat Jul 18 13:35:31 UTC 2026
✅ Commit 11 on Sat Jul 18 13:35:31 UTC 2026
✅ Commit 12 on Sat Jul 18 13:35:31 UTC 2026
✅ Commit 1 on Sat Jul 18 18:42:16 UTC 2026
✅ Commit 2 on Sat Jul 18 18:42:16 UTC 2026
✅ Commit 3 on Sat Jul 18 18:42:16 UTC 2026
✅ Commit 4 on Sat Jul 18 18:42:16 UTC 2026
✅ Commit 5 on Sat Jul 18 18:42:16 UTC 2026
✅ Commit 6 on Sat Jul 18 18:42:16 UTC 2026
✅ Commit 7 on Sat Jul 18 18:42:16 UTC 2026
✅ Commit 8 on Sat Jul 18 18:42:16 UTC 2026
✅ Commit 9 on Sat Jul 18 18:42:16 UTC 2026
✅ Commit 10 on Sat Jul 18 18:42:16 UTC 2026
✅ Commit 11 on Sat Jul 18 18:42:16 UTC 2026
✅ Commit 12 on Sat Jul 18 18:42:16 UTC 2026
✅ Commit 1 on Sun Jul 19 03:35:54 UTC 2026
✅ Commit 2 on Sun Jul 19 03:35:54 UTC 2026
✅ Commit 3 on Sun Jul 19 03:35:54 UTC 2026
✅ Commit 4 on Sun Jul 19 03:35:54 UTC 2026
✅ Commit 5 on Sun Jul 19 03:35:54 UTC 2026
✅ Commit 6 on Sun Jul 19 03:35:54 UTC 2026
✅ Commit 7 on Sun Jul 19 03:35:54 UTC 2026
✅ Commit 8 on Sun Jul 19 03:35:54 UTC 2026
✅ Commit 9 on Sun Jul 19 03:35:54 UTC 2026
✅ Commit 10 on Sun Jul 19 03:35:54 UTC 2026
✅ Commit 11 on Sun Jul 19 03:35:54 UTC 2026
✅ Commit 12 on Sun Jul 19 03:35:54 UTC 2026
✅ Commit 1 on Sun Jul 19 08:21:10 UTC 2026
✅ Commit 2 on Sun Jul 19 08:21:10 UTC 2026
✅ Commit 3 on Sun Jul 19 08:21:10 UTC 2026
✅ Commit 4 on Sun Jul 19 08:21:10 UTC 2026
✅ Commit 5 on Sun Jul 19 08:21:10 UTC 2026
✅ Commit 6 on Sun Jul 19 08:21:10 UTC 2026
✅ Commit 7 on Sun Jul 19 08:21:10 UTC 2026
✅ Commit 8 on Sun Jul 19 08:21:10 UTC 2026
✅ Commit 9 on Sun Jul 19 08:21:10 UTC 2026
✅ Commit 10 on Sun Jul 19 08:21:10 UTC 2026
✅ Commit 11 on Sun Jul 19 08:21:10 UTC 2026
✅ Commit 12 on Sun Jul 19 08:21:10 UTC 2026
✅ Commit 1 on Sun Jul 19 13:37:56 UTC 2026
✅ Commit 2 on Sun Jul 19 13:37:56 UTC 2026
✅ Commit 3 on Sun Jul 19 13:37:56 UTC 2026
✅ Commit 4 on Sun Jul 19 13:37:56 UTC 2026
✅ Commit 5 on Sun Jul 19 13:37:56 UTC 2026
✅ Commit 6 on Sun Jul 19 13:37:57 UTC 2026
✅ Commit 7 on Sun Jul 19 13:37:57 UTC 2026
✅ Commit 8 on Sun Jul 19 13:37:57 UTC 2026
✅ Commit 9 on Sun Jul 19 13:37:57 UTC 2026
✅ Commit 10 on Sun Jul 19 13:37:57 UTC 2026
✅ Commit 11 on Sun Jul 19 13:37:57 UTC 2026
✅ Commit 12 on Sun Jul 19 13:37:57 UTC 2026
✅ Commit 1 on Sun Jul 19 18:44:35 UTC 2026
✅ Commit 2 on Sun Jul 19 18:44:35 UTC 2026
✅ Commit 3 on Sun Jul 19 18:44:35 UTC 2026
✅ Commit 4 on Sun Jul 19 18:44:35 UTC 2026
✅ Commit 5 on Sun Jul 19 18:44:36 UTC 2026
✅ Commit 6 on Sun Jul 19 18:44:36 UTC 2026
✅ Commit 7 on Sun Jul 19 18:44:36 UTC 2026
✅ Commit 8 on Sun Jul 19 18:44:36 UTC 2026
✅ Commit 9 on Sun Jul 19 18:44:36 UTC 2026
✅ Commit 10 on Sun Jul 19 18:44:36 UTC 2026
✅ Commit 11 on Sun Jul 19 18:44:36 UTC 2026
✅ Commit 12 on Sun Jul 19 18:44:36 UTC 2026
✅ Commit 1 on Mon Jul 20 03:50:11 UTC 2026
✅ Commit 2 on Mon Jul 20 03:50:12 UTC 2026
✅ Commit 3 on Mon Jul 20 03:50:12 UTC 2026
✅ Commit 4 on Mon Jul 20 03:50:12 UTC 2026
✅ Commit 5 on Mon Jul 20 03:50:12 UTC 2026
✅ Commit 6 on Mon Jul 20 03:50:12 UTC 2026
✅ Commit 7 on Mon Jul 20 03:50:12 UTC 2026
✅ Commit 8 on Mon Jul 20 03:50:12 UTC 2026
✅ Commit 9 on Mon Jul 20 03:50:12 UTC 2026
✅ Commit 10 on Mon Jul 20 03:50:12 UTC 2026
✅ Commit 11 on Mon Jul 20 03:50:12 UTC 2026
✅ Commit 12 on Mon Jul 20 03:50:12 UTC 2026
✅ Commit 1 on Mon Jul 20 09:16:14 UTC 2026
✅ Commit 2 on Mon Jul 20 09:16:14 UTC 2026
✅ Commit 3 on Mon Jul 20 09:16:14 UTC 2026
✅ Commit 4 on Mon Jul 20 09:16:14 UTC 2026
✅ Commit 5 on Mon Jul 20 09:16:14 UTC 2026
✅ Commit 6 on Mon Jul 20 09:16:14 UTC 2026
✅ Commit 7 on Mon Jul 20 09:16:14 UTC 2026
✅ Commit 8 on Mon Jul 20 09:16:14 UTC 2026
✅ Commit 9 on Mon Jul 20 09:16:14 UTC 2026
✅ Commit 10 on Mon Jul 20 09:16:14 UTC 2026
✅ Commit 11 on Mon Jul 20 09:16:14 UTC 2026
✅ Commit 12 on Mon Jul 20 09:16:14 UTC 2026
✅ Commit 1 on Mon Jul 20 14:21:13 UTC 2026
✅ Commit 2 on Mon Jul 20 14:21:13 UTC 2026
✅ Commit 3 on Mon Jul 20 14:21:13 UTC 2026
✅ Commit 4 on Mon Jul 20 14:21:13 UTC 2026
✅ Commit 5 on Mon Jul 20 14:21:13 UTC 2026
✅ Commit 6 on Mon Jul 20 14:21:13 UTC 2026
✅ Commit 7 on Mon Jul 20 14:21:13 UTC 2026
✅ Commit 8 on Mon Jul 20 14:21:13 UTC 2026
✅ Commit 9 on Mon Jul 20 14:21:13 UTC 2026
✅ Commit 10 on Mon Jul 20 14:21:13 UTC 2026
✅ Commit 11 on Mon Jul 20 14:21:13 UTC 2026
✅ Commit 12 on Mon Jul 20 14:21:13 UTC 2026
✅ Commit 1 on Mon Jul 20 19:20:30 UTC 2026
✅ Commit 2 on Mon Jul 20 19:20:30 UTC 2026
✅ Commit 3 on Mon Jul 20 19:20:30 UTC 2026
✅ Commit 4 on Mon Jul 20 19:20:30 UTC 2026
✅ Commit 5 on Mon Jul 20 19:20:30 UTC 2026
✅ Commit 6 on Mon Jul 20 19:20:30 UTC 2026
✅ Commit 7 on Mon Jul 20 19:20:30 UTC 2026
✅ Commit 8 on Mon Jul 20 19:20:30 UTC 2026
✅ Commit 9 on Mon Jul 20 19:20:30 UTC 2026
✅ Commit 10 on Mon Jul 20 19:20:31 UTC 2026
✅ Commit 11 on Mon Jul 20 19:20:31 UTC 2026
✅ Commit 12 on Mon Jul 20 19:20:31 UTC 2026
✅ Commit 1 on Tue Jul 21 03:29:46 UTC 2026
✅ Commit 2 on Tue Jul 21 03:29:46 UTC 2026
✅ Commit 3 on Tue Jul 21 03:29:46 UTC 2026
✅ Commit 4 on Tue Jul 21 03:29:46 UTC 2026
✅ Commit 5 on Tue Jul 21 03:29:46 UTC 2026
✅ Commit 6 on Tue Jul 21 03:29:46 UTC 2026
✅ Commit 7 on Tue Jul 21 03:29:46 UTC 2026
✅ Commit 8 on Tue Jul 21 03:29:46 UTC 2026
✅ Commit 9 on Tue Jul 21 03:29:46 UTC 2026
✅ Commit 10 on Tue Jul 21 03:29:46 UTC 2026
✅ Commit 11 on Tue Jul 21 03:29:46 UTC 2026
✅ Commit 12 on Tue Jul 21 03:29:46 UTC 2026
✅ Commit 1 on Tue Jul 21 08:30:54 UTC 2026
✅ Commit 2 on Tue Jul 21 08:30:54 UTC 2026
✅ Commit 3 on Tue Jul 21 08:30:54 UTC 2026
✅ Commit 4 on Tue Jul 21 08:30:54 UTC 2026
✅ Commit 5 on Tue Jul 21 08:30:54 UTC 2026
✅ Commit 6 on Tue Jul 21 08:30:54 UTC 2026
✅ Commit 7 on Tue Jul 21 08:30:54 UTC 2026
✅ Commit 8 on Tue Jul 21 08:30:54 UTC 2026
✅ Commit 9 on Tue Jul 21 08:30:54 UTC 2026
✅ Commit 10 on Tue Jul 21 08:30:54 UTC 2026
✅ Commit 11 on Tue Jul 21 08:30:54 UTC 2026
✅ Commit 12 on Tue Jul 21 08:30:54 UTC 2026
✅ Commit 1 on Tue Jul 21 14:07:23 UTC 2026
✅ Commit 2 on Tue Jul 21 14:07:23 UTC 2026
✅ Commit 3 on Tue Jul 21 14:07:23 UTC 2026
✅ Commit 4 on Tue Jul 21 14:07:23 UTC 2026
✅ Commit 5 on Tue Jul 21 14:07:23 UTC 2026
✅ Commit 6 on Tue Jul 21 14:07:23 UTC 2026
✅ Commit 7 on Tue Jul 21 14:07:23 UTC 2026
✅ Commit 8 on Tue Jul 21 14:07:23 UTC 2026
✅ Commit 9 on Tue Jul 21 14:07:23 UTC 2026
✅ Commit 10 on Tue Jul 21 14:07:23 UTC 2026
✅ Commit 11 on Tue Jul 21 14:07:23 UTC 2026
✅ Commit 12 on Tue Jul 21 14:07:23 UTC 2026
✅ Commit 1 on Tue Jul 21 19:00:06 UTC 2026
✅ Commit 2 on Tue Jul 21 19:00:06 UTC 2026
✅ Commit 3 on Tue Jul 21 19:00:06 UTC 2026
✅ Commit 4 on Tue Jul 21 19:00:06 UTC 2026
✅ Commit 5 on Tue Jul 21 19:00:06 UTC 2026
✅ Commit 6 on Tue Jul 21 19:00:06 UTC 2026
✅ Commit 7 on Tue Jul 21 19:00:06 UTC 2026
✅ Commit 8 on Tue Jul 21 19:00:06 UTC 2026
✅ Commit 9 on Tue Jul 21 19:00:06 UTC 2026
✅ Commit 10 on Tue Jul 21 19:00:06 UTC 2026
✅ Commit 11 on Tue Jul 21 19:00:06 UTC 2026
✅ Commit 12 on Tue Jul 21 19:00:06 UTC 2026
✅ Commit 1 on Wed Jul 22 03:28:42 UTC 2026
✅ Commit 2 on Wed Jul 22 03:28:42 UTC 2026
✅ Commit 3 on Wed Jul 22 03:28:42 UTC 2026
✅ Commit 4 on Wed Jul 22 03:28:42 UTC 2026
✅ Commit 5 on Wed Jul 22 03:28:42 UTC 2026
✅ Commit 6 on Wed Jul 22 03:28:42 UTC 2026
✅ Commit 7 on Wed Jul 22 03:28:42 UTC 2026
✅ Commit 8 on Wed Jul 22 03:28:42 UTC 2026
✅ Commit 9 on Wed Jul 22 03:28:42 UTC 2026
✅ Commit 10 on Wed Jul 22 03:28:42 UTC 2026
✅ Commit 11 on Wed Jul 22 03:28:42 UTC 2026
✅ Commit 12 on Wed Jul 22 03:28:42 UTC 2026
✅ Commit 1 on Wed Jul 22 08:30:46 UTC 2026
✅ Commit 2 on Wed Jul 22 08:30:46 UTC 2026
✅ Commit 3 on Wed Jul 22 08:30:46 UTC 2026
✅ Commit 4 on Wed Jul 22 08:30:46 UTC 2026
✅ Commit 5 on Wed Jul 22 08:30:46 UTC 2026
✅ Commit 6 on Wed Jul 22 08:30:46 UTC 2026
✅ Commit 7 on Wed Jul 22 08:30:46 UTC 2026
✅ Commit 8 on Wed Jul 22 08:30:47 UTC 2026
✅ Commit 9 on Wed Jul 22 08:30:47 UTC 2026
✅ Commit 10 on Wed Jul 22 08:30:47 UTC 2026
✅ Commit 11 on Wed Jul 22 08:30:47 UTC 2026
✅ Commit 12 on Wed Jul 22 08:30:47 UTC 2026
✅ Commit 1 on Wed Jul 22 14:09:47 UTC 2026
✅ Commit 2 on Wed Jul 22 14:09:47 UTC 2026
✅ Commit 3 on Wed Jul 22 14:09:47 UTC 2026
✅ Commit 4 on Wed Jul 22 14:09:47 UTC 2026
✅ Commit 5 on Wed Jul 22 14:09:47 UTC 2026
✅ Commit 6 on Wed Jul 22 14:09:47 UTC 2026
✅ Commit 7 on Wed Jul 22 14:09:47 UTC 2026
✅ Commit 8 on Wed Jul 22 14:09:47 UTC 2026
✅ Commit 9 on Wed Jul 22 14:09:47 UTC 2026
✅ Commit 10 on Wed Jul 22 14:09:47 UTC 2026
✅ Commit 11 on Wed Jul 22 14:09:47 UTC 2026
✅ Commit 12 on Wed Jul 22 14:09:47 UTC 2026
✅ Commit 1 on Wed Jul 22 18:53:05 UTC 2026
✅ Commit 2 on Wed Jul 22 18:53:06 UTC 2026
✅ Commit 3 on Wed Jul 22 18:53:06 UTC 2026
✅ Commit 4 on Wed Jul 22 18:53:06 UTC 2026
✅ Commit 5 on Wed Jul 22 18:53:06 UTC 2026
✅ Commit 6 on Wed Jul 22 18:53:06 UTC 2026
✅ Commit 7 on Wed Jul 22 18:53:06 UTC 2026
✅ Commit 8 on Wed Jul 22 18:53:06 UTC 2026
✅ Commit 9 on Wed Jul 22 18:53:06 UTC 2026
✅ Commit 10 on Wed Jul 22 18:53:06 UTC 2026
✅ Commit 11 on Wed Jul 22 18:53:06 UTC 2026
✅ Commit 12 on Wed Jul 22 18:53:06 UTC 2026
✅ Commit 1 on Thu Jul 23 03:33:32 UTC 2026
✅ Commit 2 on Thu Jul 23 03:33:32 UTC 2026
✅ Commit 3 on Thu Jul 23 03:33:32 UTC 2026
✅ Commit 4 on Thu Jul 23 03:33:32 UTC 2026
✅ Commit 5 on Thu Jul 23 03:33:32 UTC 2026
✅ Commit 6 on Thu Jul 23 03:33:32 UTC 2026
✅ Commit 7 on Thu Jul 23 03:33:32 UTC 2026
✅ Commit 8 on Thu Jul 23 03:33:32 UTC 2026
✅ Commit 9 on Thu Jul 23 03:33:32 UTC 2026
✅ Commit 10 on Thu Jul 23 03:33:32 UTC 2026
✅ Commit 11 on Thu Jul 23 03:33:32 UTC 2026
✅ Commit 12 on Thu Jul 23 03:33:32 UTC 2026
✅ Commit 1 on Thu Jul 23 08:32:12 UTC 2026
✅ Commit 2 on Thu Jul 23 08:32:12 UTC 2026
✅ Commit 3 on Thu Jul 23 08:32:12 UTC 2026
✅ Commit 4 on Thu Jul 23 08:32:12 UTC 2026
✅ Commit 5 on Thu Jul 23 08:32:12 UTC 2026
✅ Commit 6 on Thu Jul 23 08:32:12 UTC 2026
✅ Commit 7 on Thu Jul 23 08:32:12 UTC 2026
✅ Commit 8 on Thu Jul 23 08:32:12 UTC 2026
✅ Commit 9 on Thu Jul 23 08:32:12 UTC 2026
✅ Commit 10 on Thu Jul 23 08:32:12 UTC 2026
✅ Commit 11 on Thu Jul 23 08:32:12 UTC 2026
✅ Commit 12 on Thu Jul 23 08:32:12 UTC 2026
✅ Commit 1 on Thu Jul 23 14:20:15 UTC 2026
✅ Commit 2 on Thu Jul 23 14:20:15 UTC 2026
✅ Commit 3 on Thu Jul 23 14:20:15 UTC 2026
✅ Commit 4 on Thu Jul 23 14:20:15 UTC 2026
✅ Commit 5 on Thu Jul 23 14:20:15 UTC 2026
✅ Commit 6 on Thu Jul 23 14:20:15 UTC 2026
✅ Commit 7 on Thu Jul 23 14:20:15 UTC 2026
✅ Commit 8 on Thu Jul 23 14:20:15 UTC 2026
✅ Commit 9 on Thu Jul 23 14:20:15 UTC 2026
✅ Commit 10 on Thu Jul 23 14:20:15 UTC 2026
✅ Commit 11 on Thu Jul 23 14:20:15 UTC 2026
✅ Commit 12 on Thu Jul 23 14:20:15 UTC 2026
✅ Commit 1 on Thu Jul 23 18:55:21 UTC 2026
✅ Commit 2 on Thu Jul 23 18:55:21 UTC 2026
✅ Commit 3 on Thu Jul 23 18:55:21 UTC 2026
✅ Commit 4 on Thu Jul 23 18:55:21 UTC 2026
✅ Commit 5 on Thu Jul 23 18:55:21 UTC 2026
✅ Commit 6 on Thu Jul 23 18:55:21 UTC 2026
✅ Commit 7 on Thu Jul 23 18:55:21 UTC 2026
✅ Commit 8 on Thu Jul 23 18:55:21 UTC 2026
✅ Commit 9 on Thu Jul 23 18:55:21 UTC 2026
✅ Commit 10 on Thu Jul 23 18:55:21 UTC 2026
✅ Commit 11 on Thu Jul 23 18:55:21 UTC 2026
✅ Commit 12 on Thu Jul 23 18:55:21 UTC 2026
✅ Commit 1 on Fri Jul 24 03:29:43 UTC 2026
✅ Commit 2 on Fri Jul 24 03:29:43 UTC 2026
✅ Commit 3 on Fri Jul 24 03:29:43 UTC 2026
✅ Commit 4 on Fri Jul 24 03:29:43 UTC 2026
✅ Commit 5 on Fri Jul 24 03:29:43 UTC 2026
✅ Commit 6 on Fri Jul 24 03:29:43 UTC 2026
✅ Commit 7 on Fri Jul 24 03:29:43 UTC 2026
✅ Commit 8 on Fri Jul 24 03:29:43 UTC 2026
✅ Commit 9 on Fri Jul 24 03:29:43 UTC 2026
✅ Commit 10 on Fri Jul 24 03:29:43 UTC 2026
✅ Commit 11 on Fri Jul 24 03:29:43 UTC 2026
✅ Commit 12 on Fri Jul 24 03:29:43 UTC 2026
✅ Commit 1 on Fri Jul 24 08:28:55 UTC 2026
✅ Commit 2 on Fri Jul 24 08:28:55 UTC 2026
✅ Commit 3 on Fri Jul 24 08:28:55 UTC 2026
✅ Commit 4 on Fri Jul 24 08:28:55 UTC 2026
✅ Commit 5 on Fri Jul 24 08:28:55 UTC 2026
✅ Commit 6 on Fri Jul 24 08:28:55 UTC 2026
✅ Commit 7 on Fri Jul 24 08:28:55 UTC 2026
✅ Commit 8 on Fri Jul 24 08:28:55 UTC 2026
✅ Commit 9 on Fri Jul 24 08:28:55 UTC 2026
✅ Commit 10 on Fri Jul 24 08:28:55 UTC 2026
✅ Commit 11 on Fri Jul 24 08:28:55 UTC 2026
✅ Commit 12 on Fri Jul 24 08:28:55 UTC 2026
✅ Commit 1 on Fri Jul 24 13:58:07 UTC 2026
✅ Commit 2 on Fri Jul 24 13:58:07 UTC 2026
✅ Commit 3 on Fri Jul 24 13:58:07 UTC 2026
✅ Commit 4 on Fri Jul 24 13:58:07 UTC 2026
✅ Commit 5 on Fri Jul 24 13:58:07 UTC 2026
✅ Commit 6 on Fri Jul 24 13:58:07 UTC 2026
✅ Commit 7 on Fri Jul 24 13:58:07 UTC 2026
✅ Commit 8 on Fri Jul 24 13:58:07 UTC 2026
✅ Commit 9 on Fri Jul 24 13:58:07 UTC 2026
✅ Commit 10 on Fri Jul 24 13:58:07 UTC 2026
✅ Commit 11 on Fri Jul 24 13:58:07 UTC 2026
✅ Commit 12 on Fri Jul 24 13:58:07 UTC 2026
✅ Commit 1 on Fri Jul 24 19:07:43 UTC 2026
✅ Commit 2 on Fri Jul 24 19:07:43 UTC 2026
✅ Commit 3 on Fri Jul 24 19:07:43 UTC 2026
✅ Commit 4 on Fri Jul 24 19:07:43 UTC 2026
✅ Commit 5 on Fri Jul 24 19:07:43 UTC 2026
✅ Commit 6 on Fri Jul 24 19:07:43 UTC 2026
✅ Commit 7 on Fri Jul 24 19:07:43 UTC 2026
✅ Commit 8 on Fri Jul 24 19:07:43 UTC 2026
✅ Commit 9 on Fri Jul 24 19:07:43 UTC 2026
✅ Commit 10 on Fri Jul 24 19:07:43 UTC 2026
✅ Commit 11 on Fri Jul 24 19:07:43 UTC 2026
✅ Commit 12 on Fri Jul 24 19:07:43 UTC 2026
✅ Commit 1 on Sat Jul 25 03:27:25 UTC 2026
✅ Commit 2 on Sat Jul 25 03:27:25 UTC 2026
✅ Commit 3 on Sat Jul 25 03:27:25 UTC 2026
✅ Commit 4 on Sat Jul 25 03:27:25 UTC 2026
✅ Commit 5 on Sat Jul 25 03:27:25 UTC 2026
✅ Commit 6 on Sat Jul 25 03:27:25 UTC 2026
✅ Commit 7 on Sat Jul 25 03:27:25 UTC 2026
✅ Commit 8 on Sat Jul 25 03:27:25 UTC 2026
✅ Commit 9 on Sat Jul 25 03:27:25 UTC 2026
✅ Commit 10 on Sat Jul 25 03:27:25 UTC 2026
✅ Commit 11 on Sat Jul 25 03:27:25 UTC 2026
✅ Commit 12 on Sat Jul 25 03:27:25 UTC 2026
✅ Commit 1 on Sat Jul 25 08:07:33 UTC 2026
✅ Commit 2 on Sat Jul 25 08:07:33 UTC 2026
✅ Commit 3 on Sat Jul 25 08:07:33 UTC 2026
✅ Commit 4 on Sat Jul 25 08:07:33 UTC 2026
✅ Commit 5 on Sat Jul 25 08:07:33 UTC 2026
✅ Commit 6 on Sat Jul 25 08:07:33 UTC 2026
✅ Commit 7 on Sat Jul 25 08:07:33 UTC 2026
✅ Commit 8 on Sat Jul 25 08:07:33 UTC 2026
✅ Commit 9 on Sat Jul 25 08:07:33 UTC 2026
✅ Commit 10 on Sat Jul 25 08:07:33 UTC 2026
✅ Commit 11 on Sat Jul 25 08:07:33 UTC 2026
✅ Commit 12 on Sat Jul 25 08:07:33 UTC 2026
✅ Commit 1 on Sat Jul 25 13:48:33 UTC 2026
✅ Commit 2 on Sat Jul 25 13:48:33 UTC 2026
✅ Commit 3 on Sat Jul 25 13:48:33 UTC 2026
✅ Commit 4 on Sat Jul 25 13:48:33 UTC 2026
✅ Commit 5 on Sat Jul 25 13:48:33 UTC 2026
✅ Commit 6 on Sat Jul 25 13:48:33 UTC 2026
✅ Commit 7 on Sat Jul 25 13:48:33 UTC 2026
✅ Commit 8 on Sat Jul 25 13:48:33 UTC 2026
✅ Commit 9 on Sat Jul 25 13:48:33 UTC 2026
✅ Commit 10 on Sat Jul 25 13:48:33 UTC 2026
✅ Commit 11 on Sat Jul 25 13:48:33 UTC 2026
✅ Commit 12 on Sat Jul 25 13:48:33 UTC 2026
✅ Commit 1 on Sat Jul 25 18:45:35 UTC 2026
✅ Commit 2 on Sat Jul 25 18:45:35 UTC 2026
✅ Commit 3 on Sat Jul 25 18:45:35 UTC 2026
✅ Commit 4 on Sat Jul 25 18:45:35 UTC 2026
✅ Commit 5 on Sat Jul 25 18:45:35 UTC 2026
✅ Commit 6 on Sat Jul 25 18:45:35 UTC 2026
✅ Commit 7 on Sat Jul 25 18:45:35 UTC 2026
✅ Commit 8 on Sat Jul 25 18:45:35 UTC 2026
✅ Commit 9 on Sat Jul 25 18:45:35 UTC 2026
✅ Commit 10 on Sat Jul 25 18:45:35 UTC 2026
✅ Commit 11 on Sat Jul 25 18:45:35 UTC 2026
✅ Commit 12 on Sat Jul 25 18:45:35 UTC 2026
✅ Commit 1 on Sun Jul 26 03:40:39 UTC 2026
✅ Commit 2 on Sun Jul 26 03:40:39 UTC 2026
✅ Commit 3 on Sun Jul 26 03:40:39 UTC 2026
✅ Commit 4 on Sun Jul 26 03:40:39 UTC 2026
✅ Commit 5 on Sun Jul 26 03:40:39 UTC 2026
✅ Commit 6 on Sun Jul 26 03:40:39 UTC 2026
✅ Commit 7 on Sun Jul 26 03:40:39 UTC 2026
✅ Commit 8 on Sun Jul 26 03:40:39 UTC 2026
✅ Commit 9 on Sun Jul 26 03:40:39 UTC 2026
✅ Commit 10 on Sun Jul 26 03:40:39 UTC 2026
✅ Commit 11 on Sun Jul 26 03:40:39 UTC 2026
✅ Commit 12 on Sun Jul 26 03:40:39 UTC 2026
✅ Commit 1 on Sun Jul 26 08:27:18 UTC 2026
✅ Commit 2 on Sun Jul 26 08:27:18 UTC 2026
✅ Commit 3 on Sun Jul 26 08:27:18 UTC 2026
✅ Commit 4 on Sun Jul 26 08:27:18 UTC 2026
✅ Commit 5 on Sun Jul 26 08:27:18 UTC 2026
✅ Commit 6 on Sun Jul 26 08:27:18 UTC 2026
✅ Commit 7 on Sun Jul 26 08:27:18 UTC 2026
✅ Commit 8 on Sun Jul 26 08:27:18 UTC 2026
✅ Commit 9 on Sun Jul 26 08:27:19 UTC 2026
✅ Commit 10 on Sun Jul 26 08:27:19 UTC 2026
✅ Commit 11 on Sun Jul 26 08:27:19 UTC 2026
✅ Commit 12 on Sun Jul 26 08:27:19 UTC 2026
✅ Commit 1 on Sun Jul 26 13:41:56 UTC 2026
✅ Commit 2 on Sun Jul 26 13:41:56 UTC 2026
✅ Commit 3 on Sun Jul 26 13:41:56 UTC 2026
✅ Commit 4 on Sun Jul 26 13:41:56 UTC 2026
✅ Commit 5 on Sun Jul 26 13:41:56 UTC 2026
✅ Commit 6 on Sun Jul 26 13:41:56 UTC 2026
✅ Commit 7 on Sun Jul 26 13:41:56 UTC 2026
✅ Commit 8 on Sun Jul 26 13:41:56 UTC 2026
✅ Commit 9 on Sun Jul 26 13:41:56 UTC 2026
✅ Commit 10 on Sun Jul 26 13:41:56 UTC 2026
✅ Commit 11 on Sun Jul 26 13:41:56 UTC 2026
✅ Commit 12 on Sun Jul 26 13:41:56 UTC 2026
✅ Commit 1 on Sun Jul 26 18:51:41 UTC 2026
✅ Commit 2 on Sun Jul 26 18:51:41 UTC 2026
✅ Commit 3 on Sun Jul 26 18:51:41 UTC 2026
✅ Commit 4 on Sun Jul 26 18:51:41 UTC 2026
✅ Commit 5 on Sun Jul 26 18:51:41 UTC 2026
✅ Commit 6 on Sun Jul 26 18:51:41 UTC 2026
✅ Commit 7 on Sun Jul 26 18:51:41 UTC 2026
✅ Commit 8 on Sun Jul 26 18:51:41 UTC 2026
✅ Commit 9 on Sun Jul 26 18:51:41 UTC 2026
✅ Commit 10 on Sun Jul 26 18:51:41 UTC 2026
✅ Commit 11 on Sun Jul 26 18:51:41 UTC 2026
✅ Commit 12 on Sun Jul 26 18:51:41 UTC 2026
✅ Commit 1 on Mon Jul 27 03:50:25 UTC 2026
✅ Commit 2 on Mon Jul 27 03:50:25 UTC 2026
✅ Commit 3 on Mon Jul 27 03:50:25 UTC 2026
✅ Commit 4 on Mon Jul 27 03:50:25 UTC 2026
✅ Commit 5 on Mon Jul 27 03:50:25 UTC 2026
✅ Commit 6 on Mon Jul 27 03:50:25 UTC 2026
✅ Commit 7 on Mon Jul 27 03:50:26 UTC 2026
✅ Commit 8 on Mon Jul 27 03:50:26 UTC 2026
✅ Commit 9 on Mon Jul 27 03:50:26 UTC 2026
✅ Commit 10 on Mon Jul 27 03:50:26 UTC 2026
✅ Commit 11 on Mon Jul 27 03:50:26 UTC 2026
✅ Commit 12 on Mon Jul 27 03:50:26 UTC 2026
✅ Commit 1 on Mon Jul 27 09:54:11 UTC 2026
✅ Commit 2 on Mon Jul 27 09:54:11 UTC 2026
✅ Commit 3 on Mon Jul 27 09:54:11 UTC 2026
✅ Commit 4 on Mon Jul 27 09:54:11 UTC 2026
✅ Commit 5 on Mon Jul 27 09:54:11 UTC 2026
✅ Commit 6 on Mon Jul 27 09:54:11 UTC 2026
✅ Commit 7 on Mon Jul 27 09:54:11 UTC 2026
✅ Commit 8 on Mon Jul 27 09:54:11 UTC 2026
✅ Commit 9 on Mon Jul 27 09:54:11 UTC 2026
✅ Commit 10 on Mon Jul 27 09:54:11 UTC 2026
✅ Commit 11 on Mon Jul 27 09:54:11 UTC 2026
✅ Commit 12 on Mon Jul 27 09:54:12 UTC 2026
✅ Commit 1 on Mon Jul 27 14:49:43 UTC 2026
✅ Commit 2 on Mon Jul 27 14:49:43 UTC 2026
✅ Commit 3 on Mon Jul 27 14:49:43 UTC 2026
✅ Commit 4 on Mon Jul 27 14:49:43 UTC 2026
✅ Commit 5 on Mon Jul 27 14:49:43 UTC 2026
✅ Commit 6 on Mon Jul 27 14:49:43 UTC 2026
✅ Commit 7 on Mon Jul 27 14:49:43 UTC 2026
✅ Commit 8 on Mon Jul 27 14:49:43 UTC 2026
✅ Commit 9 on Mon Jul 27 14:49:43 UTC 2026
✅ Commit 10 on Mon Jul 27 14:49:43 UTC 2026
✅ Commit 11 on Mon Jul 27 14:49:43 UTC 2026
✅ Commit 12 on Mon Jul 27 14:49:43 UTC 2026
✅ Commit 1 on Mon Jul 27 19:07:11 UTC 2026
✅ Commit 2 on Mon Jul 27 19:07:11 UTC 2026
✅ Commit 3 on Mon Jul 27 19:07:11 UTC 2026
✅ Commit 4 on Mon Jul 27 19:07:11 UTC 2026
✅ Commit 5 on Mon Jul 27 19:07:11 UTC 2026
✅ Commit 6 on Mon Jul 27 19:07:11 UTC 2026
✅ Commit 7 on Mon Jul 27 19:07:11 UTC 2026
✅ Commit 8 on Mon Jul 27 19:07:11 UTC 2026
✅ Commit 9 on Mon Jul 27 19:07:11 UTC 2026
✅ Commit 10 on Mon Jul 27 19:07:11 UTC 2026
✅ Commit 11 on Mon Jul 27 19:07:11 UTC 2026
✅ Commit 12 on Mon Jul 27 19:07:11 UTC 2026
✅ Commit 1 on Tue Jul 28 03:21:20 UTC 2026
✅ Commit 2 on Tue Jul 28 03:21:20 UTC 2026
✅ Commit 3 on Tue Jul 28 03:21:20 UTC 2026
✅ Commit 4 on Tue Jul 28 03:21:20 UTC 2026
✅ Commit 5 on Tue Jul 28 03:21:20 UTC 2026
✅ Commit 6 on Tue Jul 28 03:21:21 UTC 2026
✅ Commit 7 on Tue Jul 28 03:21:21 UTC 2026
✅ Commit 8 on Tue Jul 28 03:21:21 UTC 2026
✅ Commit 9 on Tue Jul 28 03:21:21 UTC 2026
✅ Commit 10 on Tue Jul 28 03:21:21 UTC 2026
✅ Commit 11 on Tue Jul 28 03:21:21 UTC 2026
✅ Commit 12 on Tue Jul 28 03:21:21 UTC 2026
✅ Commit 1 on Tue Jul 28 08:35:21 UTC 2026
✅ Commit 2 on Tue Jul 28 08:35:21 UTC 2026
✅ Commit 3 on Tue Jul 28 08:35:21 UTC 2026
✅ Commit 4 on Tue Jul 28 08:35:22 UTC 2026
✅ Commit 5 on Tue Jul 28 08:35:22 UTC 2026
✅ Commit 6 on Tue Jul 28 08:35:22 UTC 2026
✅ Commit 7 on Tue Jul 28 08:35:22 UTC 2026
✅ Commit 8 on Tue Jul 28 08:35:22 UTC 2026
✅ Commit 9 on Tue Jul 28 08:35:22 UTC 2026
✅ Commit 10 on Tue Jul 28 08:35:22 UTC 2026
✅ Commit 11 on Tue Jul 28 08:35:22 UTC 2026
✅ Commit 12 on Tue Jul 28 08:35:22 UTC 2026
✅ Commit 1 on Tue Jul 28 14:24:15 UTC 2026
✅ Commit 2 on Tue Jul 28 14:24:15 UTC 2026
✅ Commit 3 on Tue Jul 28 14:24:15 UTC 2026
✅ Commit 4 on Tue Jul 28 14:24:15 UTC 2026
✅ Commit 5 on Tue Jul 28 14:24:15 UTC 2026
✅ Commit 6 on Tue Jul 28 14:24:15 UTC 2026
✅ Commit 7 on Tue Jul 28 14:24:15 UTC 2026
✅ Commit 8 on Tue Jul 28 14:24:15 UTC 2026
✅ Commit 9 on Tue Jul 28 14:24:15 UTC 2026
✅ Commit 10 on Tue Jul 28 14:24:15 UTC 2026
✅ Commit 11 on Tue Jul 28 14:24:15 UTC 2026
✅ Commit 12 on Tue Jul 28 14:24:15 UTC 2026
✅ Commit 1 on Tue Jul 28 19:01:37 UTC 2026
✅ Commit 2 on Tue Jul 28 19:01:37 UTC 2026
✅ Commit 3 on Tue Jul 28 19:01:37 UTC 2026
✅ Commit 4 on Tue Jul 28 19:01:37 UTC 2026
✅ Commit 5 on Tue Jul 28 19:01:37 UTC 2026
✅ Commit 6 on Tue Jul 28 19:01:37 UTC 2026
✅ Commit 7 on Tue Jul 28 19:01:37 UTC 2026
✅ Commit 8 on Tue Jul 28 19:01:37 UTC 2026
✅ Commit 9 on Tue Jul 28 19:01:37 UTC 2026
✅ Commit 10 on Tue Jul 28 19:01:37 UTC 2026
✅ Commit 11 on Tue Jul 28 19:01:37 UTC 2026
✅ Commit 12 on Tue Jul 28 19:01:37 UTC 2026
✅ Commit 1 on Wed Jul 29 03:22:43 UTC 2026
✅ Commit 2 on Wed Jul 29 03:22:43 UTC 2026
✅ Commit 3 on Wed Jul 29 03:22:43 UTC 2026
✅ Commit 4 on Wed Jul 29 03:22:43 UTC 2026
✅ Commit 5 on Wed Jul 29 03:22:43 UTC 2026
✅ Commit 6 on Wed Jul 29 03:22:43 UTC 2026
✅ Commit 7 on Wed Jul 29 03:22:43 UTC 2026
✅ Commit 8 on Wed Jul 29 03:22:43 UTC 2026
✅ Commit 9 on Wed Jul 29 03:22:43 UTC 2026
✅ Commit 10 on Wed Jul 29 03:22:44 UTC 2026
✅ Commit 11 on Wed Jul 29 03:22:44 UTC 2026
✅ Commit 12 on Wed Jul 29 03:22:44 UTC 2026
✅ Commit 1 on Wed Jul 29 08:42:21 UTC 2026
✅ Commit 2 on Wed Jul 29 08:42:21 UTC 2026
✅ Commit 3 on Wed Jul 29 08:42:21 UTC 2026
✅ Commit 4 on Wed Jul 29 08:42:21 UTC 2026
✅ Commit 5 on Wed Jul 29 08:42:21 UTC 2026
✅ Commit 6 on Wed Jul 29 08:42:21 UTC 2026
✅ Commit 7 on Wed Jul 29 08:42:21 UTC 2026
✅ Commit 8 on Wed Jul 29 08:42:21 UTC 2026
✅ Commit 9 on Wed Jul 29 08:42:21 UTC 2026
✅ Commit 10 on Wed Jul 29 08:42:21 UTC 2026
✅ Commit 11 on Wed Jul 29 08:42:21 UTC 2026
✅ Commit 12 on Wed Jul 29 08:42:21 UTC 2026
✅ Commit 1 on Wed Jul 29 14:23:09 UTC 2026
✅ Commit 2 on Wed Jul 29 14:23:09 UTC 2026
✅ Commit 3 on Wed Jul 29 14:23:09 UTC 2026
✅ Commit 4 on Wed Jul 29 14:23:09 UTC 2026
✅ Commit 5 on Wed Jul 29 14:23:09 UTC 2026
✅ Commit 6 on Wed Jul 29 14:23:09 UTC 2026
✅ Commit 7 on Wed Jul 29 14:23:09 UTC 2026
✅ Commit 8 on Wed Jul 29 14:23:09 UTC 2026
✅ Commit 9 on Wed Jul 29 14:23:09 UTC 2026
✅ Commit 10 on Wed Jul 29 14:23:09 UTC 2026
✅ Commit 11 on Wed Jul 29 14:23:09 UTC 2026
✅ Commit 12 on Wed Jul 29 14:23:09 UTC 2026
✅ Commit 1 on Wed Jul 29 18:50:37 UTC 2026
✅ Commit 2 on Wed Jul 29 18:50:37 UTC 2026
✅ Commit 3 on Wed Jul 29 18:50:37 UTC 2026
✅ Commit 4 on Wed Jul 29 18:50:37 UTC 2026
✅ Commit 5 on Wed Jul 29 18:50:37 UTC 2026
✅ Commit 6 on Wed Jul 29 18:50:37 UTC 2026
✅ Commit 7 on Wed Jul 29 18:50:37 UTC 2026
✅ Commit 8 on Wed Jul 29 18:50:37 UTC 2026
✅ Commit 9 on Wed Jul 29 18:50:37 UTC 2026
✅ Commit 10 on Wed Jul 29 18:50:37 UTC 2026
✅ Commit 11 on Wed Jul 29 18:50:37 UTC 2026
✅ Commit 12 on Wed Jul 29 18:50:37 UTC 2026
✅ Commit 1 on Thu Jul 30 02:56:06 UTC 2026
✅ Commit 2 on Thu Jul 30 02:56:06 UTC 2026
✅ Commit 3 on Thu Jul 30 02:56:06 UTC 2026
✅ Commit 4 on Thu Jul 30 02:56:06 UTC 2026
✅ Commit 5 on Thu Jul 30 02:56:06 UTC 2026
✅ Commit 6 on Thu Jul 30 02:56:06 UTC 2026
✅ Commit 7 on Thu Jul 30 02:56:06 UTC 2026
✅ Commit 8 on Thu Jul 30 02:56:06 UTC 2026
✅ Commit 9 on Thu Jul 30 02:56:06 UTC 2026
✅ Commit 10 on Thu Jul 30 02:56:06 UTC 2026
✅ Commit 11 on Thu Jul 30 02:56:06 UTC 2026
✅ Commit 12 on Thu Jul 30 02:56:06 UTC 2026
✅ Commit 1 on Thu Jul 30 08:28:09 UTC 2026
✅ Commit 2 on Thu Jul 30 08:28:09 UTC 2026
✅ Commit 3 on Thu Jul 30 08:28:09 UTC 2026
✅ Commit 4 on Thu Jul 30 08:28:09 UTC 2026
✅ Commit 5 on Thu Jul 30 08:28:10 UTC 2026
✅ Commit 6 on Thu Jul 30 08:28:10 UTC 2026
✅ Commit 7 on Thu Jul 30 08:28:10 UTC 2026
✅ Commit 8 on Thu Jul 30 08:28:10 UTC 2026
✅ Commit 9 on Thu Jul 30 08:28:10 UTC 2026
✅ Commit 10 on Thu Jul 30 08:28:10 UTC 2026
✅ Commit 11 on Thu Jul 30 08:28:10 UTC 2026
✅ Commit 12 on Thu Jul 30 08:28:10 UTC 2026
✅ Commit 1 on Thu Jul 30 14:19:29 UTC 2026
✅ Commit 2 on Thu Jul 30 14:19:29 UTC 2026
✅ Commit 3 on Thu Jul 30 14:19:29 UTC 2026
✅ Commit 4 on Thu Jul 30 14:19:29 UTC 2026
✅ Commit 5 on Thu Jul 30 14:19:29 UTC 2026
✅ Commit 6 on Thu Jul 30 14:19:29 UTC 2026
✅ Commit 7 on Thu Jul 30 14:19:29 UTC 2026
✅ Commit 8 on Thu Jul 30 14:19:29 UTC 2026
✅ Commit 9 on Thu Jul 30 14:19:29 UTC 2026
✅ Commit 10 on Thu Jul 30 14:19:29 UTC 2026
✅ Commit 11 on Thu Jul 30 14:19:29 UTC 2026
✅ Commit 12 on Thu Jul 30 14:19:29 UTC 2026
✅ Commit 1 on Thu Jul 30 19:05:09 UTC 2026
✅ Commit 2 on Thu Jul 30 19:05:10 UTC 2026
✅ Commit 3 on Thu Jul 30 19:05:10 UTC 2026
✅ Commit 4 on Thu Jul 30 19:05:10 UTC 2026
✅ Commit 5 on Thu Jul 30 19:05:10 UTC 2026
✅ Commit 6 on Thu Jul 30 19:05:10 UTC 2026
✅ Commit 7 on Thu Jul 30 19:05:10 UTC 2026
✅ Commit 8 on Thu Jul 30 19:05:10 UTC 2026
✅ Commit 9 on Thu Jul 30 19:05:10 UTC 2026
✅ Commit 10 on Thu Jul 30 19:05:10 UTC 2026
✅ Commit 11 on Thu Jul 30 19:05:10 UTC 2026
✅ Commit 12 on Thu Jul 30 19:05:10 UTC 2026
✅ Commit 1 on Fri Jul 31 03:38:44 UTC 2026
✅ Commit 2 on Fri Jul 31 03:38:44 UTC 2026
✅ Commit 3 on Fri Jul 31 03:38:44 UTC 2026
✅ Commit 4 on Fri Jul 31 03:38:44 UTC 2026
✅ Commit 5 on Fri Jul 31 03:38:44 UTC 2026
✅ Commit 6 on Fri Jul 31 03:38:44 UTC 2026
✅ Commit 7 on Fri Jul 31 03:38:44 UTC 2026
✅ Commit 8 on Fri Jul 31 03:38:44 UTC 2026
✅ Commit 9 on Fri Jul 31 03:38:44 UTC 2026
✅ Commit 10 on Fri Jul 31 03:38:44 UTC 2026
✅ Commit 11 on Fri Jul 31 03:38:44 UTC 2026
✅ Commit 12 on Fri Jul 31 03:38:45 UTC 2026
✅ Commit 1 on Fri Jul 31 08:50:45 UTC 2026
✅ Commit 2 on Fri Jul 31 08:50:45 UTC 2026
✅ Commit 3 on Fri Jul 31 08:50:45 UTC 2026
✅ Commit 4 on Fri Jul 31 08:50:45 UTC 2026
✅ Commit 5 on Fri Jul 31 08:50:45 UTC 2026
✅ Commit 6 on Fri Jul 31 08:50:45 UTC 2026
✅ Commit 7 on Fri Jul 31 08:50:45 UTC 2026
✅ Commit 8 on Fri Jul 31 08:50:45 UTC 2026
✅ Commit 9 on Fri Jul 31 08:50:45 UTC 2026
✅ Commit 10 on Fri Jul 31 08:50:45 UTC 2026
✅ Commit 11 on Fri Jul 31 08:50:45 UTC 2026
✅ Commit 12 on Fri Jul 31 08:50:45 UTC 2026
✅ Commit 1 on Fri Jul 31 14:22:46 UTC 2026
✅ Commit 2 on Fri Jul 31 14:22:46 UTC 2026
✅ Commit 3 on Fri Jul 31 14:22:47 UTC 2026
✅ Commit 4 on Fri Jul 31 14:22:47 UTC 2026
✅ Commit 5 on Fri Jul 31 14:22:47 UTC 2026
✅ Commit 6 on Fri Jul 31 14:22:47 UTC 2026
✅ Commit 7 on Fri Jul 31 14:22:47 UTC 2026
✅ Commit 8 on Fri Jul 31 14:22:47 UTC 2026
✅ Commit 9 on Fri Jul 31 14:22:47 UTC 2026
✅ Commit 10 on Fri Jul 31 14:22:47 UTC 2026
✅ Commit 11 on Fri Jul 31 14:22:47 UTC 2026
✅ Commit 12 on Fri Jul 31 14:22:47 UTC 2026
✅ Commit 1 on Fri Jul 31 19:02:52 UTC 2026
✅ Commit 2 on Fri Jul 31 19:02:52 UTC 2026
✅ Commit 3 on Fri Jul 31 19:02:52 UTC 2026
✅ Commit 4 on Fri Jul 31 19:02:52 UTC 2026
✅ Commit 5 on Fri Jul 31 19:02:52 UTC 2026
✅ Commit 6 on Fri Jul 31 19:02:52 UTC 2026
✅ Commit 7 on Fri Jul 31 19:02:52 UTC 2026
✅ Commit 8 on Fri Jul 31 19:02:52 UTC 2026
✅ Commit 9 on Fri Jul 31 19:02:52 UTC 2026
✅ Commit 10 on Fri Jul 31 19:02:52 UTC 2026
✅ Commit 11 on Fri Jul 31 19:02:52 UTC 2026
✅ Commit 12 on Fri Jul 31 19:02:52 UTC 2026
✅ Commit 1 on Sat Aug  1 03:37:55 UTC 2026
✅ Commit 2 on Sat Aug  1 03:37:55 UTC 2026
✅ Commit 3 on Sat Aug  1 03:37:55 UTC 2026
✅ Commit 4 on Sat Aug  1 03:37:55 UTC 2026
✅ Commit 5 on Sat Aug  1 03:37:55 UTC 2026
✅ Commit 6 on Sat Aug  1 03:37:55 UTC 2026
✅ Commit 7 on Sat Aug  1 03:37:55 UTC 2026
✅ Commit 8 on Sat Aug  1 03:37:55 UTC 2026
✅ Commit 9 on Sat Aug  1 03:37:55 UTC 2026
✅ Commit 10 on Sat Aug  1 03:37:55 UTC 2026
✅ Commit 11 on Sat Aug  1 03:37:55 UTC 2026
✅ Commit 12 on Sat Aug  1 03:37:55 UTC 2026
✅ Commit 1 on Sat Aug  1 08:22:22 UTC 2026
✅ Commit 2 on Sat Aug  1 08:22:22 UTC 2026
✅ Commit 3 on Sat Aug  1 08:22:22 UTC 2026
✅ Commit 4 on Sat Aug  1 08:22:22 UTC 2026
✅ Commit 5 on Sat Aug  1 08:22:22 UTC 2026
✅ Commit 6 on Sat Aug  1 08:22:22 UTC 2026
✅ Commit 7 on Sat Aug  1 08:22:22 UTC 2026
✅ Commit 8 on Sat Aug  1 08:22:22 UTC 2026
✅ Commit 9 on Sat Aug  1 08:22:22 UTC 2026
✅ Commit 10 on Sat Aug  1 08:22:22 UTC 2026
✅ Commit 11 on Sat Aug  1 08:22:22 UTC 2026
✅ Commit 12 on Sat Aug  1 08:22:22 UTC 2026
✅ Commit 1 on Sat Aug  1 13:41:28 UTC 2026
✅ Commit 2 on Sat Aug  1 13:41:28 UTC 2026
✅ Commit 3 on Sat Aug  1 13:41:28 UTC 2026
✅ Commit 4 on Sat Aug  1 13:41:28 UTC 2026
✅ Commit 5 on Sat Aug  1 13:41:28 UTC 2026
✅ Commit 6 on Sat Aug  1 13:41:28 UTC 2026
✅ Commit 7 on Sat Aug  1 13:41:28 UTC 2026
✅ Commit 8 on Sat Aug  1 13:41:28 UTC 2026
✅ Commit 9 on Sat Aug  1 13:41:28 UTC 2026
✅ Commit 10 on Sat Aug  1 13:41:28 UTC 2026
✅ Commit 11 on Sat Aug  1 13:41:28 UTC 2026
✅ Commit 12 on Sat Aug  1 13:41:28 UTC 2026
✅ Commit 1 on Sat Aug  1 18:48:58 UTC 2026
✅ Commit 2 on Sat Aug  1 18:48:58 UTC 2026
✅ Commit 3 on Sat Aug  1 18:48:58 UTC 2026
✅ Commit 4 on Sat Aug  1 18:48:58 UTC 2026
✅ Commit 5 on Sat Aug  1 18:48:58 UTC 2026
✅ Commit 6 on Sat Aug  1 18:48:58 UTC 2026
✅ Commit 7 on Sat Aug  1 18:48:58 UTC 2026
✅ Commit 8 on Sat Aug  1 18:48:58 UTC 2026
✅ Commit 9 on Sat Aug  1 18:48:58 UTC 2026
✅ Commit 10 on Sat Aug  1 18:48:58 UTC 2026
✅ Commit 11 on Sat Aug  1 18:48:58 UTC 2026
✅ Commit 12 on Sat Aug  1 18:48:58 UTC 2026
✅ Commit 1 on Sun Aug  2 03:37:50 UTC 2026
✅ Commit 2 on Sun Aug  2 03:37:50 UTC 2026
✅ Commit 3 on Sun Aug  2 03:37:50 UTC 2026
✅ Commit 4 on Sun Aug  2 03:37:50 UTC 2026
✅ Commit 5 on Sun Aug  2 03:37:50 UTC 2026
✅ Commit 6 on Sun Aug  2 03:37:50 UTC 2026
✅ Commit 7 on Sun Aug  2 03:37:50 UTC 2026
✅ Commit 8 on Sun Aug  2 03:37:50 UTC 2026
✅ Commit 9 on Sun Aug  2 03:37:50 UTC 2026
✅ Commit 10 on Sun Aug  2 03:37:50 UTC 2026
✅ Commit 11 on Sun Aug  2 03:37:50 UTC 2026
✅ Commit 12 on Sun Aug  2 03:37:50 UTC 2026
✅ Commit 1 on Sun Aug  2 08:25:12 UTC 2026
✅ Commit 2 on Sun Aug  2 08:25:12 UTC 2026
✅ Commit 3 on Sun Aug  2 08:25:12 UTC 2026
✅ Commit 4 on Sun Aug  2 08:25:12 UTC 2026
✅ Commit 5 on Sun Aug  2 08:25:12 UTC 2026
✅ Commit 6 on Sun Aug  2 08:25:12 UTC 2026
✅ Commit 7 on Sun Aug  2 08:25:12 UTC 2026
✅ Commit 8 on Sun Aug  2 08:25:12 UTC 2026
✅ Commit 9 on Sun Aug  2 08:25:12 UTC 2026
✅ Commit 10 on Sun Aug  2 08:25:12 UTC 2026
✅ Commit 11 on Sun Aug  2 08:25:12 UTC 2026
✅ Commit 12 on Sun Aug  2 08:25:12 UTC 2026
✅ Commit 1 on Sun Aug  2 13:41:27 UTC 2026
✅ Commit 2 on Sun Aug  2 13:41:27 UTC 2026
✅ Commit 3 on Sun Aug  2 13:41:27 UTC 2026
✅ Commit 4 on Sun Aug  2 13:41:27 UTC 2026
✅ Commit 5 on Sun Aug  2 13:41:27 UTC 2026
✅ Commit 6 on Sun Aug  2 13:41:27 UTC 2026
✅ Commit 7 on Sun Aug  2 13:41:27 UTC 2026
✅ Commit 8 on Sun Aug  2 13:41:27 UTC 2026
✅ Commit 9 on Sun Aug  2 13:41:27 UTC 2026
✅ Commit 10 on Sun Aug  2 13:41:27 UTC 2026
✅ Commit 11 on Sun Aug  2 13:41:27 UTC 2026
✅ Commit 12 on Sun Aug  2 13:41:27 UTC 2026
✅ Commit 1 on Sun Aug  2 18:50:06 UTC 2026
✅ Commit 2 on Sun Aug  2 18:50:06 UTC 2026
✅ Commit 3 on Sun Aug  2 18:50:06 UTC 2026
✅ Commit 4 on Sun Aug  2 18:50:06 UTC 2026
✅ Commit 5 on Sun Aug  2 18:50:06 UTC 2026
✅ Commit 6 on Sun Aug  2 18:50:06 UTC 2026
✅ Commit 7 on Sun Aug  2 18:50:06 UTC 2026
✅ Commit 8 on Sun Aug  2 18:50:06 UTC 2026
✅ Commit 9 on Sun Aug  2 18:50:06 UTC 2026
✅ Commit 10 on Sun Aug  2 18:50:06 UTC 2026
✅ Commit 11 on Sun Aug  2 18:50:06 UTC 2026
✅ Commit 12 on Sun Aug  2 18:50:06 UTC 2026
✅ Commit 1 on Mon Aug  3 03:39:59 UTC 2026
✅ Commit 2 on Mon Aug  3 03:39:59 UTC 2026
✅ Commit 3 on Mon Aug  3 03:39:59 UTC 2026
✅ Commit 4 on Mon Aug  3 03:39:59 UTC 2026
✅ Commit 5 on Mon Aug  3 03:39:59 UTC 2026
✅ Commit 6 on Mon Aug  3 03:39:59 UTC 2026
✅ Commit 7 on Mon Aug  3 03:39:59 UTC 2026
✅ Commit 8 on Mon Aug  3 03:39:59 UTC 2026
✅ Commit 9 on Mon Aug  3 03:39:59 UTC 2026
✅ Commit 10 on Mon Aug  3 03:39:59 UTC 2026
✅ Commit 11 on Mon Aug  3 03:39:59 UTC 2026
✅ Commit 12 on Mon Aug  3 03:39:59 UTC 2026
✅ Commit 1 on Mon Aug  3 09:48:01 UTC 2026
✅ Commit 2 on Mon Aug  3 09:48:01 UTC 2026
✅ Commit 3 on Mon Aug  3 09:48:01 UTC 2026
✅ Commit 4 on Mon Aug  3 09:48:01 UTC 2026
✅ Commit 5 on Mon Aug  3 09:48:01 UTC 2026
✅ Commit 6 on Mon Aug  3 09:48:01 UTC 2026
✅ Commit 7 on Mon Aug  3 09:48:01 UTC 2026
✅ Commit 8 on Mon Aug  3 09:48:01 UTC 2026
✅ Commit 9 on Mon Aug  3 09:48:01 UTC 2026
✅ Commit 10 on Mon Aug  3 09:48:01 UTC 2026
✅ Commit 11 on Mon Aug  3 09:48:01 UTC 2026
✅ Commit 12 on Mon Aug  3 09:48:01 UTC 2026
✅ Commit 1 on Mon Aug  3 14:53:34 UTC 2026
✅ Commit 2 on Mon Aug  3 14:53:34 UTC 2026
✅ Commit 3 on Mon Aug  3 14:53:34 UTC 2026
✅ Commit 4 on Mon Aug  3 14:53:34 UTC 2026
✅ Commit 5 on Mon Aug  3 14:53:34 UTC 2026
✅ Commit 6 on Mon Aug  3 14:53:34 UTC 2026
✅ Commit 7 on Mon Aug  3 14:53:34 UTC 2026
✅ Commit 8 on Mon Aug  3 14:53:34 UTC 2026
✅ Commit 9 on Mon Aug  3 14:53:34 UTC 2026
✅ Commit 10 on Mon Aug  3 14:53:34 UTC 2026
✅ Commit 11 on Mon Aug  3 14:53:34 UTC 2026
✅ Commit 12 on Mon Aug  3 14:53:34 UTC 2026
✅ Commit 1 on Mon Aug  3 19:14:24 UTC 2026
✅ Commit 2 on Mon Aug  3 19:14:24 UTC 2026
✅ Commit 3 on Mon Aug  3 19:14:24 UTC 2026
✅ Commit 4 on Mon Aug  3 19:14:24 UTC 2026
✅ Commit 5 on Mon Aug  3 19:14:24 UTC 2026
✅ Commit 6 on Mon Aug  3 19:14:24 UTC 2026
✅ Commit 7 on Mon Aug  3 19:14:24 UTC 2026
✅ Commit 8 on Mon Aug  3 19:14:24 UTC 2026
✅ Commit 9 on Mon Aug  3 19:14:24 UTC 2026
✅ Commit 10 on Mon Aug  3 19:14:24 UTC 2026
✅ Commit 11 on Mon Aug  3 19:14:24 UTC 2026
✅ Commit 12 on Mon Aug  3 19:14:24 UTC 2026
✅ Commit 1 on Tue Aug  4 03:24:31 UTC 2026
✅ Commit 2 on Tue Aug  4 03:24:31 UTC 2026
✅ Commit 3 on Tue Aug  4 03:24:31 UTC 2026
✅ Commit 4 on Tue Aug  4 03:24:31 UTC 2026
✅ Commit 5 on Tue Aug  4 03:24:31 UTC 2026
✅ Commit 6 on Tue Aug  4 03:24:31 UTC 2026
✅ Commit 7 on Tue Aug  4 03:24:31 UTC 2026
✅ Commit 8 on Tue Aug  4 03:24:31 UTC 2026
✅ Commit 9 on Tue Aug  4 03:24:31 UTC 2026
✅ Commit 10 on Tue Aug  4 03:24:31 UTC 2026
✅ Commit 11 on Tue Aug  4 03:24:31 UTC 2026
✅ Commit 12 on Tue Aug  4 03:24:31 UTC 2026
✅ Commit 1 on Tue Aug  4 08:37:58 UTC 2026
✅ Commit 2 on Tue Aug  4 08:37:58 UTC 2026
✅ Commit 3 on Tue Aug  4 08:37:58 UTC 2026
✅ Commit 4 on Tue Aug  4 08:37:58 UTC 2026
✅ Commit 5 on Tue Aug  4 08:37:58 UTC 2026
✅ Commit 6 on Tue Aug  4 08:37:58 UTC 2026
✅ Commit 7 on Tue Aug  4 08:37:58 UTC 2026
✅ Commit 8 on Tue Aug  4 08:37:58 UTC 2026
✅ Commit 9 on Tue Aug  4 08:37:58 UTC 2026
✅ Commit 10 on Tue Aug  4 08:37:58 UTC 2026
✅ Commit 11 on Tue Aug  4 08:37:58 UTC 2026
✅ Commit 12 on Tue Aug  4 08:37:58 UTC 2026
✅ Commit 1 on Tue Aug  4 14:29:52 UTC 2026
✅ Commit 2 on Tue Aug  4 14:29:52 UTC 2026
✅ Commit 3 on Tue Aug  4 14:29:52 UTC 2026
✅ Commit 4 on Tue Aug  4 14:29:52 UTC 2026
✅ Commit 5 on Tue Aug  4 14:29:52 UTC 2026
✅ Commit 6 on Tue Aug  4 14:29:52 UTC 2026
✅ Commit 7 on Tue Aug  4 14:29:52 UTC 2026
✅ Commit 8 on Tue Aug  4 14:29:52 UTC 2026
✅ Commit 9 on Tue Aug  4 14:29:52 UTC 2026
✅ Commit 10 on Tue Aug  4 14:29:52 UTC 2026
✅ Commit 11 on Tue Aug  4 14:29:52 UTC 2026
✅ Commit 12 on Tue Aug  4 14:29:52 UTC 2026
✅ Commit 1 on Tue Aug  4 19:15:14 UTC 2026
✅ Commit 2 on Tue Aug  4 19:15:14 UTC 2026
✅ Commit 3 on Tue Aug  4 19:15:14 UTC 2026
✅ Commit 4 on Tue Aug  4 19:15:14 UTC 2026
✅ Commit 5 on Tue Aug  4 19:15:14 UTC 2026
✅ Commit 6 on Tue Aug  4 19:15:14 UTC 2026
✅ Commit 7 on Tue Aug  4 19:15:14 UTC 2026
✅ Commit 8 on Tue Aug  4 19:15:14 UTC 2026
✅ Commit 9 on Tue Aug  4 19:15:14 UTC 2026
✅ Commit 10 on Tue Aug  4 19:15:14 UTC 2026
✅ Commit 11 on Tue Aug  4 19:15:14 UTC 2026
✅ Commit 12 on Tue Aug  4 19:15:14 UTC 2026
✅ Commit 1 on Wed Aug  5 03:19:38 UTC 2026
✅ Commit 2 on Wed Aug  5 03:19:38 UTC 2026
✅ Commit 3 on Wed Aug  5 03:19:38 UTC 2026
✅ Commit 4 on Wed Aug  5 03:19:38 UTC 2026
✅ Commit 5 on Wed Aug  5 03:19:38 UTC 2026
✅ Commit 6 on Wed Aug  5 03:19:38 UTC 2026
✅ Commit 7 on Wed Aug  5 03:19:38 UTC 2026
✅ Commit 8 on Wed Aug  5 03:19:38 UTC 2026
✅ Commit 9 on Wed Aug  5 03:19:38 UTC 2026
✅ Commit 10 on Wed Aug  5 03:19:38 UTC 2026
✅ Commit 11 on Wed Aug  5 03:19:38 UTC 2026
✅ Commit 12 on Wed Aug  5 03:19:39 UTC 2026
✅ Commit 1 on Wed Aug  5 08:37:22 UTC 2026
✅ Commit 2 on Wed Aug  5 08:37:22 UTC 2026
✅ Commit 3 on Wed Aug  5 08:37:22 UTC 2026
✅ Commit 4 on Wed Aug  5 08:37:22 UTC 2026
✅ Commit 5 on Wed Aug  5 08:37:22 UTC 2026
✅ Commit 6 on Wed Aug  5 08:37:22 UTC 2026
✅ Commit 7 on Wed Aug  5 08:37:22 UTC 2026
✅ Commit 8 on Wed Aug  5 08:37:22 UTC 2026
✅ Commit 9 on Wed Aug  5 08:37:22 UTC 2026
✅ Commit 10 on Wed Aug  5 08:37:22 UTC 2026
✅ Commit 11 on Wed Aug  5 08:37:22 UTC 2026
✅ Commit 12 on Wed Aug  5 08:37:22 UTC 2026
✅ Commit 1 on Wed Aug  5 14:22:45 UTC 2026
✅ Commit 2 on Wed Aug  5 14:22:45 UTC 2026
✅ Commit 3 on Wed Aug  5 14:22:45 UTC 2026
✅ Commit 4 on Wed Aug  5 14:22:45 UTC 2026
✅ Commit 5 on Wed Aug  5 14:22:45 UTC 2026
✅ Commit 6 on Wed Aug  5 14:22:45 UTC 2026
✅ Commit 7 on Wed Aug  5 14:22:45 UTC 2026
✅ Commit 8 on Wed Aug  5 14:22:45 UTC 2026
✅ Commit 9 on Wed Aug  5 14:22:45 UTC 2026
✅ Commit 10 on Wed Aug  5 14:22:45 UTC 2026
✅ Commit 11 on Wed Aug  5 14:22:45 UTC 2026
✅ Commit 12 on Wed Aug  5 14:22:45 UTC 2026
✅ Commit 1 on Wed Aug  5 19:09:07 UTC 2026
✅ Commit 2 on Wed Aug  5 19:09:07 UTC 2026
✅ Commit 3 on Wed Aug  5 19:09:07 UTC 2026
✅ Commit 4 on Wed Aug  5 19:09:07 UTC 2026
✅ Commit 5 on Wed Aug  5 19:09:07 UTC 2026
✅ Commit 6 on Wed Aug  5 19:09:07 UTC 2026
✅ Commit 7 on Wed Aug  5 19:09:07 UTC 2026
✅ Commit 8 on Wed Aug  5 19:09:07 UTC 2026
✅ Commit 9 on Wed Aug  5 19:09:07 UTC 2026
✅ Commit 10 on Wed Aug  5 19:09:07 UTC 2026
✅ Commit 11 on Wed Aug  5 19:09:07 UTC 2026
✅ Commit 12 on Wed Aug  5 19:09:07 UTC 2026
✅ Commit 1 on Thu Aug  6 03:22:47 UTC 2026
✅ Commit 2 on Thu Aug  6 03:22:47 UTC 2026
✅ Commit 3 on Thu Aug  6 03:22:47 UTC 2026
✅ Commit 4 on Thu Aug  6 03:22:47 UTC 2026
✅ Commit 5 on Thu Aug  6 03:22:47 UTC 2026
✅ Commit 6 on Thu Aug  6 03:22:47 UTC 2026
✅ Commit 7 on Thu Aug  6 03:22:47 UTC 2026
✅ Commit 8 on Thu Aug  6 03:22:47 UTC 2026
✅ Commit 9 on Thu Aug  6 03:22:47 UTC 2026
✅ Commit 10 on Thu Aug  6 03:22:47 UTC 2026
✅ Commit 11 on Thu Aug  6 03:22:47 UTC 2026
✅ Commit 12 on Thu Aug  6 03:22:47 UTC 2026
✅ Commit 1 on Thu Aug  6 08:37:20 UTC 2026
✅ Commit 2 on Thu Aug  6 08:37:20 UTC 2026
✅ Commit 3 on Thu Aug  6 08:37:20 UTC 2026
✅ Commit 4 on Thu Aug  6 08:37:20 UTC 2026
✅ Commit 5 on Thu Aug  6 08:37:20 UTC 2026
✅ Commit 6 on Thu Aug  6 08:37:20 UTC 2026
✅ Commit 7 on Thu Aug  6 08:37:20 UTC 2026
✅ Commit 8 on Thu Aug  6 08:37:20 UTC 2026
✅ Commit 9 on Thu Aug  6 08:37:20 UTC 2026
✅ Commit 10 on Thu Aug  6 08:37:20 UTC 2026
✅ Commit 11 on Thu Aug  6 08:37:20 UTC 2026
✅ Commit 12 on Thu Aug  6 08:37:20 UTC 2026
✅ Commit 1 on Thu Aug  6 14:26:06 UTC 2026
✅ Commit 2 on Thu Aug  6 14:26:06 UTC 2026
✅ Commit 3 on Thu Aug  6 14:26:06 UTC 2026
✅ Commit 4 on Thu Aug  6 14:26:06 UTC 2026
✅ Commit 5 on Thu Aug  6 14:26:06 UTC 2026
✅ Commit 6 on Thu Aug  6 14:26:06 UTC 2026
✅ Commit 7 on Thu Aug  6 14:26:06 UTC 2026
✅ Commit 8 on Thu Aug  6 14:26:06 UTC 2026
✅ Commit 9 on Thu Aug  6 14:26:06 UTC 2026
✅ Commit 10 on Thu Aug  6 14:26:06 UTC 2026
✅ Commit 11 on Thu Aug  6 14:26:06 UTC 2026
✅ Commit 12 on Thu Aug  6 14:26:06 UTC 2026
✅ Commit 1 on Thu Aug  6 23:45:34 UTC 2026
✅ Commit 2 on Thu Aug  6 23:45:34 UTC 2026
✅ Commit 3 on Thu Aug  6 23:45:34 UTC 2026
✅ Commit 4 on Thu Aug  6 23:45:34 UTC 2026
✅ Commit 5 on Thu Aug  6 23:45:34 UTC 2026
✅ Commit 6 on Thu Aug  6 23:45:34 UTC 2026
✅ Commit 7 on Thu Aug  6 23:45:34 UTC 2026
✅ Commit 8 on Thu Aug  6 23:45:34 UTC 2026
✅ Commit 9 on Thu Aug  6 23:45:34 UTC 2026
✅ Commit 10 on Thu Aug  6 23:45:34 UTC 2026
✅ Commit 11 on Thu Aug  6 23:45:34 UTC 2026
✅ Commit 12 on Thu Aug  6 23:45:34 UTC 2026
✅ Commit 1 on Fri Aug  7 03:09:31 UTC 2026
✅ Commit 2 on Fri Aug  7 03:09:31 UTC 2026
✅ Commit 3 on Fri Aug  7 03:09:31 UTC 2026
✅ Commit 4 on Fri Aug  7 03:09:31 UTC 2026
✅ Commit 5 on Fri Aug  7 03:09:31 UTC 2026
✅ Commit 6 on Fri Aug  7 03:09:31 UTC 2026
✅ Commit 7 on Fri Aug  7 03:09:31 UTC 2026
✅ Commit 8 on Fri Aug  7 03:09:31 UTC 2026
✅ Commit 9 on Fri Aug  7 03:09:31 UTC 2026
✅ Commit 10 on Fri Aug  7 03:09:31 UTC 2026
✅ Commit 11 on Fri Aug  7 03:09:31 UTC 2026
✅ Commit 12 on Fri Aug  7 03:09:31 UTC 2026
✅ Commit 1 on Fri Aug  7 07:17:20 UTC 2026
✅ Commit 2 on Fri Aug  7 07:17:20 UTC 2026
✅ Commit 3 on Fri Aug  7 07:17:20 UTC 2026
✅ Commit 4 on Fri Aug  7 07:17:20 UTC 2026
✅ Commit 5 on Fri Aug  7 07:17:20 UTC 2026
✅ Commit 6 on Fri Aug  7 07:17:20 UTC 2026
✅ Commit 7 on Fri Aug  7 07:17:20 UTC 2026
✅ Commit 8 on Fri Aug  7 07:17:20 UTC 2026
✅ Commit 9 on Fri Aug  7 07:17:20 UTC 2026
✅ Commit 10 on Fri Aug  7 07:17:20 UTC 2026
✅ Commit 11 on Fri Aug  7 07:17:20 UTC 2026
✅ Commit 12 on Fri Aug  7 07:17:20 UTC 2026
✅ Commit 1 on Fri Aug  7 13:16:44 UTC 2026
✅ Commit 2 on Fri Aug  7 13:16:44 UTC 2026
✅ Commit 3 on Fri Aug  7 13:16:44 UTC 2026
✅ Commit 4 on Fri Aug  7 13:16:44 UTC 2026
✅ Commit 5 on Fri Aug  7 13:16:44 UTC 2026
✅ Commit 6 on Fri Aug  7 13:16:44 UTC 2026
✅ Commit 7 on Fri Aug  7 13:16:44 UTC 2026
✅ Commit 8 on Fri Aug  7 13:16:44 UTC 2026
✅ Commit 9 on Fri Aug  7 13:16:44 UTC 2026
✅ Commit 10 on Fri Aug  7 13:16:44 UTC 2026
✅ Commit 11 on Fri Aug  7 13:16:44 UTC 2026
✅ Commit 12 on Fri Aug  7 13:16:44 UTC 2026
✅ Commit 1 on Fri Aug  7 18:35:51 UTC 2026
✅ Commit 2 on Fri Aug  7 18:35:51 UTC 2026
✅ Commit 3 on Fri Aug  7 18:35:51 UTC 2026
✅ Commit 4 on Fri Aug  7 18:35:51 UTC 2026
✅ Commit 5 on Fri Aug  7 18:35:51 UTC 2026
✅ Commit 6 on Fri Aug  7 18:35:51 UTC 2026
✅ Commit 7 on Fri Aug  7 18:35:51 UTC 2026
✅ Commit 8 on Fri Aug  7 18:35:51 UTC 2026
✅ Commit 9 on Fri Aug  7 18:35:51 UTC 2026
✅ Commit 10 on Fri Aug  7 18:35:51 UTC 2026
✅ Commit 11 on Fri Aug  7 18:35:51 UTC 2026
✅ Commit 12 on Fri Aug  7 18:35:51 UTC 2026
✅ Commit 1 on Sat Aug  8 02:05:49 UTC 2026
✅ Commit 2 on Sat Aug  8 02:05:49 UTC 2026
✅ Commit 3 on Sat Aug  8 02:05:49 UTC 2026
✅ Commit 4 on Sat Aug  8 02:05:49 UTC 2026
✅ Commit 5 on Sat Aug  8 02:05:49 UTC 2026
✅ Commit 6 on Sat Aug  8 02:05:49 UTC 2026
✅ Commit 7 on Sat Aug  8 02:05:49 UTC 2026
✅ Commit 8 on Sat Aug  8 02:05:49 UTC 2026
✅ Commit 9 on Sat Aug  8 02:05:49 UTC 2026
✅ Commit 10 on Sat Aug  8 02:05:49 UTC 2026
✅ Commit 11 on Sat Aug  8 02:05:49 UTC 2026
✅ Commit 12 on Sat Aug  8 02:05:49 UTC 2026
✅ Commit 1 on Sat Aug  8 06:54:50 UTC 2026
✅ Commit 2 on Sat Aug  8 06:54:50 UTC 2026
✅ Commit 3 on Sat Aug  8 06:54:50 UTC 2026
✅ Commit 4 on Sat Aug  8 06:54:50 UTC 2026
✅ Commit 5 on Sat Aug  8 06:54:50 UTC 2026
✅ Commit 6 on Sat Aug  8 06:54:50 UTC 2026
✅ Commit 7 on Sat Aug  8 06:54:50 UTC 2026
✅ Commit 8 on Sat Aug  8 06:54:50 UTC 2026
✅ Commit 9 on Sat Aug  8 06:54:50 UTC 2026
✅ Commit 10 on Sat Aug  8 06:54:50 UTC 2026
✅ Commit 11 on Sat Aug  8 06:54:50 UTC 2026
✅ Commit 12 on Sat Aug  8 06:54:50 UTC 2026
✅ Commit 1 on Sat Aug  8 13:00:39 UTC 2026
✅ Commit 2 on Sat Aug  8 13:00:39 UTC 2026
✅ Commit 3 on Sat Aug  8 13:00:39 UTC 2026
✅ Commit 4 on Sat Aug  8 13:00:39 UTC 2026
✅ Commit 5 on Sat Aug  8 13:00:39 UTC 2026
✅ Commit 6 on Sat Aug  8 13:00:39 UTC 2026
✅ Commit 7 on Sat Aug  8 13:00:39 UTC 2026
✅ Commit 8 on Sat Aug  8 13:00:39 UTC 2026
✅ Commit 9 on Sat Aug  8 13:00:39 UTC 2026
✅ Commit 10 on Sat Aug  8 13:00:39 UTC 2026
✅ Commit 11 on Sat Aug  8 13:00:39 UTC 2026
✅ Commit 12 on Sat Aug  8 13:00:39 UTC 2026
✅ Commit 1 on Sat Aug  8 18:18:45 UTC 2026
✅ Commit 2 on Sat Aug  8 18:18:45 UTC 2026
✅ Commit 3 on Sat Aug  8 18:18:45 UTC 2026
✅ Commit 4 on Sat Aug  8 18:18:45 UTC 2026
✅ Commit 5 on Sat Aug  8 18:18:45 UTC 2026
✅ Commit 6 on Sat Aug  8 18:18:45 UTC 2026
✅ Commit 7 on Sat Aug  8 18:18:45 UTC 2026
✅ Commit 8 on Sat Aug  8 18:18:46 UTC 2026
✅ Commit 9 on Sat Aug  8 18:18:46 UTC 2026
✅ Commit 10 on Sat Aug  8 18:18:46 UTC 2026
✅ Commit 11 on Sat Aug  8 18:18:46 UTC 2026
✅ Commit 12 on Sat Aug  8 18:18:46 UTC 2026
✅ Commit 1 on Sun Aug  9 02:18:15 UTC 2026
✅ Commit 2 on Sun Aug  9 02:18:15 UTC 2026
✅ Commit 3 on Sun Aug  9 02:18:15 UTC 2026
✅ Commit 4 on Sun Aug  9 02:18:15 UTC 2026
✅ Commit 5 on Sun Aug  9 02:18:15 UTC 2026
✅ Commit 6 on Sun Aug  9 02:18:15 UTC 2026
✅ Commit 7 on Sun Aug  9 02:18:15 UTC 2026
✅ Commit 8 on Sun Aug  9 02:18:15 UTC 2026
✅ Commit 9 on Sun Aug  9 02:18:15 UTC 2026
✅ Commit 10 on Sun Aug  9 02:18:15 UTC 2026
✅ Commit 11 on Sun Aug  9 02:18:15 UTC 2026
✅ Commit 12 on Sun Aug  9 02:18:15 UTC 2026
✅ Commit 1 on Sun Aug  9 06:57:56 UTC 2026
✅ Commit 2 on Sun Aug  9 06:57:56 UTC 2026
✅ Commit 3 on Sun Aug  9 06:57:56 UTC 2026
✅ Commit 4 on Sun Aug  9 06:57:57 UTC 2026
✅ Commit 5 on Sun Aug  9 06:57:57 UTC 2026
✅ Commit 6 on Sun Aug  9 06:57:57 UTC 2026
✅ Commit 7 on Sun Aug  9 06:57:57 UTC 2026
✅ Commit 8 on Sun Aug  9 06:57:57 UTC 2026
✅ Commit 9 on Sun Aug  9 06:57:57 UTC 2026
✅ Commit 10 on Sun Aug  9 06:57:57 UTC 2026
✅ Commit 11 on Sun Aug  9 06:57:57 UTC 2026
✅ Commit 12 on Sun Aug  9 06:57:57 UTC 2026
✅ Commit 1 on Sun Aug  9 13:03:23 UTC 2026
✅ Commit 2 on Sun Aug  9 13:03:23 UTC 2026
✅ Commit 3 on Sun Aug  9 13:03:23 UTC 2026
✅ Commit 4 on Sun Aug  9 13:03:23 UTC 2026
✅ Commit 5 on Sun Aug  9 13:03:23 UTC 2026
✅ Commit 6 on Sun Aug  9 13:03:23 UTC 2026
✅ Commit 7 on Sun Aug  9 13:03:24 UTC 2026
✅ Commit 8 on Sun Aug  9 13:03:24 UTC 2026
✅ Commit 9 on Sun Aug  9 13:03:24 UTC 2026
✅ Commit 10 on Sun Aug  9 13:03:24 UTC 2026
✅ Commit 11 on Sun Aug  9 13:03:24 UTC 2026
✅ Commit 12 on Sun Aug  9 13:03:24 UTC 2026
✅ Commit 1 on Sun Aug  9 18:20:40 UTC 2026
✅ Commit 2 on Sun Aug  9 18:20:40 UTC 2026
✅ Commit 3 on Sun Aug  9 18:20:40 UTC 2026
✅ Commit 4 on Sun Aug  9 18:20:40 UTC 2026
✅ Commit 5 on Sun Aug  9 18:20:40 UTC 2026
✅ Commit 6 on Sun Aug  9 18:20:40 UTC 2026
✅ Commit 7 on Sun Aug  9 18:20:40 UTC 2026
✅ Commit 8 on Sun Aug  9 18:20:40 UTC 2026
✅ Commit 9 on Sun Aug  9 18:20:40 UTC 2026
✅ Commit 10 on Sun Aug  9 18:20:40 UTC 2026
✅ Commit 11 on Sun Aug  9 18:20:40 UTC 2026
✅ Commit 12 on Sun Aug  9 18:20:40 UTC 2026
✅ Commit 1 on Mon Aug 10 02:23:03 UTC 2026
✅ Commit 2 on Mon Aug 10 02:23:03 UTC 2026
✅ Commit 3 on Mon Aug 10 02:23:03 UTC 2026
✅ Commit 4 on Mon Aug 10 02:23:03 UTC 2026
✅ Commit 5 on Mon Aug 10 02:23:03 UTC 2026
✅ Commit 6 on Mon Aug 10 02:23:03 UTC 2026
✅ Commit 7 on Mon Aug 10 02:23:04 UTC 2026
✅ Commit 8 on Mon Aug 10 02:23:04 UTC 2026
✅ Commit 9 on Mon Aug 10 02:23:04 UTC 2026
✅ Commit 10 on Mon Aug 10 02:23:04 UTC 2026
✅ Commit 11 on Mon Aug 10 02:23:04 UTC 2026
✅ Commit 12 on Mon Aug 10 02:23:04 UTC 2026
✅ Commit 1 on Mon Aug 10 07:43:24 UTC 2026
✅ Commit 2 on Mon Aug 10 07:43:24 UTC 2026
✅ Commit 3 on Mon Aug 10 07:43:24 UTC 2026
✅ Commit 4 on Mon Aug 10 07:43:24 UTC 2026
✅ Commit 5 on Mon Aug 10 07:43:24 UTC 2026
✅ Commit 6 on Mon Aug 10 07:43:24 UTC 2026
✅ Commit 7 on Mon Aug 10 07:43:24 UTC 2026
✅ Commit 8 on Mon Aug 10 07:43:24 UTC 2026
✅ Commit 9 on Mon Aug 10 07:43:24 UTC 2026
✅ Commit 10 on Mon Aug 10 07:43:24 UTC 2026
✅ Commit 11 on Mon Aug 10 07:43:24 UTC 2026
✅ Commit 12 on Mon Aug 10 07:43:24 UTC 2026
✅ Commit 1 on Mon Aug 10 13:22:05 UTC 2026
✅ Commit 2 on Mon Aug 10 13:22:05 UTC 2026
✅ Commit 3 on Mon Aug 10 13:22:05 UTC 2026
✅ Commit 4 on Mon Aug 10 13:22:05 UTC 2026
✅ Commit 5 on Mon Aug 10 13:22:05 UTC 2026
✅ Commit 6 on Mon Aug 10 13:22:05 UTC 2026
✅ Commit 7 on Mon Aug 10 13:22:05 UTC 2026
✅ Commit 8 on Mon Aug 10 13:22:05 UTC 2026
✅ Commit 9 on Mon Aug 10 13:22:05 UTC 2026
✅ Commit 10 on Mon Aug 10 13:22:05 UTC 2026
✅ Commit 11 on Mon Aug 10 13:22:05 UTC 2026
✅ Commit 12 on Mon Aug 10 13:22:05 UTC 2026
✅ Commit 1 on Mon Aug 10 18:38:48 UTC 2026
✅ Commit 2 on Mon Aug 10 18:38:48 UTC 2026
✅ Commit 3 on Mon Aug 10 18:38:48 UTC 2026
✅ Commit 4 on Mon Aug 10 18:38:48 UTC 2026
✅ Commit 5 on Mon Aug 10 18:38:48 UTC 2026
✅ Commit 6 on Mon Aug 10 18:38:48 UTC 2026
✅ Commit 7 on Mon Aug 10 18:38:48 UTC 2026
✅ Commit 8 on Mon Aug 10 18:38:48 UTC 2026
✅ Commit 9 on Mon Aug 10 18:38:48 UTC 2026
✅ Commit 10 on Mon Aug 10 18:38:48 UTC 2026
✅ Commit 11 on Mon Aug 10 18:38:48 UTC 2026
✅ Commit 12 on Mon Aug 10 18:38:48 UTC 2026
✅ Commit 1 on Tue Aug 11 02:15:15 UTC 2026
✅ Commit 2 on Tue Aug 11 02:15:16 UTC 2026
✅ Commit 3 on Tue Aug 11 02:15:16 UTC 2026
✅ Commit 4 on Tue Aug 11 02:15:16 UTC 2026
✅ Commit 5 on Tue Aug 11 02:15:16 UTC 2026
✅ Commit 6 on Tue Aug 11 02:15:16 UTC 2026
✅ Commit 7 on Tue Aug 11 02:15:16 UTC 2026
✅ Commit 8 on Tue Aug 11 02:15:16 UTC 2026
✅ Commit 9 on Tue Aug 11 02:15:16 UTC 2026
✅ Commit 10 on Tue Aug 11 02:15:16 UTC 2026
✅ Commit 11 on Tue Aug 11 02:15:16 UTC 2026
✅ Commit 12 on Tue Aug 11 02:15:16 UTC 2026
✅ Commit 1 on Tue Aug 11 07:09:26 UTC 2026
✅ Commit 2 on Tue Aug 11 07:09:26 UTC 2026
✅ Commit 3 on Tue Aug 11 07:09:26 UTC 2026
✅ Commit 4 on Tue Aug 11 07:09:26 UTC 2026
✅ Commit 5 on Tue Aug 11 07:09:26 UTC 2026
✅ Commit 6 on Tue Aug 11 07:09:26 UTC 2026
✅ Commit 7 on Tue Aug 11 07:09:26 UTC 2026
✅ Commit 8 on Tue Aug 11 07:09:26 UTC 2026
✅ Commit 9 on Tue Aug 11 07:09:26 UTC 2026
✅ Commit 10 on Tue Aug 11 07:09:27 UTC 2026
✅ Commit 11 on Tue Aug 11 07:09:27 UTC 2026
✅ Commit 12 on Tue Aug 11 07:09:27 UTC 2026
✅ Commit 1 on Tue Aug 11 13:18:51 UTC 2026
✅ Commit 2 on Tue Aug 11 13:18:52 UTC 2026
✅ Commit 3 on Tue Aug 11 13:18:52 UTC 2026
✅ Commit 4 on Tue Aug 11 13:18:52 UTC 2026
✅ Commit 5 on Tue Aug 11 13:18:52 UTC 2026
✅ Commit 6 on Tue Aug 11 13:18:52 UTC 2026
✅ Commit 7 on Tue Aug 11 13:18:52 UTC 2026
✅ Commit 8 on Tue Aug 11 13:18:52 UTC 2026
✅ Commit 9 on Tue Aug 11 13:18:52 UTC 2026
✅ Commit 10 on Tue Aug 11 13:18:52 UTC 2026
✅ Commit 11 on Tue Aug 11 13:18:52 UTC 2026
✅ Commit 12 on Tue Aug 11 13:18:52 UTC 2026
✅ Commit 1 on Tue Aug 11 18:42:21 UTC 2026
✅ Commit 2 on Tue Aug 11 18:42:21 UTC 2026
✅ Commit 3 on Tue Aug 11 18:42:21 UTC 2026
✅ Commit 4 on Tue Aug 11 18:42:21 UTC 2026
✅ Commit 5 on Tue Aug 11 18:42:21 UTC 2026
✅ Commit 6 on Tue Aug 11 18:42:21 UTC 2026
✅ Commit 7 on Tue Aug 11 18:42:21 UTC 2026
✅ Commit 8 on Tue Aug 11 18:42:21 UTC 2026
✅ Commit 9 on Tue Aug 11 18:42:21 UTC 2026
✅ Commit 10 on Tue Aug 11 18:42:21 UTC 2026
✅ Commit 11 on Tue Aug 11 18:42:21 UTC 2026
✅ Commit 12 on Tue Aug 11 18:42:21 UTC 2026
✅ Commit 1 on Wed Aug 12 02:31:17 UTC 2026
✅ Commit 2 on Wed Aug 12 02:31:17 UTC 2026
✅ Commit 3 on Wed Aug 12 02:31:17 UTC 2026
✅ Commit 4 on Wed Aug 12 02:31:17 UTC 2026
✅ Commit 5 on Wed Aug 12 02:31:17 UTC 2026
✅ Commit 6 on Wed Aug 12 02:31:17 UTC 2026
✅ Commit 7 on Wed Aug 12 02:31:17 UTC 2026
✅ Commit 8 on Wed Aug 12 02:31:17 UTC 2026
✅ Commit 9 on Wed Aug 12 02:31:17 UTC 2026
✅ Commit 10 on Wed Aug 12 02:31:17 UTC 2026
✅ Commit 11 on Wed Aug 12 02:31:17 UTC 2026
✅ Commit 12 on Wed Aug 12 02:31:17 UTC 2026
✅ Commit 1 on Wed Aug 12 07:25:49 UTC 2026
✅ Commit 2 on Wed Aug 12 07:25:49 UTC 2026
✅ Commit 3 on Wed Aug 12 07:25:49 UTC 2026
✅ Commit 4 on Wed Aug 12 07:25:49 UTC 2026
✅ Commit 5 on Wed Aug 12 07:25:49 UTC 2026
✅ Commit 6 on Wed Aug 12 07:25:49 UTC 2026
✅ Commit 7 on Wed Aug 12 07:25:49 UTC 2026
✅ Commit 8 on Wed Aug 12 07:25:49 UTC 2026
✅ Commit 9 on Wed Aug 12 07:25:49 UTC 2026
✅ Commit 10 on Wed Aug 12 07:25:49 UTC 2026
✅ Commit 11 on Wed Aug 12 07:25:49 UTC 2026
✅ Commit 12 on Wed Aug 12 07:25:49 UTC 2026
✅ Commit 1 on Wed Aug 12 13:22:48 UTC 2026
✅ Commit 2 on Wed Aug 12 13:22:48 UTC 2026
✅ Commit 3 on Wed Aug 12 13:22:48 UTC 2026
✅ Commit 4 on Wed Aug 12 13:22:48 UTC 2026
✅ Commit 5 on Wed Aug 12 13:22:48 UTC 2026
✅ Commit 6 on Wed Aug 12 13:22:48 UTC 2026
✅ Commit 7 on Wed Aug 12 13:22:48 UTC 2026
✅ Commit 8 on Wed Aug 12 13:22:49 UTC 2026
✅ Commit 9 on Wed Aug 12 13:22:49 UTC 2026
✅ Commit 10 on Wed Aug 12 13:22:49 UTC 2026
✅ Commit 11 on Wed Aug 12 13:22:49 UTC 2026
✅ Commit 12 on Wed Aug 12 13:22:49 UTC 2026
✅ Commit 1 on Wed Aug 12 18:43:18 UTC 2026
✅ Commit 2 on Wed Aug 12 18:43:18 UTC 2026
✅ Commit 3 on Wed Aug 12 18:43:18 UTC 2026
✅ Commit 4 on Wed Aug 12 18:43:18 UTC 2026
✅ Commit 5 on Wed Aug 12 18:43:18 UTC 2026
✅ Commit 6 on Wed Aug 12 18:43:18 UTC 2026
✅ Commit 7 on Wed Aug 12 18:43:18 UTC 2026
✅ Commit 8 on Wed Aug 12 18:43:18 UTC 2026
✅ Commit 9 on Wed Aug 12 18:43:18 UTC 2026
✅ Commit 10 on Wed Aug 12 18:43:18 UTC 2026
✅ Commit 11 on Wed Aug 12 18:43:18 UTC 2026
✅ Commit 12 on Wed Aug 12 18:43:18 UTC 2026
✅ Commit 1 on Thu Aug 13 02:32:51 UTC 2026
✅ Commit 2 on Thu Aug 13 02:32:51 UTC 2026
✅ Commit 3 on Thu Aug 13 02:32:51 UTC 2026
✅ Commit 4 on Thu Aug 13 02:32:51 UTC 2026
✅ Commit 5 on Thu Aug 13 02:32:51 UTC 2026
✅ Commit 6 on Thu Aug 13 02:32:51 UTC 2026
✅ Commit 7 on Thu Aug 13 02:32:51 UTC 2026
✅ Commit 8 on Thu Aug 13 02:32:51 UTC 2026
✅ Commit 9 on Thu Aug 13 02:32:51 UTC 2026
✅ Commit 10 on Thu Aug 13 02:32:51 UTC 2026
✅ Commit 11 on Thu Aug 13 02:32:51 UTC 2026
✅ Commit 12 on Thu Aug 13 02:32:51 UTC 2026
✅ Commit 1 on Thu Aug 13 07:35:32 UTC 2026
✅ Commit 2 on Thu Aug 13 07:35:32 UTC 2026
✅ Commit 3 on Thu Aug 13 07:35:32 UTC 2026
✅ Commit 4 on Thu Aug 13 07:35:32 UTC 2026
✅ Commit 5 on Thu Aug 13 07:35:32 UTC 2026
✅ Commit 6 on Thu Aug 13 07:35:32 UTC 2026
✅ Commit 7 on Thu Aug 13 07:35:32 UTC 2026
✅ Commit 8 on Thu Aug 13 07:35:33 UTC 2026
✅ Commit 9 on Thu Aug 13 07:35:33 UTC 2026
✅ Commit 10 on Thu Aug 13 07:35:33 UTC 2026
✅ Commit 11 on Thu Aug 13 07:35:33 UTC 2026
✅ Commit 12 on Thu Aug 13 07:35:33 UTC 2026
✅ Commit 1 on Thu Aug 13 13:24:37 UTC 2026
✅ Commit 2 on Thu Aug 13 13:24:37 UTC 2026
✅ Commit 3 on Thu Aug 13 13:24:37 UTC 2026
✅ Commit 4 on Thu Aug 13 13:24:37 UTC 2026
✅ Commit 5 on Thu Aug 13 13:24:37 UTC 2026
✅ Commit 6 on Thu Aug 13 13:24:37 UTC 2026
✅ Commit 7 on Thu Aug 13 13:24:37 UTC 2026
✅ Commit 8 on Thu Aug 13 13:24:37 UTC 2026
✅ Commit 9 on Thu Aug 13 13:24:37 UTC 2026
✅ Commit 10 on Thu Aug 13 13:24:37 UTC 2026
✅ Commit 11 on Thu Aug 13 13:24:38 UTC 2026
✅ Commit 12 on Thu Aug 13 13:24:38 UTC 2026
✅ Commit 1 on Thu Aug 13 18:44:05 UTC 2026
✅ Commit 2 on Thu Aug 13 18:44:05 UTC 2026
✅ Commit 3 on Thu Aug 13 18:44:05 UTC 2026
✅ Commit 4 on Thu Aug 13 18:44:05 UTC 2026
✅ Commit 5 on Thu Aug 13 18:44:05 UTC 2026
✅ Commit 6 on Thu Aug 13 18:44:05 UTC 2026
✅ Commit 7 on Thu Aug 13 18:44:05 UTC 2026
✅ Commit 8 on Thu Aug 13 18:44:05 UTC 2026
✅ Commit 9 on Thu Aug 13 18:44:05 UTC 2026
✅ Commit 10 on Thu Aug 13 18:44:05 UTC 2026
✅ Commit 11 on Thu Aug 13 18:44:05 UTC 2026
✅ Commit 12 on Thu Aug 13 18:44:05 UTC 2026
✅ Commit 1 on Fri Aug 14 02:31:11 UTC 2026
✅ Commit 2 on Fri Aug 14 02:31:11 UTC 2026
✅ Commit 3 on Fri Aug 14 02:31:11 UTC 2026
✅ Commit 4 on Fri Aug 14 02:31:11 UTC 2026
✅ Commit 5 on Fri Aug 14 02:31:11 UTC 2026
✅ Commit 6 on Fri Aug 14 02:31:11 UTC 2026
✅ Commit 7 on Fri Aug 14 02:31:11 UTC 2026
✅ Commit 8 on Fri Aug 14 02:31:11 UTC 2026
✅ Commit 9 on Fri Aug 14 02:31:11 UTC 2026
✅ Commit 10 on Fri Aug 14 02:31:11 UTC 2026
✅ Commit 11 on Fri Aug 14 02:31:11 UTC 2026
✅ Commit 12 on Fri Aug 14 02:31:11 UTC 2026
✅ Commit 1 on Fri Aug 14 07:25:24 UTC 2026
✅ Commit 2 on Fri Aug 14 07:25:24 UTC 2026
✅ Commit 3 on Fri Aug 14 07:25:24 UTC 2026
✅ Commit 4 on Fri Aug 14 07:25:24 UTC 2026
✅ Commit 5 on Fri Aug 14 07:25:24 UTC 2026
✅ Commit 6 on Fri Aug 14 07:25:24 UTC 2026
✅ Commit 7 on Fri Aug 14 07:25:24 UTC 2026
✅ Commit 8 on Fri Aug 14 07:25:24 UTC 2026
✅ Commit 9 on Fri Aug 14 07:25:24 UTC 2026
✅ Commit 10 on Fri Aug 14 07:25:24 UTC 2026
✅ Commit 11 on Fri Aug 14 07:25:24 UTC 2026
✅ Commit 12 on Fri Aug 14 07:25:24 UTC 2026
✅ Commit 1 on Fri Aug 14 13:19:07 UTC 2026
✅ Commit 2 on Fri Aug 14 13:19:07 UTC 2026
✅ Commit 3 on Fri Aug 14 13:19:07 UTC 2026
✅ Commit 4 on Fri Aug 14 13:19:07 UTC 2026
✅ Commit 5 on Fri Aug 14 13:19:07 UTC 2026
✅ Commit 6 on Fri Aug 14 13:19:07 UTC 2026
✅ Commit 7 on Fri Aug 14 13:19:07 UTC 2026
✅ Commit 8 on Fri Aug 14 13:19:07 UTC 2026
✅ Commit 9 on Fri Aug 14 13:19:07 UTC 2026
✅ Commit 10 on Fri Aug 14 13:19:07 UTC 2026
✅ Commit 11 on Fri Aug 14 13:19:07 UTC 2026
✅ Commit 12 on Fri Aug 14 13:19:07 UTC 2026
✅ Commit 1 on Fri Aug 14 18:37:14 UTC 2026
✅ Commit 2 on Fri Aug 14 18:37:14 UTC 2026
✅ Commit 3 on Fri Aug 14 18:37:14 UTC 2026
✅ Commit 4 on Fri Aug 14 18:37:14 UTC 2026
✅ Commit 5 on Fri Aug 14 18:37:14 UTC 2026
✅ Commit 6 on Fri Aug 14 18:37:15 UTC 2026
✅ Commit 7 on Fri Aug 14 18:37:15 UTC 2026
✅ Commit 8 on Fri Aug 14 18:37:15 UTC 2026
✅ Commit 9 on Fri Aug 14 18:37:15 UTC 2026
✅ Commit 10 on Fri Aug 14 18:37:15 UTC 2026
✅ Commit 11 on Fri Aug 14 18:37:15 UTC 2026
✅ Commit 12 on Fri Aug 14 18:37:15 UTC 2026
✅ Commit 1 on Sat Aug 15 01:40:42 UTC 2026
✅ Commit 2 on Sat Aug 15 01:40:42 UTC 2026
✅ Commit 3 on Sat Aug 15 01:40:42 UTC 2026
✅ Commit 4 on Sat Aug 15 01:40:42 UTC 2026
✅ Commit 5 on Sat Aug 15 01:40:42 UTC 2026
✅ Commit 6 on Sat Aug 15 01:40:42 UTC 2026
✅ Commit 7 on Sat Aug 15 01:40:42 UTC 2026
✅ Commit 8 on Sat Aug 15 01:40:42 UTC 2026
✅ Commit 9 on Sat Aug 15 01:40:42 UTC 2026
✅ Commit 10 on Sat Aug 15 01:40:42 UTC 2026
✅ Commit 11 on Sat Aug 15 01:40:42 UTC 2026
✅ Commit 12 on Sat Aug 15 01:40:42 UTC 2026
✅ Commit 1 on Sat Aug 15 06:39:19 UTC 2026
✅ Commit 2 on Sat Aug 15 06:39:19 UTC 2026
✅ Commit 3 on Sat Aug 15 06:39:19 UTC 2026
✅ Commit 4 on Sat Aug 15 06:39:19 UTC 2026
✅ Commit 5 on Sat Aug 15 06:39:19 UTC 2026
✅ Commit 6 on Sat Aug 15 06:39:19 UTC 2026
✅ Commit 7 on Sat Aug 15 06:39:19 UTC 2026
✅ Commit 8 on Sat Aug 15 06:39:19 UTC 2026
✅ Commit 9 on Sat Aug 15 06:39:19 UTC 2026
✅ Commit 10 on Sat Aug 15 06:39:19 UTC 2026
✅ Commit 11 on Sat Aug 15 06:39:19 UTC 2026
✅ Commit 12 on Sat Aug 15 06:39:19 UTC 2026
✅ Commit 1 on Sat Aug 15 12:49:06 UTC 2026
✅ Commit 2 on Sat Aug 15 12:49:06 UTC 2026
✅ Commit 3 on Sat Aug 15 12:49:06 UTC 2026
✅ Commit 4 on Sat Aug 15 12:49:06 UTC 2026
✅ Commit 5 on Sat Aug 15 12:49:06 UTC 2026
✅ Commit 6 on Sat Aug 15 12:49:06 UTC 2026
✅ Commit 7 on Sat Aug 15 12:49:06 UTC 2026
✅ Commit 8 on Sat Aug 15 12:49:06 UTC 2026
✅ Commit 9 on Sat Aug 15 12:49:06 UTC 2026
✅ Commit 10 on Sat Aug 15 12:49:06 UTC 2026
✅ Commit 11 on Sat Aug 15 12:49:06 UTC 2026
✅ Commit 12 on Sat Aug 15 12:49:06 UTC 2026
✅ Commit 1 on Sat Aug 15 18:10:11 UTC 2026
✅ Commit 2 on Sat Aug 15 18:10:11 UTC 2026
✅ Commit 3 on Sat Aug 15 18:10:11 UTC 2026
✅ Commit 4 on Sat Aug 15 18:10:11 UTC 2026
✅ Commit 5 on Sat Aug 15 18:10:11 UTC 2026
✅ Commit 6 on Sat Aug 15 18:10:11 UTC 2026
✅ Commit 7 on Sat Aug 15 18:10:11 UTC 2026
✅ Commit 8 on Sat Aug 15 18:10:11 UTC 2026
✅ Commit 9 on Sat Aug 15 18:10:11 UTC 2026
✅ Commit 10 on Sat Aug 15 18:10:11 UTC 2026
✅ Commit 11 on Sat Aug 15 18:10:11 UTC 2026
✅ Commit 12 on Sat Aug 15 18:10:11 UTC 2026
✅ Commit 1 on Sun Aug 16 01:48:13 UTC 2026
✅ Commit 2 on Sun Aug 16 01:48:13 UTC 2026
✅ Commit 3 on Sun Aug 16 01:48:13 UTC 2026
✅ Commit 4 on Sun Aug 16 01:48:13 UTC 2026
✅ Commit 5 on Sun Aug 16 01:48:13 UTC 2026
✅ Commit 6 on Sun Aug 16 01:48:13 UTC 2026
✅ Commit 7 on Sun Aug 16 01:48:13 UTC 2026
✅ Commit 8 on Sun Aug 16 01:48:13 UTC 2026
✅ Commit 9 on Sun Aug 16 01:48:13 UTC 2026
✅ Commit 10 on Sun Aug 16 01:48:13 UTC 2026
✅ Commit 11 on Sun Aug 16 01:48:14 UTC 2026
✅ Commit 12 on Sun Aug 16 01:48:14 UTC 2026
✅ Commit 1 on Sun Aug 16 06:40:36 UTC 2026
✅ Commit 2 on Sun Aug 16 06:40:36 UTC 2026
✅ Commit 3 on Sun Aug 16 06:40:36 UTC 2026
✅ Commit 4 on Sun Aug 16 06:40:36 UTC 2026
✅ Commit 5 on Sun Aug 16 06:40:36 UTC 2026
✅ Commit 6 on Sun Aug 16 06:40:37 UTC 2026
✅ Commit 7 on Sun Aug 16 06:40:37 UTC 2026
✅ Commit 8 on Sun Aug 16 06:40:37 UTC 2026
✅ Commit 9 on Sun Aug 16 06:40:37 UTC 2026
✅ Commit 10 on Sun Aug 16 06:40:37 UTC 2026
✅ Commit 11 on Sun Aug 16 06:40:37 UTC 2026
✅ Commit 12 on Sun Aug 16 06:40:37 UTC 2026
✅ Commit 1 on Sun Aug 16 12:50:29 UTC 2026
✅ Commit 2 on Sun Aug 16 12:50:29 UTC 2026
✅ Commit 3 on Sun Aug 16 12:50:29 UTC 2026
✅ Commit 4 on Sun Aug 16 12:50:29 UTC 2026
✅ Commit 5 on Sun Aug 16 12:50:29 UTC 2026
✅ Commit 6 on Sun Aug 16 12:50:29 UTC 2026
✅ Commit 7 on Sun Aug 16 12:50:29 UTC 2026
✅ Commit 8 on Sun Aug 16 12:50:29 UTC 2026
✅ Commit 9 on Sun Aug 16 12:50:29 UTC 2026
✅ Commit 10 on Sun Aug 16 12:50:29 UTC 2026
✅ Commit 11 on Sun Aug 16 12:50:29 UTC 2026
✅ Commit 12 on Sun Aug 16 12:50:29 UTC 2026
✅ Commit 1 on Sun Aug 16 18:10:35 UTC 2026
✅ Commit 2 on Sun Aug 16 18:10:35 UTC 2026
✅ Commit 3 on Sun Aug 16 18:10:35 UTC 2026
✅ Commit 4 on Sun Aug 16 18:10:35 UTC 2026
✅ Commit 5 on Sun Aug 16 18:10:35 UTC 2026
✅ Commit 6 on Sun Aug 16 18:10:35 UTC 2026
✅ Commit 7 on Sun Aug 16 18:10:35 UTC 2026
✅ Commit 8 on Sun Aug 16 18:10:36 UTC 2026
✅ Commit 9 on Sun Aug 16 18:10:36 UTC 2026
✅ Commit 10 on Sun Aug 16 18:10:36 UTC 2026
✅ Commit 11 on Sun Aug 16 18:10:36 UTC 2026
✅ Commit 12 on Sun Aug 16 18:10:36 UTC 2026
✅ Commit 1 on Mon Aug 17 01:46:06 UTC 2026
✅ Commit 2 on Mon Aug 17 01:46:06 UTC 2026
✅ Commit 3 on Mon Aug 17 01:46:06 UTC 2026
✅ Commit 4 on Mon Aug 17 01:46:06 UTC 2026
✅ Commit 5 on Mon Aug 17 01:46:06 UTC 2026
✅ Commit 6 on Mon Aug 17 01:46:06 UTC 2026
✅ Commit 7 on Mon Aug 17 01:46:06 UTC 2026
✅ Commit 8 on Mon Aug 17 01:46:06 UTC 2026
✅ Commit 9 on Mon Aug 17 01:46:06 UTC 2026
✅ Commit 10 on Mon Aug 17 01:46:06 UTC 2026
✅ Commit 11 on Mon Aug 17 01:46:06 UTC 2026
✅ Commit 12 on Mon Aug 17 01:46:06 UTC 2026
✅ Commit 1 on Mon Aug 17 06:56:48 UTC 2026
✅ Commit 2 on Mon Aug 17 06:56:49 UTC 2026
✅ Commit 3 on Mon Aug 17 06:56:49 UTC 2026
✅ Commit 4 on Mon Aug 17 06:56:49 UTC 2026
✅ Commit 5 on Mon Aug 17 06:56:49 UTC 2026
✅ Commit 6 on Mon Aug 17 06:56:49 UTC 2026
✅ Commit 7 on Mon Aug 17 06:56:49 UTC 2026
✅ Commit 8 on Mon Aug 17 06:56:49 UTC 2026
✅ Commit 9 on Mon Aug 17 06:56:49 UTC 2026
✅ Commit 10 on Mon Aug 17 06:56:49 UTC 2026
✅ Commit 11 on Mon Aug 17 06:56:49 UTC 2026
✅ Commit 12 on Mon Aug 17 06:56:49 UTC 2026
✅ Commit 1 on Mon Aug 17 12:55:00 UTC 2026
✅ Commit 2 on Mon Aug 17 12:55:00 UTC 2026
✅ Commit 3 on Mon Aug 17 12:55:00 UTC 2026
✅ Commit 4 on Mon Aug 17 12:55:00 UTC 2026
✅ Commit 5 on Mon Aug 17 12:55:00 UTC 2026
✅ Commit 6 on Mon Aug 17 12:55:00 UTC 2026
✅ Commit 7 on Mon Aug 17 12:55:00 UTC 2026
✅ Commit 8 on Mon Aug 17 12:55:00 UTC 2026
✅ Commit 9 on Mon Aug 17 12:55:00 UTC 2026
✅ Commit 10 on Mon Aug 17 12:55:00 UTC 2026
✅ Commit 11 on Mon Aug 17 12:55:00 UTC 2026
✅ Commit 12 on Mon Aug 17 12:55:00 UTC 2026
✅ Commit 1 on Mon Aug 17 18:19:20 UTC 2026
✅ Commit 2 on Mon Aug 17 18:19:20 UTC 2026
✅ Commit 3 on Mon Aug 17 18:19:20 UTC 2026
✅ Commit 4 on Mon Aug 17 18:19:20 UTC 2026
✅ Commit 5 on Mon Aug 17 18:19:20 UTC 2026
✅ Commit 6 on Mon Aug 17 18:19:20 UTC 2026
✅ Commit 7 on Mon Aug 17 18:19:20 UTC 2026
✅ Commit 8 on Mon Aug 17 18:19:20 UTC 2026
✅ Commit 9 on Mon Aug 17 18:19:20 UTC 2026
✅ Commit 10 on Mon Aug 17 18:19:20 UTC 2026
✅ Commit 11 on Mon Aug 17 18:19:20 UTC 2026
✅ Commit 12 on Mon Aug 17 18:19:20 UTC 2026
✅ Commit 1 on Tue Aug 18 01:40:54 UTC 2026
✅ Commit 2 on Tue Aug 18 01:40:54 UTC 2026
✅ Commit 3 on Tue Aug 18 01:40:54 UTC 2026
✅ Commit 4 on Tue Aug 18 01:40:54 UTC 2026
✅ Commit 5 on Tue Aug 18 01:40:55 UTC 2026
✅ Commit 6 on Tue Aug 18 01:40:55 UTC 2026
✅ Commit 7 on Tue Aug 18 01:40:55 UTC 2026
✅ Commit 8 on Tue Aug 18 01:40:55 UTC 2026
✅ Commit 9 on Tue Aug 18 01:40:55 UTC 2026
✅ Commit 10 on Tue Aug 18 01:40:55 UTC 2026
✅ Commit 11 on Tue Aug 18 01:40:55 UTC 2026
✅ Commit 12 on Tue Aug 18 01:40:55 UTC 2026
✅ Commit 1 on Tue Aug 18 06:43:54 UTC 2026
✅ Commit 2 on Tue Aug 18 06:43:54 UTC 2026
✅ Commit 3 on Tue Aug 18 06:43:54 UTC 2026
✅ Commit 4 on Tue Aug 18 06:43:54 UTC 2026
✅ Commit 5 on Tue Aug 18 06:43:54 UTC 2026
✅ Commit 6 on Tue Aug 18 06:43:55 UTC 2026
✅ Commit 7 on Tue Aug 18 06:43:55 UTC 2026
✅ Commit 8 on Tue Aug 18 06:43:55 UTC 2026
✅ Commit 9 on Tue Aug 18 06:43:55 UTC 2026
✅ Commit 10 on Tue Aug 18 06:43:55 UTC 2026
✅ Commit 11 on Tue Aug 18 06:43:55 UTC 2026
✅ Commit 12 on Tue Aug 18 06:43:55 UTC 2026
✅ Commit 1 on Tue Aug 18 12:56:38 UTC 2026
✅ Commit 2 on Tue Aug 18 12:56:38 UTC 2026
✅ Commit 3 on Tue Aug 18 12:56:38 UTC 2026
✅ Commit 4 on Tue Aug 18 12:56:38 UTC 2026
✅ Commit 5 on Tue Aug 18 12:56:38 UTC 2026
✅ Commit 6 on Tue Aug 18 12:56:38 UTC 2026
✅ Commit 7 on Tue Aug 18 12:56:38 UTC 2026
✅ Commit 8 on Tue Aug 18 12:56:38 UTC 2026
✅ Commit 9 on Tue Aug 18 12:56:38 UTC 2026
✅ Commit 10 on Tue Aug 18 12:56:38 UTC 2026
✅ Commit 11 on Tue Aug 18 12:56:38 UTC 2026
✅ Commit 12 on Tue Aug 18 12:56:38 UTC 2026
✅ Commit 1 on Tue Aug 18 18:18:09 UTC 2026
✅ Commit 2 on Tue Aug 18 18:18:09 UTC 2026
✅ Commit 3 on Tue Aug 18 18:18:09 UTC 2026
✅ Commit 4 on Tue Aug 18 18:18:09 UTC 2026
✅ Commit 5 on Tue Aug 18 18:18:09 UTC 2026
✅ Commit 6 on Tue Aug 18 18:18:09 UTC 2026
✅ Commit 7 on Tue Aug 18 18:18:09 UTC 2026
✅ Commit 8 on Tue Aug 18 18:18:09 UTC 2026
✅ Commit 9 on Tue Aug 18 18:18:09 UTC 2026
✅ Commit 10 on Tue Aug 18 18:18:09 UTC 2026
✅ Commit 11 on Tue Aug 18 18:18:09 UTC 2026
✅ Commit 12 on Tue Aug 18 18:18:09 UTC 2026
✅ Commit 1 on Wed Aug 19 01:42:53 UTC 2026
✅ Commit 2 on Wed Aug 19 01:42:53 UTC 2026
✅ Commit 3 on Wed Aug 19 01:42:53 UTC 2026
✅ Commit 4 on Wed Aug 19 01:42:53 UTC 2026
✅ Commit 5 on Wed Aug 19 01:42:53 UTC 2026
✅ Commit 6 on Wed Aug 19 01:42:53 UTC 2026
✅ Commit 7 on Wed Aug 19 01:42:53 UTC 2026
✅ Commit 8 on Wed Aug 19 01:42:53 UTC 2026
✅ Commit 9 on Wed Aug 19 01:42:53 UTC 2026
✅ Commit 10 on Wed Aug 19 01:42:53 UTC 2026
✅ Commit 11 on Wed Aug 19 01:42:53 UTC 2026
✅ Commit 12 on Wed Aug 19 01:42:53 UTC 2026
✅ Commit 1 on Wed Aug 19 06:45:16 UTC 2026
✅ Commit 2 on Wed Aug 19 06:45:16 UTC 2026
✅ Commit 3 on Wed Aug 19 06:45:16 UTC 2026
✅ Commit 4 on Wed Aug 19 06:45:16 UTC 2026
✅ Commit 5 on Wed Aug 19 06:45:16 UTC 2026
✅ Commit 6 on Wed Aug 19 06:45:16 UTC 2026
✅ Commit 7 on Wed Aug 19 06:45:16 UTC 2026
✅ Commit 8 on Wed Aug 19 06:45:16 UTC 2026
✅ Commit 9 on Wed Aug 19 06:45:17 UTC 2026
✅ Commit 10 on Wed Aug 19 06:45:17 UTC 2026
✅ Commit 11 on Wed Aug 19 06:45:17 UTC 2026
✅ Commit 12 on Wed Aug 19 06:45:17 UTC 2026
✅ Commit 1 on Wed Aug 19 12:57:36 UTC 2026
✅ Commit 2 on Wed Aug 19 12:57:36 UTC 2026
✅ Commit 3 on Wed Aug 19 12:57:36 UTC 2026
✅ Commit 4 on Wed Aug 19 12:57:36 UTC 2026
✅ Commit 5 on Wed Aug 19 12:57:36 UTC 2026
✅ Commit 6 on Wed Aug 19 12:57:36 UTC 2026
✅ Commit 7 on Wed Aug 19 12:57:36 UTC 2026
✅ Commit 8 on Wed Aug 19 12:57:36 UTC 2026
✅ Commit 9 on Wed Aug 19 12:57:36 UTC 2026
✅ Commit 10 on Wed Aug 19 12:57:36 UTC 2026
✅ Commit 11 on Wed Aug 19 12:57:36 UTC 2026
✅ Commit 12 on Wed Aug 19 12:57:36 UTC 2026
✅ Commit 1 on Wed Aug 19 18:15:02 UTC 2026
✅ Commit 2 on Wed Aug 19 18:15:02 UTC 2026
✅ Commit 3 on Wed Aug 19 18:15:02 UTC 2026
✅ Commit 4 on Wed Aug 19 18:15:02 UTC 2026
✅ Commit 5 on Wed Aug 19 18:15:02 UTC 2026
✅ Commit 6 on Wed Aug 19 18:15:02 UTC 2026
✅ Commit 7 on Wed Aug 19 18:15:02 UTC 2026
✅ Commit 8 on Wed Aug 19 18:15:02 UTC 2026
✅ Commit 9 on Wed Aug 19 18:15:02 UTC 2026
✅ Commit 10 on Wed Aug 19 18:15:02 UTC 2026
✅ Commit 11 on Wed Aug 19 18:15:02 UTC 2026
✅ Commit 12 on Wed Aug 19 18:15:02 UTC 2026
✅ Commit 1 on Thu Aug 20 01:41:33 UTC 2026
✅ Commit 2 on Thu Aug 20 01:41:33 UTC 2026
✅ Commit 3 on Thu Aug 20 01:41:33 UTC 2026
✅ Commit 4 on Thu Aug 20 01:41:33 UTC 2026
✅ Commit 5 on Thu Aug 20 01:41:33 UTC 2026
✅ Commit 6 on Thu Aug 20 01:41:33 UTC 2026
✅ Commit 7 on Thu Aug 20 01:41:33 UTC 2026
✅ Commit 8 on Thu Aug 20 01:41:33 UTC 2026
✅ Commit 9 on Thu Aug 20 01:41:33 UTC 2026
✅ Commit 10 on Thu Aug 20 01:41:33 UTC 2026
✅ Commit 11 on Thu Aug 20 01:41:33 UTC 2026
✅ Commit 12 on Thu Aug 20 01:41:33 UTC 2026
✅ Commit 1 on Thu Aug 20 06:48:02 UTC 2026
✅ Commit 2 on Thu Aug 20 06:48:02 UTC 2026
✅ Commit 3 on Thu Aug 20 06:48:02 UTC 2026
✅ Commit 4 on Thu Aug 20 06:48:02 UTC 2026
✅ Commit 5 on Thu Aug 20 06:48:02 UTC 2026
✅ Commit 6 on Thu Aug 20 06:48:02 UTC 2026
✅ Commit 7 on Thu Aug 20 06:48:02 UTC 2026
✅ Commit 8 on Thu Aug 20 06:48:02 UTC 2026
✅ Commit 9 on Thu Aug 20 06:48:02 UTC 2026
✅ Commit 10 on Thu Aug 20 06:48:02 UTC 2026
✅ Commit 11 on Thu Aug 20 06:48:03 UTC 2026
✅ Commit 12 on Thu Aug 20 06:48:03 UTC 2026
✅ Commit 1 on Thu Aug 20 12:59:45 UTC 2026
✅ Commit 2 on Thu Aug 20 12:59:45 UTC 2026
✅ Commit 3 on Thu Aug 20 12:59:45 UTC 2026
✅ Commit 4 on Thu Aug 20 12:59:45 UTC 2026
✅ Commit 5 on Thu Aug 20 12:59:45 UTC 2026
✅ Commit 6 on Thu Aug 20 12:59:45 UTC 2026
✅ Commit 7 on Thu Aug 20 12:59:45 UTC 2026
✅ Commit 8 on Thu Aug 20 12:59:45 UTC 2026
✅ Commit 9 on Thu Aug 20 12:59:45 UTC 2026
✅ Commit 10 on Thu Aug 20 12:59:45 UTC 2026
✅ Commit 11 on Thu Aug 20 12:59:45 UTC 2026
✅ Commit 12 on Thu Aug 20 12:59:45 UTC 2026
✅ Commit 1 on Thu Aug 20 18:19:19 UTC 2026
✅ Commit 2 on Thu Aug 20 18:19:19 UTC 2026
✅ Commit 3 on Thu Aug 20 18:19:19 UTC 2026
✅ Commit 4 on Thu Aug 20 18:19:19 UTC 2026
✅ Commit 5 on Thu Aug 20 18:19:19 UTC 2026
✅ Commit 6 on Thu Aug 20 18:19:19 UTC 2026
✅ Commit 7 on Thu Aug 20 18:19:19 UTC 2026
✅ Commit 8 on Thu Aug 20 18:19:19 UTC 2026
✅ Commit 9 on Thu Aug 20 18:19:19 UTC 2026
✅ Commit 10 on Thu Aug 20 18:19:19 UTC 2026
✅ Commit 11 on Thu Aug 20 18:19:19 UTC 2026
✅ Commit 12 on Thu Aug 20 18:19:19 UTC 2026
✅ Commit 1 on Fri Aug 21 01:46:57 UTC 2026
✅ Commit 2 on Fri Aug 21 01:46:58 UTC 2026
✅ Commit 3 on Fri Aug 21 01:46:58 UTC 2026
✅ Commit 4 on Fri Aug 21 01:46:58 UTC 2026
✅ Commit 5 on Fri Aug 21 01:46:58 UTC 2026
✅ Commit 6 on Fri Aug 21 01:46:58 UTC 2026
✅ Commit 7 on Fri Aug 21 01:46:58 UTC 2026
✅ Commit 8 on Fri Aug 21 01:46:58 UTC 2026
✅ Commit 9 on Fri Aug 21 01:46:58 UTC 2026
✅ Commit 10 on Fri Aug 21 01:46:58 UTC 2026
✅ Commit 11 on Fri Aug 21 01:46:58 UTC 2026
✅ Commit 12 on Fri Aug 21 01:46:58 UTC 2026
✅ Commit 1 on Fri Aug 21 06:49:14 UTC 2026
✅ Commit 2 on Fri Aug 21 06:49:14 UTC 2026
✅ Commit 3 on Fri Aug 21 06:49:14 UTC 2026
✅ Commit 4 on Fri Aug 21 06:49:14 UTC 2026
✅ Commit 5 on Fri Aug 21 06:49:14 UTC 2026
✅ Commit 6 on Fri Aug 21 06:49:14 UTC 2026
✅ Commit 7 on Fri Aug 21 06:49:14 UTC 2026
✅ Commit 8 on Fri Aug 21 06:49:14 UTC 2026
✅ Commit 9 on Fri Aug 21 06:49:14 UTC 2026
✅ Commit 10 on Fri Aug 21 06:49:14 UTC 2026
✅ Commit 11 on Fri Aug 21 06:49:14 UTC 2026
✅ Commit 12 on Fri Aug 21 06:49:14 UTC 2026
✅ Commit 1 on Fri Aug 21 12:59:00 UTC 2026
✅ Commit 2 on Fri Aug 21 12:59:00 UTC 2026
✅ Commit 3 on Fri Aug 21 12:59:00 UTC 2026
✅ Commit 4 on Fri Aug 21 12:59:00 UTC 2026
✅ Commit 5 on Fri Aug 21 12:59:00 UTC 2026
✅ Commit 6 on Fri Aug 21 12:59:00 UTC 2026
✅ Commit 7 on Fri Aug 21 12:59:00 UTC 2026
✅ Commit 8 on Fri Aug 21 12:59:00 UTC 2026
✅ Commit 9 on Fri Aug 21 12:59:00 UTC 2026
✅ Commit 10 on Fri Aug 21 12:59:00 UTC 2026
✅ Commit 11 on Fri Aug 21 12:59:00 UTC 2026
✅ Commit 12 on Fri Aug 21 12:59:00 UTC 2026
✅ Commit 1 on Fri Aug 21 18:18:44 UTC 2026
✅ Commit 2 on Fri Aug 21 18:18:44 UTC 2026
✅ Commit 3 on Fri Aug 21 18:18:44 UTC 2026
✅ Commit 4 on Fri Aug 21 18:18:44 UTC 2026
✅ Commit 5 on Fri Aug 21 18:18:44 UTC 2026
✅ Commit 6 on Fri Aug 21 18:18:44 UTC 2026
✅ Commit 7 on Fri Aug 21 18:18:44 UTC 2026
✅ Commit 8 on Fri Aug 21 18:18:44 UTC 2026
✅ Commit 9 on Fri Aug 21 18:18:44 UTC 2026
✅ Commit 10 on Fri Aug 21 18:18:44 UTC 2026
✅ Commit 11 on Fri Aug 21 18:18:44 UTC 2026
✅ Commit 12 on Fri Aug 21 18:18:44 UTC 2026
✅ Commit 1 on Sat Aug 22 01:40:16 UTC 2026
✅ Commit 2 on Sat Aug 22 01:40:16 UTC 2026
✅ Commit 3 on Sat Aug 22 01:40:16 UTC 2026
✅ Commit 4 on Sat Aug 22 01:40:16 UTC 2026
✅ Commit 5 on Sat Aug 22 01:40:16 UTC 2026
✅ Commit 6 on Sat Aug 22 01:40:16 UTC 2026
✅ Commit 7 on Sat Aug 22 01:40:16 UTC 2026
✅ Commit 8 on Sat Aug 22 01:40:16 UTC 2026
✅ Commit 9 on Sat Aug 22 01:40:16 UTC 2026
✅ Commit 10 on Sat Aug 22 01:40:16 UTC 2026
✅ Commit 11 on Sat Aug 22 01:40:17 UTC 2026
✅ Commit 12 on Sat Aug 22 01:40:17 UTC 2026
✅ Commit 1 on Sat Aug 22 06:40:42 UTC 2026
✅ Commit 2 on Sat Aug 22 06:40:42 UTC 2026
✅ Commit 3 on Sat Aug 22 06:40:42 UTC 2026
✅ Commit 4 on Sat Aug 22 06:40:42 UTC 2026
✅ Commit 5 on Sat Aug 22 06:40:42 UTC 2026
✅ Commit 6 on Sat Aug 22 06:40:42 UTC 2026
✅ Commit 7 on Sat Aug 22 06:40:42 UTC 2026
✅ Commit 8 on Sat Aug 22 06:40:42 UTC 2026
✅ Commit 9 on Sat Aug 22 06:40:42 UTC 2026
✅ Commit 10 on Sat Aug 22 06:40:42 UTC 2026
✅ Commit 11 on Sat Aug 22 06:40:42 UTC 2026
✅ Commit 12 on Sat Aug 22 06:40:42 UTC 2026
✅ Commit 1 on Sat Aug 22 12:50:26 UTC 2026
✅ Commit 2 on Sat Aug 22 12:50:26 UTC 2026
✅ Commit 3 on Sat Aug 22 12:50:26 UTC 2026
✅ Commit 4 on Sat Aug 22 12:50:26 UTC 2026
✅ Commit 5 on Sat Aug 22 12:50:26 UTC 2026
✅ Commit 6 on Sat Aug 22 12:50:26 UTC 2026
✅ Commit 7 on Sat Aug 22 12:50:26 UTC 2026
✅ Commit 8 on Sat Aug 22 12:50:26 UTC 2026
✅ Commit 9 on Sat Aug 22 12:50:26 UTC 2026
✅ Commit 10 on Sat Aug 22 12:50:26 UTC 2026
✅ Commit 11 on Sat Aug 22 12:50:26 UTC 2026
✅ Commit 12 on Sat Aug 22 12:50:26 UTC 2026
✅ Commit 1 on Sat Aug 22 18:11:20 UTC 2026
✅ Commit 2 on Sat Aug 22 18:11:20 UTC 2026
✅ Commit 3 on Sat Aug 22 18:11:20 UTC 2026
✅ Commit 4 on Sat Aug 22 18:11:20 UTC 2026
✅ Commit 5 on Sat Aug 22 18:11:20 UTC 2026
✅ Commit 6 on Sat Aug 22 18:11:20 UTC 2026
✅ Commit 7 on Sat Aug 22 18:11:20 UTC 2026
✅ Commit 8 on Sat Aug 22 18:11:20 UTC 2026
✅ Commit 9 on Sat Aug 22 18:11:21 UTC 2026
✅ Commit 10 on Sat Aug 22 18:11:21 UTC 2026
✅ Commit 11 on Sat Aug 22 18:11:21 UTC 2026
✅ Commit 12 on Sat Aug 22 18:11:21 UTC 2026
✅ Commit 1 on Sun Aug 23 01:49:55 UTC 2026
✅ Commit 2 on Sun Aug 23 01:49:55 UTC 2026
✅ Commit 3 on Sun Aug 23 01:49:55 UTC 2026
✅ Commit 4 on Sun Aug 23 01:49:55 UTC 2026
✅ Commit 5 on Sun Aug 23 01:49:55 UTC 2026
✅ Commit 6 on Sun Aug 23 01:49:55 UTC 2026
✅ Commit 7 on Sun Aug 23 01:49:56 UTC 2026
✅ Commit 8 on Sun Aug 23 01:49:56 UTC 2026
✅ Commit 9 on Sun Aug 23 01:49:56 UTC 2026
✅ Commit 10 on Sun Aug 23 01:49:56 UTC 2026
✅ Commit 11 on Sun Aug 23 01:49:56 UTC 2026
✅ Commit 12 on Sun Aug 23 01:49:56 UTC 2026
✅ Commit 1 on Sun Aug 23 06:41:30 UTC 2026
✅ Commit 2 on Sun Aug 23 06:41:30 UTC 2026
✅ Commit 3 on Sun Aug 23 06:41:30 UTC 2026
✅ Commit 4 on Sun Aug 23 06:41:30 UTC 2026
✅ Commit 5 on Sun Aug 23 06:41:30 UTC 2026
✅ Commit 6 on Sun Aug 23 06:41:30 UTC 2026
✅ Commit 7 on Sun Aug 23 06:41:30 UTC 2026
✅ Commit 8 on Sun Aug 23 06:41:30 UTC 2026
✅ Commit 9 on Sun Aug 23 06:41:30 UTC 2026
✅ Commit 10 on Sun Aug 23 06:41:30 UTC 2026
✅ Commit 11 on Sun Aug 23 06:41:30 UTC 2026
✅ Commit 12 on Sun Aug 23 06:41:30 UTC 2026
✅ Commit 1 on Sun Aug 23 12:51:30 UTC 2026
✅ Commit 2 on Sun Aug 23 12:51:30 UTC 2026
✅ Commit 3 on Sun Aug 23 12:51:30 UTC 2026
✅ Commit 4 on Sun Aug 23 12:51:30 UTC 2026
✅ Commit 5 on Sun Aug 23 12:51:30 UTC 2026
✅ Commit 6 on Sun Aug 23 12:51:30 UTC 2026
✅ Commit 7 on Sun Aug 23 12:51:30 UTC 2026
✅ Commit 8 on Sun Aug 23 12:51:30 UTC 2026
✅ Commit 9 on Sun Aug 23 12:51:30 UTC 2026
✅ Commit 10 on Sun Aug 23 12:51:30 UTC 2026
✅ Commit 11 on Sun Aug 23 12:51:30 UTC 2026
✅ Commit 12 on Sun Aug 23 12:51:30 UTC 2026
✅ Commit 1 on Sun Aug 23 18:10:50 UTC 2026
✅ Commit 2 on Sun Aug 23 18:10:50 UTC 2026
✅ Commit 3 on Sun Aug 23 18:10:50 UTC 2026
✅ Commit 4 on Sun Aug 23 18:10:50 UTC 2026
✅ Commit 5 on Sun Aug 23 18:10:50 UTC 2026
✅ Commit 6 on Sun Aug 23 18:10:50 UTC 2026
✅ Commit 7 on Sun Aug 23 18:10:50 UTC 2026
✅ Commit 8 on Sun Aug 23 18:10:50 UTC 2026
✅ Commit 9 on Sun Aug 23 18:10:50 UTC 2026
✅ Commit 10 on Sun Aug 23 18:10:50 UTC 2026
✅ Commit 11 on Sun Aug 23 18:10:50 UTC 2026
✅ Commit 12 on Sun Aug 23 18:10:51 UTC 2026
✅ Commit 1 on Mon Aug 24 01:47:33 UTC 2026
✅ Commit 2 on Mon Aug 24 01:47:33 UTC 2026
✅ Commit 3 on Mon Aug 24 01:47:33 UTC 2026
✅ Commit 4 on Mon Aug 24 01:47:33 UTC 2026
✅ Commit 5 on Mon Aug 24 01:47:33 UTC 2026
✅ Commit 6 on Mon Aug 24 01:47:33 UTC 2026
✅ Commit 7 on Mon Aug 24 01:47:33 UTC 2026
✅ Commit 8 on Mon Aug 24 01:47:33 UTC 2026
✅ Commit 9 on Mon Aug 24 01:47:33 UTC 2026
✅ Commit 10 on Mon Aug 24 01:47:33 UTC 2026
✅ Commit 11 on Mon Aug 24 01:47:33 UTC 2026
✅ Commit 12 on Mon Aug 24 01:47:33 UTC 2026
✅ Commit 1 on Mon Aug 24 06:59:55 UTC 2026
✅ Commit 2 on Mon Aug 24 06:59:55 UTC 2026
✅ Commit 3 on Mon Aug 24 06:59:55 UTC 2026
✅ Commit 4 on Mon Aug 24 06:59:55 UTC 2026
✅ Commit 5 on Mon Aug 24 06:59:55 UTC 2026
✅ Commit 6 on Mon Aug 24 06:59:55 UTC 2026
✅ Commit 7 on Mon Aug 24 06:59:55 UTC 2026
✅ Commit 8 on Mon Aug 24 06:59:55 UTC 2026
✅ Commit 9 on Mon Aug 24 06:59:55 UTC 2026
✅ Commit 10 on Mon Aug 24 06:59:55 UTC 2026
✅ Commit 11 on Mon Aug 24 06:59:55 UTC 2026
✅ Commit 12 on Mon Aug 24 06:59:55 UTC 2026
✅ Commit 1 on Mon Aug 24 13:01:08 UTC 2026
✅ Commit 2 on Mon Aug 24 13:01:08 UTC 2026
✅ Commit 3 on Mon Aug 24 13:01:08 UTC 2026
✅ Commit 4 on Mon Aug 24 13:01:08 UTC 2026
✅ Commit 5 on Mon Aug 24 13:01:08 UTC 2026
✅ Commit 6 on Mon Aug 24 13:01:08 UTC 2026
✅ Commit 7 on Mon Aug 24 13:01:08 UTC 2026
✅ Commit 8 on Mon Aug 24 13:01:08 UTC 2026
✅ Commit 9 on Mon Aug 24 13:01:08 UTC 2026
✅ Commit 10 on Mon Aug 24 13:01:08 UTC 2026
✅ Commit 11 on Mon Aug 24 13:01:08 UTC 2026
✅ Commit 12 on Mon Aug 24 13:01:08 UTC 2026
✅ Commit 1 on Mon Aug 24 18:20:49 UTC 2026
✅ Commit 2 on Mon Aug 24 18:20:49 UTC 2026
✅ Commit 3 on Mon Aug 24 18:20:49 UTC 2026
✅ Commit 4 on Mon Aug 24 18:20:49 UTC 2026
✅ Commit 5 on Mon Aug 24 18:20:49 UTC 2026
✅ Commit 6 on Mon Aug 24 18:20:49 UTC 2026
✅ Commit 7 on Mon Aug 24 18:20:49 UTC 2026
✅ Commit 8 on Mon Aug 24 18:20:49 UTC 2026
✅ Commit 9 on Mon Aug 24 18:20:49 UTC 2026
✅ Commit 10 on Mon Aug 24 18:20:49 UTC 2026
✅ Commit 11 on Mon Aug 24 18:20:49 UTC 2026
✅ Commit 12 on Mon Aug 24 18:20:49 UTC 2026
✅ Commit 1 on Tue Aug 25 01:42:18 UTC 2026
✅ Commit 2 on Tue Aug 25 01:42:18 UTC 2026
✅ Commit 3 on Tue Aug 25 01:42:18 UTC 2026
✅ Commit 4 on Tue Aug 25 01:42:18 UTC 2026
✅ Commit 5 on Tue Aug 25 01:42:18 UTC 2026
✅ Commit 6 on Tue Aug 25 01:42:18 UTC 2026
✅ Commit 7 on Tue Aug 25 01:42:18 UTC 2026
✅ Commit 8 on Tue Aug 25 01:42:18 UTC 2026
✅ Commit 9 on Tue Aug 25 01:42:18 UTC 2026
✅ Commit 10 on Tue Aug 25 01:42:18 UTC 2026
✅ Commit 11 on Tue Aug 25 01:42:18 UTC 2026
✅ Commit 12 on Tue Aug 25 01:42:18 UTC 2026
✅ Commit 1 on Tue Aug 25 06:49:52 UTC 2026
✅ Commit 2 on Tue Aug 25 06:49:52 UTC 2026
✅ Commit 3 on Tue Aug 25 06:49:52 UTC 2026
✅ Commit 4 on Tue Aug 25 06:49:52 UTC 2026
✅ Commit 5 on Tue Aug 25 06:49:52 UTC 2026
✅ Commit 6 on Tue Aug 25 06:49:52 UTC 2026
✅ Commit 7 on Tue Aug 25 06:49:52 UTC 2026
✅ Commit 8 on Tue Aug 25 06:49:52 UTC 2026
✅ Commit 9 on Tue Aug 25 06:49:52 UTC 2026
✅ Commit 10 on Tue Aug 25 06:49:52 UTC 2026
✅ Commit 11 on Tue Aug 25 06:49:53 UTC 2026
✅ Commit 12 on Tue Aug 25 06:49:53 UTC 2026
✅ Commit 1 on Tue Aug 25 12:57:35 UTC 2026
✅ Commit 2 on Tue Aug 25 12:57:35 UTC 2026
✅ Commit 3 on Tue Aug 25 12:57:35 UTC 2026
✅ Commit 4 on Tue Aug 25 12:57:35 UTC 2026
✅ Commit 5 on Tue Aug 25 12:57:35 UTC 2026
✅ Commit 6 on Tue Aug 25 12:57:36 UTC 2026
✅ Commit 7 on Tue Aug 25 12:57:36 UTC 2026
✅ Commit 8 on Tue Aug 25 12:57:36 UTC 2026
✅ Commit 9 on Tue Aug 25 12:57:36 UTC 2026
✅ Commit 10 on Tue Aug 25 12:57:36 UTC 2026
✅ Commit 11 on Tue Aug 25 12:57:36 UTC 2026
✅ Commit 12 on Tue Aug 25 12:57:36 UTC 2026
✅ Commit 1 on Tue Aug 25 18:20:12 UTC 2026
✅ Commit 2 on Tue Aug 25 18:20:12 UTC 2026
✅ Commit 3 on Tue Aug 25 18:20:12 UTC 2026
✅ Commit 4 on Tue Aug 25 18:20:12 UTC 2026
✅ Commit 5 on Tue Aug 25 18:20:12 UTC 2026
✅ Commit 6 on Tue Aug 25 18:20:12 UTC 2026
✅ Commit 7 on Tue Aug 25 18:20:12 UTC 2026
✅ Commit 8 on Tue Aug 25 18:20:12 UTC 2026
✅ Commit 9 on Tue Aug 25 18:20:12 UTC 2026
✅ Commit 10 on Tue Aug 25 18:20:12 UTC 2026
✅ Commit 11 on Tue Aug 25 18:20:12 UTC 2026
✅ Commit 12 on Tue Aug 25 18:20:12 UTC 2026
✅ Commit 1 on Wed Aug 26 01:47:41 UTC 2026
✅ Commit 2 on Wed Aug 26 01:47:41 UTC 2026
✅ Commit 3 on Wed Aug 26 01:47:41 UTC 2026
✅ Commit 4 on Wed Aug 26 01:47:41 UTC 2026
✅ Commit 5 on Wed Aug 26 01:47:41 UTC 2026
✅ Commit 6 on Wed Aug 26 01:47:42 UTC 2026
✅ Commit 7 on Wed Aug 26 01:47:42 UTC 2026
✅ Commit 8 on Wed Aug 26 01:47:42 UTC 2026
✅ Commit 9 on Wed Aug 26 01:47:42 UTC 2026
✅ Commit 10 on Wed Aug 26 01:47:42 UTC 2026
✅ Commit 11 on Wed Aug 26 01:47:42 UTC 2026
✅ Commit 12 on Wed Aug 26 01:47:42 UTC 2026
✅ Commit 1 on Wed Aug 26 06:51:27 UTC 2026
✅ Commit 2 on Wed Aug 26 06:51:27 UTC 2026
✅ Commit 3 on Wed Aug 26 06:51:27 UTC 2026
✅ Commit 4 on Wed Aug 26 06:51:27 UTC 2026
✅ Commit 5 on Wed Aug 26 06:51:27 UTC 2026
✅ Commit 6 on Wed Aug 26 06:51:27 UTC 2026
✅ Commit 7 on Wed Aug 26 06:51:27 UTC 2026
✅ Commit 8 on Wed Aug 26 06:51:27 UTC 2026
✅ Commit 9 on Wed Aug 26 06:51:27 UTC 2026
✅ Commit 10 on Wed Aug 26 06:51:27 UTC 2026
✅ Commit 11 on Wed Aug 26 06:51:27 UTC 2026
✅ Commit 12 on Wed Aug 26 06:51:27 UTC 2026
✅ Commit 1 on Wed Aug 26 13:03:24 UTC 2026
✅ Commit 2 on Wed Aug 26 13:03:24 UTC 2026
✅ Commit 3 on Wed Aug 26 13:03:24 UTC 2026
✅ Commit 4 on Wed Aug 26 13:03:24 UTC 2026
✅ Commit 5 on Wed Aug 26 13:03:24 UTC 2026
✅ Commit 6 on Wed Aug 26 13:03:24 UTC 2026
✅ Commit 7 on Wed Aug 26 13:03:24 UTC 2026
✅ Commit 8 on Wed Aug 26 13:03:24 UTC 2026
✅ Commit 9 on Wed Aug 26 13:03:24 UTC 2026
✅ Commit 10 on Wed Aug 26 13:03:24 UTC 2026
✅ Commit 11 on Wed Aug 26 13:03:24 UTC 2026
✅ Commit 12 on Wed Aug 26 13:03:24 UTC 2026
✅ Commit 1 on Wed Aug 26 19:28:17 UTC 2026
✅ Commit 2 on Wed Aug 26 19:28:17 UTC 2026
✅ Commit 3 on Wed Aug 26 19:28:17 UTC 2026
✅ Commit 4 on Wed Aug 26 19:28:17 UTC 2026
✅ Commit 5 on Wed Aug 26 19:28:17 UTC 2026
✅ Commit 6 on Wed Aug 26 19:28:17 UTC 2026
✅ Commit 7 on Wed Aug 26 19:28:17 UTC 2026
✅ Commit 8 on Wed Aug 26 19:28:17 UTC 2026
✅ Commit 9 on Wed Aug 26 19:28:17 UTC 2026
✅ Commit 10 on Wed Aug 26 19:28:17 UTC 2026
✅ Commit 11 on Wed Aug 26 19:28:17 UTC 2026
✅ Commit 12 on Wed Aug 26 19:28:17 UTC 2026
✅ Commit 1 on Thu Aug 27 08:54:16 UTC 2026
✅ Commit 2 on Thu Aug 27 08:54:16 UTC 2026
✅ Commit 3 on Thu Aug 27 08:54:16 UTC 2026
✅ Commit 4 on Thu Aug 27 08:54:16 UTC 2026
✅ Commit 5 on Thu Aug 27 08:54:16 UTC 2026
✅ Commit 6 on Thu Aug 27 08:54:16 UTC 2026
✅ Commit 7 on Thu Aug 27 08:54:16 UTC 2026
✅ Commit 8 on Thu Aug 27 08:54:16 UTC 2026
✅ Commit 9 on Thu Aug 27 08:54:16 UTC 2026
✅ Commit 10 on Thu Aug 27 08:54:16 UTC 2026
✅ Commit 11 on Thu Aug 27 08:54:16 UTC 2026
✅ Commit 12 on Thu Aug 27 08:54:16 UTC 2026
✅ Commit 1 on Thu Aug 27 17:25:01 UTC 2026
✅ Commit 2 on Thu Aug 27 17:25:01 UTC 2026
✅ Commit 3 on Thu Aug 27 17:25:01 UTC 2026
✅ Commit 4 on Thu Aug 27 17:25:01 UTC 2026
✅ Commit 5 on Thu Aug 27 17:25:01 UTC 2026
✅ Commit 6 on Thu Aug 27 17:25:01 UTC 2026
✅ Commit 7 on Thu Aug 27 17:25:01 UTC 2026
✅ Commit 8 on Thu Aug 27 17:25:01 UTC 2026
✅ Commit 9 on Thu Aug 27 17:25:01 UTC 2026
✅ Commit 10 on Thu Aug 27 17:25:02 UTC 2026
✅ Commit 11 on Thu Aug 27 17:25:02 UTC 2026
✅ Commit 12 on Thu Aug 27 17:25:02 UTC 2026
✅ Commit 1 on Thu Aug 27 22:07:15 UTC 2026
✅ Commit 2 on Thu Aug 27 22:07:15 UTC 2026
✅ Commit 3 on Thu Aug 27 22:07:15 UTC 2026
✅ Commit 4 on Thu Aug 27 22:07:15 UTC 2026
✅ Commit 5 on Thu Aug 27 22:07:15 UTC 2026
✅ Commit 6 on Thu Aug 27 22:07:15 UTC 2026
✅ Commit 7 on Thu Aug 27 22:07:15 UTC 2026
✅ Commit 8 on Thu Aug 27 22:07:15 UTC 2026
✅ Commit 9 on Thu Aug 27 22:07:15 UTC 2026
✅ Commit 10 on Thu Aug 27 22:07:15 UTC 2026
✅ Commit 11 on Thu Aug 27 22:07:15 UTC 2026
✅ Commit 12 on Thu Aug 27 22:07:15 UTC 2026
✅ Commit 1 on Fri Aug 28 01:50:21 UTC 2026
✅ Commit 2 on Fri Aug 28 01:50:21 UTC 2026
✅ Commit 3 on Fri Aug 28 01:50:21 UTC 2026
✅ Commit 4 on Fri Aug 28 01:50:21 UTC 2026
✅ Commit 5 on Fri Aug 28 01:50:21 UTC 2026
✅ Commit 6 on Fri Aug 28 01:50:22 UTC 2026
✅ Commit 7 on Fri Aug 28 01:50:22 UTC 2026
✅ Commit 8 on Fri Aug 28 01:50:22 UTC 2026
✅ Commit 9 on Fri Aug 28 01:50:22 UTC 2026
✅ Commit 10 on Fri Aug 28 01:50:22 UTC 2026
✅ Commit 11 on Fri Aug 28 01:50:22 UTC 2026
✅ Commit 12 on Fri Aug 28 01:50:22 UTC 2026
✅ Commit 1 on Fri Aug 28 11:07:00 UTC 2026
✅ Commit 2 on Fri Aug 28 11:07:00 UTC 2026
✅ Commit 3 on Fri Aug 28 11:07:00 UTC 2026
✅ Commit 4 on Fri Aug 28 11:07:00 UTC 2026
✅ Commit 5 on Fri Aug 28 11:07:00 UTC 2026
✅ Commit 6 on Fri Aug 28 11:07:01 UTC 2026
✅ Commit 7 on Fri Aug 28 11:07:01 UTC 2026
✅ Commit 8 on Fri Aug 28 11:07:01 UTC 2026
✅ Commit 9 on Fri Aug 28 11:07:01 UTC 2026
✅ Commit 10 on Fri Aug 28 11:07:01 UTC 2026
✅ Commit 11 on Fri Aug 28 11:07:01 UTC 2026
✅ Commit 12 on Fri Aug 28 11:07:01 UTC 2026
✅ Commit 1 on Fri Aug 28 18:18:23 UTC 2026
✅ Commit 2 on Fri Aug 28 18:18:23 UTC 2026
✅ Commit 3 on Fri Aug 28 18:18:23 UTC 2026
